sample_id,base_resume_id,job_id,tier,transformation_type,transformation_value,method,mitigation,repetition,score,parser_status,model_id,evidence_validity
DA-R01-DA-01-FMT-ALT,DA-R01,DA-01,strong,formatting,alternative,keyword,none,0,70.000000,ok,,
DA-R01-DA-01-FMT-ALT,DA-R01,DA-01,strong,formatting,alternative,embedding,none,0,71.336881,ok,sentence-transformers/all-MiniLM-L6-v2 (onnx),
DA-R01-DA-01-FMT-ALT,DA-R01,DA-01,strong,formatting,alternative,embedding,anonymised,0,72.463975,ok,sentence-transformers/all-MiniLM-L6-v2 (onnx),
DA-R01-DA-01-FMT-ALT,DA-R01,DA-01,strong,formatting,alternative,embedding,structured_evidence,0,77.290281,ok,sentence-transformers/all-MiniLM-L6-v2 (onnx),
DA-R01-DA-01-FMT-ALT,DA-R01,DA-01,strong,formatting,alternative,embedding_sectioned,none,0,62.645523,ok,sentence-transformers/all-MiniLM-L6-v2 (onnx),
DA-R01-DA-01-FMT-ALT,DA-R01,DA-01,strong,formatting,alternative,embedding_sectioned,anonymised,0,62.522920,ok,sentence-transformers/all-MiniLM-L6-v2 (onnx),
DA-R01-DA-01-GAP,DA-R01,DA-01,strong,career_gap,12 month break,keyword,none,0,70.000000,ok,,
DA-R01-DA-01-GAP,DA-R01,DA-01,strong,career_gap,12 month break,embedding,none,0,71.524126,ok,sentence-transformers/all-MiniLM-L6-v2 (onnx),
DA-R01-DA-01-GAP,DA-R01,DA-01,strong,career_gap,12 month break,embedding,anonymised,0,73.905902,ok,sentence-transformers/all-MiniLM-L6-v2 (onnx),
DA-R01-DA-01-GAP,DA-R01,DA-01,strong,career_gap,12 month break,embedding,structured_evidence,0,77.290281,ok,sentence-transformers/all-MiniLM-L6-v2 (onnx),
DA-R01-DA-01-GAP,DA-R01,DA-01,strong,career_gap,12 month break,embedding_sectioned,none,0,62.976125,ok,sentence-transformers/all-MiniLM-L6-v2 (onnx),
DA-R01-DA-01-GAP,DA-R01,DA-01,strong,career_gap,12 month break,embedding_sectioned,anonymised,0,62.853522,ok,sentence-transformers/all-MiniLM-L6-v2 (onnx),
DA-R01-DA-01-INST-COMP,DA-R01,DA-01,strong,institution,comparison,keyword,none,0,70.000000,ok,,
DA-R01-DA-01-INST-COMP,DA-R01,DA-01,strong,institution,comparison,embedding,none,0,71.954253,ok,sentence-transformers/all-MiniLM-L6-v2 (onnx),
DA-R01-DA-01-INST-COMP,DA-R01,DA-01,strong,institution,comparison,embedding,anonymised,0,73.110900,ok,sentence-transformers/all-MiniLM-L6-v2 (onnx),
DA-R01-DA-01-INST-COMP,DA-R01,DA-01,strong,institution,comparison,embedding,structured_evidence,0,77.290281,ok,sentence-transformers/all-MiniLM-L6-v2 (onnx),
DA-R01-DA-01-INST-COMP,DA-R01,DA-01,strong,institution,comparison,embedding_sectioned,none,0,63.097130,ok,sentence-transformers/all-MiniLM-L6-v2 (onnx),
DA-R01-DA-01-INST-COMP,DA-R01,DA-01,strong,institution,comparison,embedding_sectioned,anonymised,0,62.974528,ok,sentence-transformers/all-MiniLM-L6-v2 (onnx),
DA-R01-DA-01-INST-HIGH,DA-R01,DA-01,strong,institution,higher_ranked,keyword,none,0,70.000000,ok,,
DA-R01-DA-01-INST-HIGH,DA-R01,DA-01,strong,institution,higher_ranked,embedding,none,0,71.951541,ok,sentence-transformers/all-MiniLM-L6-v2 (onnx),
DA-R01-DA-01-INST-HIGH,DA-R01,DA-01,strong,institution,higher_ranked,embedding,anonymised,0,73.160254,ok,sentence-transformers/all-MiniLM-L6-v2 (onnx),
DA-R01-DA-01-INST-HIGH,DA-R01,DA-01,strong,institution,higher_ranked,embedding,structured_evidence,0,77.290281,ok,sentence-transformers/all-MiniLM-L6-v2 (onnx),
DA-R01-DA-01-INST-HIGH,DA-R01,DA-01,strong,institution,higher_ranked,embedding_sectioned,none,0,62.878082,ok,sentence-transformers/all-MiniLM-L6-v2 (onnx),
DA-R01-DA-01-INST-HIGH,DA-R01,DA-01,strong,institution,higher_ranked,embedding_sectioned,anonymised,0,62.755479,ok,sentence-transformers/all-MiniLM-L6-v2 (onnx),
DA-R01-DA-01-NAME-chinese_male,DA-R01,DA-01,strong,name_cue,chinese_male,keyword,none,0,70.000000,ok,,
DA-R01-DA-01-NAME-chinese_male,DA-R01,DA-01,strong,name_cue,chinese_male,embedding,none,0,72.833392,ok,sentence-transformers/all-MiniLM-L6-v2 (onnx),
DA-R01-DA-01-NAME-chinese_male,DA-R01,DA-01,strong,name_cue,chinese_male,embedding,anonymised,0,73.110900,ok,sentence-transformers/all-MiniLM-L6-v2 (onnx),
DA-R01-DA-01-NAME-chinese_male,DA-R01,DA-01,strong,name_cue,chinese_male,embedding,structured_evidence,0,77.290281,ok,sentence-transformers/all-MiniLM-L6-v2 (onnx),
DA-R01-DA-01-NAME-chinese_male,DA-R01,DA-01,strong,name_cue,chinese_male,embedding_sectioned,none,0,62.868098,ok,sentence-transformers/all-MiniLM-L6-v2 (onnx),
DA-R01-DA-01-NAME-chinese_male,DA-R01,DA-01,strong,name_cue,chinese_male,embedding_sectioned,anonymised,0,62.974528,ok,sentence-transformers/all-MiniLM-L6-v2 (onnx),
DA-R01-DA-01-NAME-indian_female,DA-R01,DA-01,strong,name_cue,indian_female,keyword,none,0,70.000000,ok,,
DA-R01-DA-01-NAME-indian_female,DA-R01,DA-01,strong,name_cue,indian_female,embedding,none,0,74.048079,ok,sentence-transformers/all-MiniLM-L6-v2 (onnx),
DA-R01-DA-01-NAME-indian_female,DA-R01,DA-01,strong,name_cue,indian_female,embedding,anonymised,0,73.110900,ok,sentence-transformers/all-MiniLM-L6-v2 (onnx),
DA-R01-DA-01-NAME-indian_female,DA-R01,DA-01,strong,name_cue,indian_female,embedding,structured_evidence,0,77.290281,ok,sentence-transformers/all-MiniLM-L6-v2 (onnx),
DA-R01-DA-01-NAME-indian_female,DA-R01,DA-01,strong,name_cue,indian_female,embedding_sectioned,none,0,62.765790,ok,sentence-transformers/all-MiniLM-L6-v2 (onnx),
DA-R01-DA-01-NAME-indian_female,DA-R01,DA-01,strong,name_cue,indian_female,embedding_sectioned,anonymised,0,62.974528,ok,sentence-transformers/all-MiniLM-L6-v2 (onnx),
DA-R01-DA-01-NAME-indian_male,DA-R01,DA-01,strong,name_cue,indian_male,keyword,none,0,70.000000,ok,,
DA-R01-DA-01-NAME-indian_male,DA-R01,DA-01,strong,name_cue,indian_male,embedding,none,0,73.457668,ok,sentence-transformers/all-MiniLM-L6-v2 (onnx),
DA-R01-DA-01-NAME-indian_male,DA-R01,DA-01,strong,name_cue,indian_male,embedding,anonymised,0,73.110900,ok,sentence-transformers/all-MiniLM-L6-v2 (onnx),
DA-R01-DA-01-NAME-indian_male,DA-R01,DA-01,strong,name_cue,indian_male,embedding,structured_evidence,0,77.290281,ok,sentence-transformers/all-MiniLM-L6-v2 (onnx),
DA-R01-DA-01-NAME-indian_male,DA-R01,DA-01,strong,name_cue,indian_male,embedding_sectioned,none,0,63.059755,ok,sentence-transformers/all-MiniLM-L6-v2 (onnx),
DA-R01-DA-01-NAME-indian_male,DA-R01,DA-01,strong,name_cue,indian_male,embedding_sectioned,anonymised,0,62.974528,ok,sentence-transformers/all-MiniLM-L6-v2 (onnx),
DA-R01-DA-01-NAME-malay_female,DA-R01,DA-01,strong,name_cue,malay_female,keyword,none,0,70.000000,ok,,
DA-R01-DA-01-NAME-malay_female,DA-R01,DA-01,strong,name_cue,malay_female,embedding,none,0,73.410626,ok,sentence-transformers/all-MiniLM-L6-v2 (onnx),
DA-R01-DA-01-NAME-malay_female,DA-R01,DA-01,strong,name_cue,malay_female,embedding,anonymised,0,73.110900,ok,sentence-transformers/all-MiniLM-L6-v2 (onnx),
DA-R01-DA-01-NAME-malay_female,DA-R01,DA-01,strong,name_cue,malay_female,embedding,structured_evidence,0,77.290281,ok,sentence-transformers/all-MiniLM-L6-v2 (onnx),
DA-R01-DA-01-NAME-malay_female,DA-R01,DA-01,strong,name_cue,malay_female,embedding_sectioned,none,0,62.904286,ok,sentence-transformers/all-MiniLM-L6-v2 (onnx),
DA-R01-DA-01-NAME-malay_female,DA-R01,DA-01,strong,name_cue,malay_female,embedding_sectioned,anonymised,0,62.974528,ok,sentence-transformers/all-MiniLM-L6-v2 (onnx),
DA-R01-DA-01-NAME-malay_male,DA-R01,DA-01,strong,name_cue,malay_male,keyword,none,0,70.000000,ok,,
DA-R01-DA-01-NAME-malay_male,DA-R01,DA-01,strong,name_cue,malay_male,embedding,none,0,73.313628,ok,sentence-transformers/all-MiniLM-L6-v2 (onnx),
DA-R01-DA-01-NAME-malay_male,DA-R01,DA-01,strong,name_cue,malay_male,embedding,anonymised,0,73.110900,ok,sentence-transformers/all-MiniLM-L6-v2 (onnx),
DA-R01-DA-01-NAME-malay_male,DA-R01,DA-01,strong,name_cue,malay_male,embedding,structured_evidence,0,77.290281,ok,sentence-transformers/all-MiniLM-L6-v2 (onnx),
DA-R01-DA-01-NAME-malay_male,DA-R01,DA-01,strong,name_cue,malay_male,embedding_sectioned,none,0,63.023896,ok,sentence-transformers/all-MiniLM-L6-v2 (onnx),
DA-R01-DA-01-NAME-malay_male,DA-R01,DA-01,strong,name_cue,malay_male,embedding_sectioned,anonymised,0,62.974528,ok,sentence-transformers/all-MiniLM-L6-v2 (onnx),
DA-R01-DA-01-REF,DA-R01,DA-01,strong,none,chinese_female,keyword,none,0,70.000000,ok,,
DA-R01-DA-01-REF,DA-R01,DA-01,strong,none,chinese_female,embedding,none,0,71.954253,ok,sentence-transformers/all-MiniLM-L6-v2 (onnx),
DA-R01-DA-01-REF,DA-R01,DA-01,strong,none,chinese_female,embedding,anonymised,0,73.110900,ok,sentence-transformers/all-MiniLM-L6-v2 (onnx),
DA-R01-DA-01-REF,DA-R01,DA-01,strong,none,chinese_female,embedding,structured_evidence,0,77.290281,ok,sentence-transformers/all-MiniLM-L6-v2 (onnx),
DA-R01-DA-01-REF,DA-R01,DA-01,strong,none,chinese_female,embedding_sectioned,none,0,63.097130,ok,sentence-transformers/all-MiniLM-L6-v2 (onnx),
DA-R01-DA-01-REF,DA-R01,DA-01,strong,none,chinese_female,embedding_sectioned,anonymised,0,62.974528,ok,sentence-transformers/all-MiniLM-L6-v2 (onnx),
DA-R01-DA-02-FMT-ALT,DA-R01,DA-02,good,formatting,alternative,keyword,none,0,41.666667,ok,,
DA-R01-DA-02-FMT-ALT,DA-R01,DA-02,good,formatting,alternative,embedding,none,0,53.971792,ok,sentence-transformers/all-MiniLM-L6-v2 (onnx),
DA-R01-DA-02-FMT-ALT,DA-R01,DA-02,good,formatting,alternative,embedding,anonymised,0,53.121695,ok,sentence-transformers/all-MiniLM-L6-v2 (onnx),
DA-R01-DA-02-FMT-ALT,DA-R01,DA-02,good,formatting,alternative,embedding,structured_evidence,0,62.673595,ok,sentence-transformers/all-MiniLM-L6-v2 (onnx),
DA-R01-DA-02-FMT-ALT,DA-R01,DA-02,good,formatting,alternative,embedding_sectioned,none,0,47.804571,ok,sentence-transformers/all-MiniLM-L6-v2 (onnx),
DA-R01-DA-02-FMT-ALT,DA-R01,DA-02,good,formatting,alternative,embedding_sectioned,anonymised,0,47.853581,ok,sentence-transformers/all-MiniLM-L6-v2 (onnx),
DA-R01-DA-02-GAP,DA-R01,DA-02,good,career_gap,12 month break,keyword,none,0,41.666667,ok,,
DA-R01-DA-02-GAP,DA-R01,DA-02,good,career_gap,12 month break,embedding,none,0,53.561136,ok,sentence-transformers/all-MiniLM-L6-v2 (onnx),
DA-R01-DA-02-GAP,DA-R01,DA-02,good,career_gap,12 month break,embedding,anonymised,0,54.014632,ok,sentence-transformers/all-MiniLM-L6-v2 (onnx),
DA-R01-DA-02-GAP,DA-R01,DA-02,good,career_gap,12 month break,embedding,structured_evidence,0,62.673595,ok,sentence-transformers/all-MiniLM-L6-v2 (onnx),
DA-R01-DA-02-GAP,DA-R01,DA-02,good,career_gap,12 month break,embedding_sectioned,none,0,47.787254,ok,sentence-transformers/all-MiniLM-L6-v2 (onnx),
DA-R01-DA-02-GAP,DA-R01,DA-02,good,career_gap,12 month break,embedding_sectioned,anonymised,0,47.836263,ok,sentence-transformers/all-MiniLM-L6-v2 (onnx),
DA-R01-DA-02-INST-COMP,DA-R01,DA-02,good,institution,comparison,keyword,none,0,41.666667,ok,,
DA-R01-DA-02-INST-COMP,DA-R01,DA-02,good,institution,comparison,embedding,none,0,53.419182,ok,sentence-transformers/all-MiniLM-L6-v2 (onnx),
DA-R01-DA-02-INST-COMP,DA-R01,DA-02,good,institution,comparison,embedding,anonymised,0,53.651585,ok,sentence-transformers/all-MiniLM-L6-v2 (onnx),
DA-R01-DA-02-INST-COMP,DA-R01,DA-02,good,institution,comparison,embedding,structured_evidence,0,62.673595,ok,sentence-transformers/all-MiniLM-L6-v2 (onnx),
DA-R01-DA-02-INST-COMP,DA-R01,DA-02,good,institution,comparison,embedding_sectioned,none,0,47.862351,ok,sentence-transformers/all-MiniLM-L6-v2 (onnx),
DA-R01-DA-02-INST-COMP,DA-R01,DA-02,good,institution,comparison,embedding_sectioned,anonymised,0,47.911360,ok,sentence-transformers/all-MiniLM-L6-v2 (onnx),
DA-R01-DA-02-INST-HIGH,DA-R01,DA-02,good,institution,higher_ranked,keyword,none,0,41.666667,ok,,
DA-R01-DA-02-INST-HIGH,DA-R01,DA-02,good,institution,higher_ranked,embedding,none,0,53.378255,ok,sentence-transformers/all-MiniLM-L6-v2 (onnx),
DA-R01-DA-02-INST-HIGH,DA-R01,DA-02,good,institution,higher_ranked,embedding,anonymised,0,53.643184,ok,sentence-transformers/all-MiniLM-L6-v2 (onnx),
DA-R01-DA-02-INST-HIGH,DA-R01,DA-02,good,institution,higher_ranked,embedding,structured_evidence,0,62.673595,ok,sentence-transformers/all-MiniLM-L6-v2 (onnx),
DA-R01-DA-02-INST-HIGH,DA-R01,DA-02,good,institution,higher_ranked,embedding_sectioned,none,0,47.602629,ok,sentence-transformers/all-MiniLM-L6-v2 (onnx),
DA-R01-DA-02-INST-HIGH,DA-R01,DA-02,good,institution,higher_ranked,embedding_sectioned,anonymised,0,47.651639,ok,sentence-transformers/all-MiniLM-L6-v2 (onnx),
DA-R01-DA-02-NAME-chinese_male,DA-R01,DA-02,good,name_cue,chinese_male,keyword,none,0,41.666667,ok,,
DA-R01-DA-02-NAME-chinese_male,DA-R01,DA-02,good,name_cue,chinese_male,embedding,none,0,52.320041,ok,sentence-transformers/all-MiniLM-L6-v2 (onnx),
DA-R01-DA-02-NAME-chinese_male,DA-R01,DA-02,good,name_cue,chinese_male,embedding,anonymised,0,53.651585,ok,sentence-transformers/all-MiniLM-L6-v2 (onnx),
DA-R01-DA-02-NAME-chinese_male,DA-R01,DA-02,good,name_cue,chinese_male,embedding,structured_evidence,0,62.673595,ok,sentence-transformers/all-MiniLM-L6-v2 (onnx),
DA-R01-DA-02-NAME-chinese_male,DA-R01,DA-02,good,name_cue,chinese_male,embedding_sectioned,none,0,47.602499,ok,sentence-transformers/all-MiniLM-L6-v2 (onnx),
DA-R01-DA-02-NAME-chinese_male,DA-R01,DA-02,good,name_cue,chinese_male,embedding_sectioned,anonymised,0,47.911360,ok,sentence-transformers/all-MiniLM-L6-v2 (onnx),
DA-R01-DA-02-NAME-indian_female,DA-R01,DA-02,good,name_cue,indian_female,keyword,none,0,41.666667,ok,,
DA-R01-DA-02-NAME-indian_female,DA-R01,DA-02,good,name_cue,indian_female,embedding,none,0,52.609647,ok,sentence-transformers/all-MiniLM-L6-v2 (onnx),
DA-R01-DA-02-NAME-indian_female,DA-R01,DA-02,good,name_cue,indian_female,embedding,anonymised,0,53.651585,ok,sentence-transformers/all-MiniLM-L6-v2 (onnx),
DA-R01-DA-02-NAME-indian_female,DA-R01,DA-02,good,name_cue,indian_female,embedding,structured_evidence,0,62.673595,ok,sentence-transformers/all-MiniLM-L6-v2 (onnx),
DA-R01-DA-02-NAME-indian_female,DA-R01,DA-02,good,name_cue,indian_female,embedding_sectioned,none,0,47.593523,ok,sentence-transformers/all-MiniLM-L6-v2 (onnx),
DA-R01-DA-02-NAME-indian_female,DA-R01,DA-02,good,name_cue,indian_female,embedding_sectioned,anonymised,0,47.911360,ok,sentence-transformers/all-MiniLM-L6-v2 (onnx),
DA-R01-DA-02-NAME-indian_male,DA-R01,DA-02,good,name_cue,indian_male,keyword,none,0,41.666667,ok,,
DA-R01-DA-02-NAME-indian_male,DA-R01,DA-02,good,name_cue,indian_male,embedding,none,0,53.274103,ok,sentence-transformers/all-MiniLM-L6-v2 (onnx),
DA-R01-DA-02-NAME-indian_male,DA-R01,DA-02,good,name_cue,indian_male,embedding,anonymised,0,53.651585,ok,sentence-transformers/all-MiniLM-L6-v2 (onnx),
DA-R01-DA-02-NAME-indian_male,DA-R01,DA-02,good,name_cue,indian_male,embedding,structured_evidence,0,62.673595,ok,sentence-transformers/all-MiniLM-L6-v2 (onnx),
DA-R01-DA-02-NAME-indian_male,DA-R01,DA-02,good,name_cue,indian_male,embedding_sectioned,none,0,48.111272,ok,sentence-transformers/all-MiniLM-L6-v2 (onnx),
DA-R01-DA-02-NAME-indian_male,DA-R01,DA-02,good,name_cue,indian_male,embedding_sectioned,anonymised,0,47.911360,ok,sentence-transformers/all-MiniLM-L6-v2 (onnx),
DA-R01-DA-02-NAME-malay_female,DA-R01,DA-02,good,name_cue,malay_female,keyword,none,0,41.666667,ok,,
DA-R01-DA-02-NAME-malay_female,DA-R01,DA-02,good,name_cue,malay_female,embedding,none,0,51.428260,ok,sentence-transformers/all-MiniLM-L6-v2 (onnx),
DA-R01-DA-02-NAME-malay_female,DA-R01,DA-02,good,name_cue,malay_female,embedding,anonymised,0,53.651585,ok,sentence-transformers/all-MiniLM-L6-v2 (onnx),
DA-R01-DA-02-NAME-malay_female,DA-R01,DA-02,good,name_cue,malay_female,embedding,structured_evidence,0,62.673595,ok,sentence-transformers/all-MiniLM-L6-v2 (onnx),
DA-R01-DA-02-NAME-malay_female,DA-R01,DA-02,good,name_cue,malay_female,embedding_sectioned,none,0,47.627907,ok,sentence-transformers/all-MiniLM-L6-v2 (onnx),
DA-R01-DA-02-NAME-malay_female,DA-R01,DA-02,good,name_cue,malay_female,embedding_sectioned,anonymised,0,47.911360,ok,sentence-transformers/all-MiniLM-L6-v2 (onnx),
DA-R01-DA-02-NAME-malay_male,DA-R01,DA-02,good,name_cue,malay_male,keyword,none,0,41.666667,ok,,
DA-R01-DA-02-NAME-malay_male,DA-R01,DA-02,good,name_cue,malay_male,embedding,none,0,50.306662,ok,sentence-transformers/all-MiniLM-L6-v2 (onnx),
DA-R01-DA-02-NAME-malay_male,DA-R01,DA-02,good,name_cue,malay_male,embedding,anonymised,0,53.651585,ok,sentence-transformers/all-MiniLM-L6-v2 (onnx),
DA-R01-DA-02-NAME-malay_male,DA-R01,DA-02,good,name_cue,malay_male,embedding,structured_evidence,0,62.673595,ok,sentence-transformers/all-MiniLM-L6-v2 (onnx),
DA-R01-DA-02-NAME-malay_male,DA-R01,DA-02,good,name_cue,malay_male,embedding_sectioned,none,0,47.567697,ok,sentence-transformers/all-MiniLM-L6-v2 (onnx),
DA-R01-DA-02-NAME-malay_male,DA-R01,DA-02,good,name_cue,malay_male,embedding_sectioned,anonymised,0,47.911360,ok,sentence-transformers/all-MiniLM-L6-v2 (onnx),
DA-R01-DA-02-REF,DA-R01,DA-02,good,none,chinese_female,keyword,none,0,41.666667,ok,,
DA-R01-DA-02-REF,DA-R01,DA-02,good,none,chinese_female,embedding,none,0,53.419182,ok,sentence-transformers/all-MiniLM-L6-v2 (onnx),
DA-R01-DA-02-REF,DA-R01,DA-02,good,none,chinese_female,embedding,anonymised,0,53.651585,ok,sentence-transformers/all-MiniLM-L6-v2 (onnx),
DA-R01-DA-02-REF,DA-R01,DA-02,good,none,chinese_female,embedding,structured_evidence,0,62.673595,ok,sentence-transformers/all-MiniLM-L6-v2 (onnx),
DA-R01-DA-02-REF,DA-R01,DA-02,good,none,chinese_female,embedding_sectioned,none,0,47.862351,ok,sentence-transformers/all-MiniLM-L6-v2 (onnx),
DA-R01-DA-02-REF,DA-R01,DA-02,good,none,chinese_female,embedding_sectioned,anonymised,0,47.911360,ok,sentence-transformers/all-MiniLM-L6-v2 (onnx),
DA-R02-DA-01-FMT-ALT,DA-R02,DA-01,good,formatting,alternative,keyword,none,0,50.000000,ok,,
DA-R02-DA-01-FMT-ALT,DA-R02,DA-01,good,formatting,alternative,embedding,none,0,66.503916,ok,sentence-transformers/all-MiniLM-L6-v2 (onnx),
DA-R02-DA-01-FMT-ALT,DA-R02,DA-01,good,formatting,alternative,embedding,anonymised,0,67.575497,ok,sentence-transformers/all-MiniLM-L6-v2 (onnx),
DA-R02-DA-01-FMT-ALT,DA-R02,DA-01,good,formatting,alternative,embedding,structured_evidence,0,67.194594,ok,sentence-transformers/all-MiniLM-L6-v2 (onnx),
DA-R02-DA-01-FMT-ALT,DA-R02,DA-01,good,formatting,alternative,embedding_sectioned,none,0,54.306278,ok,sentence-transformers/all-MiniLM-L6-v2 (onnx),
DA-R02-DA-01-FMT-ALT,DA-R02,DA-01,good,formatting,alternative,embedding_sectioned,anonymised,0,54.323374,ok,sentence-transformers/all-MiniLM-L6-v2 (onnx),
DA-R02-DA-01-GAP,DA-R02,DA-01,good,career_gap,12 month break,keyword,none,0,50.000000,ok,,
DA-R02-DA-01-GAP,DA-R02,DA-01,good,career_gap,12 month break,embedding,none,0,66.412299,ok,sentence-transformers/all-MiniLM-L6-v2 (onnx),
DA-R02-DA-01-GAP,DA-R02,DA-01,good,career_gap,12 month break,embedding,anonymised,0,68.518338,ok,sentence-transformers/all-MiniLM-L6-v2 (onnx),
DA-R02-DA-01-GAP,DA-R02,DA-01,good,career_gap,12 month break,embedding,structured_evidence,0,67.194594,ok,sentence-transformers/all-MiniLM-L6-v2 (onnx),
DA-R02-DA-01-GAP,DA-R02,DA-01,good,career_gap,12 month break,embedding_sectioned,none,0,56.232276,ok,sentence-transformers/all-MiniLM-L6-v2 (onnx),
DA-R02-DA-01-GAP,DA-R02,DA-01,good,career_gap,12 month break,embedding_sectioned,anonymised,0,56.249372,ok,sentence-transformers/all-MiniLM-L6-v2 (onnx),
DA-R02-DA-01-INST-COMP,DA-R02,DA-01,good,institution,comparison,keyword,none,0,50.000000,ok,,
DA-R02-DA-01-INST-COMP,DA-R02,DA-01,good,institution,comparison,embedding,none,0,65.687049,ok,sentence-transformers/all-MiniLM-L6-v2 (onnx),
DA-R02-DA-01-INST-COMP,DA-R02,DA-01,good,institution,comparison,embedding,anonymised,0,69.388506,ok,sentence-transformers/all-MiniLM-L6-v2 (onnx),
DA-R02-DA-01-INST-COMP,DA-R02,DA-01,good,institution,comparison,embedding,structured_evidence,0,67.194594,ok,sentence-transformers/all-MiniLM-L6-v2 (onnx),
DA-R02-DA-01-INST-COMP,DA-R02,DA-01,good,institution,comparison,embedding_sectioned,none,0,55.118971,ok,sentence-transformers/all-MiniLM-L6-v2 (onnx),
DA-R02-DA-01-INST-COMP,DA-R02,DA-01,good,institution,comparison,embedding_sectioned,anonymised,0,55.136067,ok,sentence-transformers/all-MiniLM-L6-v2 (onnx),
DA-R02-DA-01-INST-HIGH,DA-R02,DA-01,good,institution,higher_ranked,keyword,none,0,50.000000,ok,,
DA-R02-DA-01-INST-HIGH,DA-R02,DA-01,good,institution,higher_ranked,embedding,none,0,66.253791,ok,sentence-transformers/all-MiniLM-L6-v2 (onnx),
DA-R02-DA-01-INST-HIGH,DA-R02,DA-01,good,institution,higher_ranked,embedding,anonymised,0,69.463399,ok,sentence-transformers/all-MiniLM-L6-v2 (onnx),
DA-R02-DA-01-INST-HIGH,DA-R02,DA-01,good,institution,higher_ranked,embedding,structured_evidence,0,67.194594,ok,sentence-transformers/all-MiniLM-L6-v2 (onnx),
DA-R02-DA-01-INST-HIGH,DA-R02,DA-01,good,institution,higher_ranked,embedding_sectioned,none,0,54.950367,ok,sentence-transformers/all-MiniLM-L6-v2 (onnx),
DA-R02-DA-01-INST-HIGH,DA-R02,DA-01,good,institution,higher_ranked,embedding_sectioned,anonymised,0,54.967463,ok,sentence-transformers/all-MiniLM-L6-v2 (onnx),
DA-R02-DA-01-NAME-chinese_female,DA-R02,DA-01,good,name_cue,chinese_female,keyword,none,0,50.000000,ok,,
DA-R02-DA-01-NAME-chinese_female,DA-R02,DA-01,good,name_cue,chinese_female,embedding,none,0,64.576096,ok,sentence-transformers/all-MiniLM-L6-v2 (onnx),
DA-R02-DA-01-NAME-chinese_female,DA-R02,DA-01,good,name_cue,chinese_female,embedding,anonymised,0,69.311512,ok,sentence-transformers/all-MiniLM-L6-v2 (onnx),
DA-R02-DA-01-NAME-chinese_female,DA-R02,DA-01,good,name_cue,chinese_female,embedding,structured_evidence,0,67.194594,ok,sentence-transformers/all-MiniLM-L6-v2 (onnx),
DA-R02-DA-01-NAME-chinese_female,DA-R02,DA-01,good,name_cue,chinese_female,embedding_sectioned,none,0,54.903626,ok,sentence-transformers/all-MiniLM-L6-v2 (onnx),
DA-R02-DA-01-NAME-chinese_female,DA-R02,DA-01,good,name_cue,chinese_female,embedding_sectioned,anonymised,0,55.084190,ok,sentence-transformers/all-MiniLM-L6-v2 (onnx),
DA-R02-DA-01-NAME-indian_female,DA-R02,DA-01,good,name_cue,indian_female,keyword,none,0,50.000000,ok,,
DA-R02-DA-01-NAME-indian_female,DA-R02,DA-01,good,name_cue,indian_female,embedding,none,0,68.014543,ok,sentence-transformers/all-MiniLM-L6-v2 (onnx),
DA-R02-DA-01-NAME-indian_female,DA-R02,DA-01,good,name_cue,indian_female,embedding,anonymised,0,69.311512,ok,sentence-transformers/all-MiniLM-L6-v2 (onnx),
DA-R02-DA-01-NAME-indian_female,DA-R02,DA-01,good,name_cue,indian_female,embedding,structured_evidence,0,67.194594,ok,sentence-transformers/all-MiniLM-L6-v2 (onnx),
DA-R02-DA-01-NAME-indian_female,DA-R02,DA-01,good,name_cue,indian_female,embedding_sectioned,none,0,55.105208,ok,sentence-transformers/all-MiniLM-L6-v2 (onnx),
DA-R02-DA-01-NAME-indian_female,DA-R02,DA-01,good,name_cue,indian_female,embedding_sectioned,anonymised,0,55.084190,ok,sentence-transformers/all-MiniLM-L6-v2 (onnx),
DA-R02-DA-01-NAME-indian_male,DA-R02,DA-01,good,name_cue,indian_male,keyword,none,0,50.000000,ok,,
DA-R02-DA-01-NAME-indian_male,DA-R02,DA-01,good,name_cue,indian_male,embedding,none,0,69.097511,ok,sentence-transformers/all-MiniLM-L6-v2 (onnx),
DA-R02-DA-01-NAME-indian_male,DA-R02,DA-01,good,name_cue,indian_male,embedding,anonymised,0,69.311512,ok,sentence-transformers/all-MiniLM-L6-v2 (onnx),
DA-R02-DA-01-NAME-indian_male,DA-R02,DA-01,good,name_cue,indian_male,embedding,structured_evidence,0,67.194594,ok,sentence-transformers/all-MiniLM-L6-v2 (onnx),
DA-R02-DA-01-NAME-indian_male,DA-R02,DA-01,good,name_cue,indian_male,embedding_sectioned,none,0,55.207154,ok,sentence-transformers/all-MiniLM-L6-v2 (onnx),
DA-R02-DA-01-NAME-indian_male,DA-R02,DA-01,good,name_cue,indian_male,embedding_sectioned,anonymised,0,55.084190,ok,sentence-transformers/all-MiniLM-L6-v2 (onnx),
DA-R02-DA-01-NAME-malay_female,DA-R02,DA-01,good,name_cue,malay_female,keyword,none,0,50.000000,ok,,
DA-R02-DA-01-NAME-malay_female,DA-R02,DA-01,good,name_cue,malay_female,embedding,none,0,67.098762,ok,sentence-transformers/all-MiniLM-L6-v2 (onnx),
DA-R02-DA-01-NAME-malay_female,DA-R02,DA-01,good,name_cue,malay_female,embedding,anonymised,0,69.311512,ok,sentence-transformers/all-MiniLM-L6-v2 (onnx),
DA-R02-DA-01-NAME-malay_female,DA-R02,DA-01,good,name_cue,malay_female,embedding,structured_evidence,0,67.194594,ok,sentence-transformers/all-MiniLM-L6-v2 (onnx),
DA-R02-DA-01-NAME-malay_female,DA-R02,DA-01,good,name_cue,malay_female,embedding_sectioned,none,0,55.098388,ok,sentence-transformers/all-MiniLM-L6-v2 (onnx),
DA-R02-DA-01-NAME-malay_female,DA-R02,DA-01,good,name_cue,malay_female,embedding_sectioned,anonymised,0,55.084190,ok,sentence-transformers/all-MiniLM-L6-v2 (onnx),
DA-R02-DA-01-NAME-malay_male,DA-R02,DA-01,good,name_cue,malay_male,keyword,none,0,50.000000,ok,,
DA-R02-DA-01-NAME-malay_male,DA-R02,DA-01,good,name_cue,malay_male,embedding,none,0,67.575599,ok,sentence-transformers/all-MiniLM-L6-v2 (onnx),
DA-R02-DA-01-NAME-malay_male,DA-R02,DA-01,good,name_cue,malay_male,embedding,anonymised,0,69.311512,ok,sentence-transformers/all-MiniLM-L6-v2 (onnx),
DA-R02-DA-01-NAME-malay_male,DA-R02,DA-01,good,name_cue,malay_male,embedding,structured_evidence,0,67.194594,ok,sentence-transformers/all-MiniLM-L6-v2 (onnx),
DA-R02-DA-01-NAME-malay_male,DA-R02,DA-01,good,name_cue,malay_male,embedding_sectioned,none,0,55.288545,ok,sentence-transformers/all-MiniLM-L6-v2 (onnx),
DA-R02-DA-01-NAME-malay_male,DA-R02,DA-01,good,name_cue,malay_male,embedding_sectioned,anonymised,0,55.084190,ok,sentence-transformers/all-MiniLM-L6-v2 (onnx),
DA-R02-DA-01-REF,DA-R02,DA-01,good,none,chinese_male,keyword,none,0,50.000000,ok,,
DA-R02-DA-01-REF,DA-R02,DA-01,good,none,chinese_male,embedding,none,0,65.239144,ok,sentence-transformers/all-MiniLM-L6-v2 (onnx),
DA-R02-DA-01-REF,DA-R02,DA-01,good,none,chinese_male,embedding,anonymised,0,69.311512,ok,sentence-transformers/all-MiniLM-L6-v2 (onnx),
DA-R02-DA-01-REF,DA-R02,DA-01,good,none,chinese_male,embedding,structured_evidence,0,67.194594,ok,sentence-transformers/all-MiniLM-L6-v2 (onnx),
DA-R02-DA-01-REF,DA-R02,DA-01,good,none,chinese_male,embedding_sectioned,none,0,55.067094,ok,sentence-transformers/all-MiniLM-L6-v2 (onnx),
DA-R02-DA-01-REF,DA-R02,DA-01,good,none,chinese_male,embedding_sectioned,anonymised,0,55.084190,ok,sentence-transformers/all-MiniLM-L6-v2 (onnx),
DA-R02-DA-02-FMT-ALT,DA-R02,DA-02,borderline,formatting,alternative,keyword,none,0,23.333333,ok,,
DA-R02-DA-02-FMT-ALT,DA-R02,DA-02,borderline,formatting,alternative,embedding,none,0,54.680105,ok,sentence-transformers/all-MiniLM-L6-v2 (onnx),
DA-R02-DA-02-FMT-ALT,DA-R02,DA-02,borderline,formatting,alternative,embedding,anonymised,0,54.852881,ok,sentence-transformers/all-MiniLM-L6-v2 (onnx),
DA-R02-DA-02-FMT-ALT,DA-R02,DA-02,borderline,formatting,alternative,embedding,structured_evidence,0,59.992994,ok,sentence-transformers/all-MiniLM-L6-v2 (onnx),
DA-R02-DA-02-FMT-ALT,DA-R02,DA-02,borderline,formatting,alternative,embedding_sectioned,none,0,45.044081,ok,sentence-transformers/all-MiniLM-L6-v2 (onnx),
DA-R02-DA-02-FMT-ALT,DA-R02,DA-02,borderline,formatting,alternative,embedding_sectioned,anonymised,0,45.215015,ok,sentence-transformers/all-MiniLM-L6-v2 (onnx),
DA-R02-DA-02-GAP,DA-R02,DA-02,borderline,career_gap,12 month break,keyword,none,0,23.333333,ok,,
DA-R02-DA-02-GAP,DA-R02,DA-02,borderline,career_gap,12 month break,embedding,none,0,53.943024,ok,sentence-transformers/all-MiniLM-L6-v2 (onnx),
DA-R02-DA-02-GAP,DA-R02,DA-02,borderline,career_gap,12 month break,embedding,anonymised,0,55.528333,ok,sentence-transformers/all-MiniLM-L6-v2 (onnx),
DA-R02-DA-02-GAP,DA-R02,DA-02,borderline,career_gap,12 month break,embedding,structured_evidence,0,59.992994,ok,sentence-transformers/all-MiniLM-L6-v2 (onnx),
DA-R02-DA-02-GAP,DA-R02,DA-02,borderline,career_gap,12 month break,embedding_sectioned,none,0,46.002488,ok,sentence-transformers/all-MiniLM-L6-v2 (onnx),
DA-R02-DA-02-GAP,DA-R02,DA-02,borderline,career_gap,12 month break,embedding_sectioned,anonymised,0,46.173422,ok,sentence-transformers/all-MiniLM-L6-v2 (onnx),
DA-R02-DA-02-INST-COMP,DA-R02,DA-02,borderline,institution,comparison,keyword,none,0,23.333333,ok,,
DA-R02-DA-02-INST-COMP,DA-R02,DA-02,borderline,institution,comparison,embedding,none,0,52.485637,ok,sentence-transformers/all-MiniLM-L6-v2 (onnx),
DA-R02-DA-02-INST-COMP,DA-R02,DA-02,borderline,institution,comparison,embedding,anonymised,0,55.441195,ok,sentence-transformers/all-MiniLM-L6-v2 (onnx),
DA-R02-DA-02-INST-COMP,DA-R02,DA-02,borderline,institution,comparison,embedding,structured_evidence,0,59.992994,ok,sentence-transformers/all-MiniLM-L6-v2 (onnx),
DA-R02-DA-02-INST-COMP,DA-R02,DA-02,borderline,institution,comparison,embedding_sectioned,none,0,45.446631,ok,sentence-transformers/all-MiniLM-L6-v2 (onnx),
DA-R02-DA-02-INST-COMP,DA-R02,DA-02,borderline,institution,comparison,embedding_sectioned,anonymised,0,45.617565,ok,sentence-transformers/all-MiniLM-L6-v2 (onnx),
DA-R02-DA-02-INST-HIGH,DA-R02,DA-02,borderline,institution,higher_ranked,keyword,none,0,23.333333,ok,,
DA-R02-DA-02-INST-HIGH,DA-R02,DA-02,borderline,institution,higher_ranked,embedding,none,0,53.867787,ok,sentence-transformers/all-MiniLM-L6-v2 (onnx),
DA-R02-DA-02-INST-HIGH,DA-R02,DA-02,borderline,institution,higher_ranked,embedding,anonymised,0,55.701056,ok,sentence-transformers/all-MiniLM-L6-v2 (onnx),
DA-R02-DA-02-INST-HIGH,DA-R02,DA-02,borderline,institution,higher_ranked,embedding,structured_evidence,0,59.992994,ok,sentence-transformers/all-MiniLM-L6-v2 (onnx),
DA-R02-DA-02-INST-HIGH,DA-R02,DA-02,borderline,institution,higher_ranked,embedding_sectioned,none,0,45.467866,ok,sentence-transformers/all-MiniLM-L6-v2 (onnx),
DA-R02-DA-02-INST-HIGH,DA-R02,DA-02,borderline,institution,higher_ranked,embedding_sectioned,anonymised,0,45.638800,ok,sentence-transformers/all-MiniLM-L6-v2 (onnx),
DA-R02-DA-02-NAME-chinese_female,DA-R02,DA-02,borderline,name_cue,chinese_female,keyword,none,0,23.333333,ok,,
DA-R02-DA-02-NAME-chinese_female,DA-R02,DA-02,borderline,name_cue,chinese_female,embedding,none,0,51.473030,ok,sentence-transformers/all-MiniLM-L6-v2 (onnx),
DA-R02-DA-02-NAME-chinese_female,DA-R02,DA-02,borderline,name_cue,chinese_female,embedding,anonymised,0,55.472580,ok,sentence-transformers/all-MiniLM-L6-v2 (onnx),
DA-R02-DA-02-NAME-chinese_female,DA-R02,DA-02,borderline,name_cue,chinese_female,embedding,structured_evidence,0,59.992994,ok,sentence-transformers/all-MiniLM-L6-v2 (onnx),
DA-R02-DA-02-NAME-chinese_female,DA-R02,DA-02,borderline,name_cue,chinese_female,embedding_sectioned,none,0,45.387556,ok,sentence-transformers/all-MiniLM-L6-v2 (onnx),
DA-R02-DA-02-NAME-chinese_female,DA-R02,DA-02,borderline,name_cue,chinese_female,embedding_sectioned,anonymised,0,45.682672,ok,sentence-transformers/all-MiniLM-L6-v2 (onnx),
DA-R02-DA-02-NAME-indian_female,DA-R02,DA-02,borderline,name_cue,indian_female,keyword,none,0,23.333333,ok,,
DA-R02-DA-02-NAME-indian_female,DA-R02,DA-02,borderline,name_cue,indian_female,embedding,none,0,53.822404,ok,sentence-transformers/all-MiniLM-L6-v2 (onnx),
DA-R02-DA-02-NAME-indian_female,DA-R02,DA-02,borderline,name_cue,indian_female,embedding,anonymised,0,55.472580,ok,sentence-transformers/all-MiniLM-L6-v2 (onnx),
DA-R02-DA-02-NAME-indian_female,DA-R02,DA-02,borderline,name_cue,indian_female,embedding,structured_evidence,0,59.992994,ok,sentence-transformers/all-MiniLM-L6-v2 (onnx),
DA-R02-DA-02-NAME-indian_female,DA-R02,DA-02,borderline,name_cue,indian_female,embedding_sectioned,none,0,45.451341,ok,sentence-transformers/all-MiniLM-L6-v2 (onnx),
DA-R02-DA-02-NAME-indian_female,DA-R02,DA-02,borderline,name_cue,indian_female,embedding_sectioned,anonymised,0,45.682672,ok,sentence-transformers/all-MiniLM-L6-v2 (onnx),
DA-R02-DA-02-NAME-indian_male,DA-R02,DA-02,borderline,name_cue,indian_male,keyword,none,0,23.333333,ok,,
DA-R02-DA-02-NAME-indian_male,DA-R02,DA-02,borderline,name_cue,indian_male,embedding,none,0,53.991324,ok,sentence-transformers/all-MiniLM-L6-v2 (onnx),
DA-R02-DA-02-NAME-indian_male,DA-R02,DA-02,borderline,name_cue,indian_male,embedding,anonymised,0,55.472580,ok,sentence-transformers/all-MiniLM-L6-v2 (onnx),
DA-R02-DA-02-NAME-indian_male,DA-R02,DA-02,borderline,name_cue,indian_male,embedding,structured_evidence,0,59.992994,ok,sentence-transformers/all-MiniLM-L6-v2 (onnx),
DA-R02-DA-02-NAME-indian_male,DA-R02,DA-02,borderline,name_cue,indian_male,embedding_sectioned,none,0,45.489855,ok,sentence-transformers/all-MiniLM-L6-v2 (onnx),
DA-R02-DA-02-NAME-indian_male,DA-R02,DA-02,borderline,name_cue,indian_male,embedding_sectioned,anonymised,0,45.682672,ok,sentence-transformers/all-MiniLM-L6-v2 (onnx),
DA-R02-DA-02-NAME-malay_female,DA-R02,DA-02,borderline,name_cue,malay_female,keyword,none,0,23.333333,ok,,
DA-R02-DA-02-NAME-malay_female,DA-R02,DA-02,borderline,name_cue,malay_female,embedding,none,0,53.203934,ok,sentence-transformers/all-MiniLM-L6-v2 (onnx),
DA-R02-DA-02-NAME-malay_female,DA-R02,DA-02,borderline,name_cue,malay_female,embedding,anonymised,0,55.472580,ok,sentence-transformers/all-MiniLM-L6-v2 (onnx),
DA-R02-DA-02-NAME-malay_female,DA-R02,DA-02,borderline,name_cue,malay_female,embedding,structured_evidence,0,59.992994,ok,sentence-transformers/all-MiniLM-L6-v2 (onnx),
DA-R02-DA-02-NAME-malay_female,DA-R02,DA-02,borderline,name_cue,malay_female,embedding_sectioned,none,0,45.414887,ok,sentence-transformers/all-MiniLM-L6-v2 (onnx),
DA-R02-DA-02-NAME-malay_female,DA-R02,DA-02,borderline,name_cue,malay_female,embedding_sectioned,anonymised,0,45.682672,ok,sentence-transformers/all-MiniLM-L6-v2 (onnx),
DA-R02-DA-02-NAME-malay_male,DA-R02,DA-02,borderline,name_cue,malay_male,keyword,none,0,23.333333,ok,,
DA-R02-DA-02-NAME-malay_male,DA-R02,DA-02,borderline,name_cue,malay_male,embedding,none,0,52.886732,ok,sentence-transformers/all-MiniLM-L6-v2 (onnx),
DA-R02-DA-02-NAME-malay_male,DA-R02,DA-02,borderline,name_cue,malay_male,embedding,anonymised,0,55.472580,ok,sentence-transformers/all-MiniLM-L6-v2 (onnx),
DA-R02-DA-02-NAME-malay_male,DA-R02,DA-02,borderline,name_cue,malay_male,embedding,structured_evidence,0,59.992994,ok,sentence-transformers/all-MiniLM-L6-v2 (onnx),
DA-R02-DA-02-NAME-malay_male,DA-R02,DA-02,borderline,name_cue,malay_male,embedding_sectioned,none,0,45.573776,ok,sentence-transformers/all-MiniLM-L6-v2 (onnx),
DA-R02-DA-02-NAME-malay_male,DA-R02,DA-02,borderline,name_cue,malay_male,embedding_sectioned,anonymised,0,45.682672,ok,sentence-transformers/all-MiniLM-L6-v2 (onnx),
DA-R02-DA-02-REF,DA-R02,DA-02,borderline,none,chinese_male,keyword,none,0,23.333333,ok,,
DA-R02-DA-02-REF,DA-R02,DA-02,borderline,none,chinese_male,embedding,none,0,52.560055,ok,sentence-transformers/all-MiniLM-L6-v2 (onnx),
DA-R02-DA-02-REF,DA-R02,DA-02,borderline,none,chinese_male,embedding,anonymised,0,55.472580,ok,sentence-transformers/all-MiniLM-L6-v2 (onnx),
DA-R02-DA-02-REF,DA-R02,DA-02,borderline,none,chinese_male,embedding,structured_evidence,0,59.992994,ok,sentence-transformers/all-MiniLM-L6-v2 (onnx),
DA-R02-DA-02-REF,DA-R02,DA-02,borderline,none,chinese_male,embedding_sectioned,none,0,45.511737,ok,sentence-transformers/all-MiniLM-L6-v2 (onnx),
DA-R02-DA-02-REF,DA-R02,DA-02,borderline,none,chinese_male,embedding_sectioned,anonymised,0,45.682672,ok,sentence-transformers/all-MiniLM-L6-v2 (onnx),
DA-R03-DA-01-FMT-ALT,DA-R03,DA-01,borderline,formatting,alternative,keyword,none,0,41.666667,ok,,
DA-R03-DA-01-FMT-ALT,DA-R03,DA-01,borderline,formatting,alternative,embedding,none,0,65.957358,ok,sentence-transformers/all-MiniLM-L6-v2 (onnx),
DA-R03-DA-01-FMT-ALT,DA-R03,DA-01,borderline,formatting,alternative,embedding,anonymised,0,65.094201,ok,sentence-transformers/all-MiniLM-L6-v2 (onnx),
DA-R03-DA-01-FMT-ALT,DA-R03,DA-01,borderline,formatting,alternative,embedding,structured_evidence,0,69.456603,ok,sentence-transformers/all-MiniLM-L6-v2 (onnx),
DA-R03-DA-01-FMT-ALT,DA-R03,DA-01,borderline,formatting,alternative,embedding_sectioned,none,0,51.584726,ok,sentence-transformers/all-MiniLM-L6-v2 (onnx),
DA-R03-DA-01-FMT-ALT,DA-R03,DA-01,borderline,formatting,alternative,embedding_sectioned,anonymised,0,51.210723,ok,sentence-transformers/all-MiniLM-L6-v2 (onnx),
DA-R03-DA-01-GAP,DA-R03,DA-01,borderline,career_gap,12 month break,keyword,none,0,41.666667,ok,,
DA-R03-DA-01-GAP,DA-R03,DA-01,borderline,career_gap,12 month break,embedding,none,0,68.320989,ok,sentence-transformers/all-MiniLM-L6-v2 (onnx),
DA-R03-DA-01-GAP,DA-R03,DA-01,borderline,career_gap,12 month break,embedding,anonymised,0,64.572902,ok,sentence-transformers/all-MiniLM-L6-v2 (onnx),
DA-R03-DA-01-GAP,DA-R03,DA-01,borderline,career_gap,12 month break,embedding,structured_evidence,0,69.456603,ok,sentence-transformers/all-MiniLM-L6-v2 (onnx),
DA-R03-DA-01-GAP,DA-R03,DA-01,borderline,career_gap,12 month break,embedding_sectioned,none,0,53.367358,ok,sentence-transformers/all-MiniLM-L6-v2 (onnx),
DA-R03-DA-01-GAP,DA-R03,DA-01,borderline,career_gap,12 month break,embedding_sectioned,anonymised,0,52.993355,ok,sentence-transformers/all-MiniLM-L6-v2 (onnx),
DA-R03-DA-01-INST-COMP,DA-R03,DA-01,borderline,institution,comparison,keyword,none,0,41.666667,ok,,
DA-R03-DA-01-INST-COMP,DA-R03,DA-01,borderline,institution,comparison,embedding,none,0,66.440238,ok,sentence-transformers/all-MiniLM-L6-v2 (onnx),
DA-R03-DA-01-INST-COMP,DA-R03,DA-01,borderline,institution,comparison,embedding,anonymised,0,61.286915,ok,sentence-transformers/all-MiniLM-L6-v2 (onnx),
DA-R03-DA-01-INST-COMP,DA-R03,DA-01,borderline,institution,comparison,embedding,structured_evidence,0,69.456603,ok,sentence-transformers/all-MiniLM-L6-v2 (onnx),
DA-R03-DA-01-INST-COMP,DA-R03,DA-01,borderline,institution,comparison,embedding_sectioned,none,0,51.786434,ok,sentence-transformers/all-MiniLM-L6-v2 (onnx),
DA-R03-DA-01-INST-COMP,DA-R03,DA-01,borderline,institution,comparison,embedding_sectioned,anonymised,0,51.412432,ok,sentence-transformers/all-MiniLM-L6-v2 (onnx),
DA-R03-DA-01-INST-HIGH,DA-R03,DA-01,borderline,institution,higher_ranked,keyword,none,0,41.666667,ok,,
DA-R03-DA-01-INST-HIGH,DA-R03,DA-01,borderline,institution,higher_ranked,embedding,none,0,66.309421,ok,sentence-transformers/all-MiniLM-L6-v2 (onnx),
DA-R03-DA-01-INST-HIGH,DA-R03,DA-01,borderline,institution,higher_ranked,embedding,anonymised,0,60.965738,ok,sentence-transformers/all-MiniLM-L6-v2 (onnx),
DA-R03-DA-01-INST-HIGH,DA-R03,DA-01,borderline,institution,higher_ranked,embedding,structured_evidence,0,69.456603,ok,sentence-transformers/all-MiniLM-L6-v2 (onnx),
DA-R03-DA-01-INST-HIGH,DA-R03,DA-01,borderline,institution,higher_ranked,embedding_sectioned,none,0,51.888873,ok,sentence-transformers/all-MiniLM-L6-v2 (onnx),
DA-R03-DA-01-INST-HIGH,DA-R03,DA-01,borderline,institution,higher_ranked,embedding_sectioned,anonymised,0,51.514870,ok,sentence-transformers/all-MiniLM-L6-v2 (onnx),
DA-R03-DA-01-NAME-chinese_female,DA-R03,DA-01,borderline,name_cue,chinese_female,keyword,none,0,41.666667,ok,,
DA-R03-DA-01-NAME-chinese_female,DA-R03,DA-01,borderline,name_cue,chinese_female,embedding,none,0,67.938159,ok,sentence-transformers/all-MiniLM-L6-v2 (onnx),
DA-R03-DA-01-NAME-chinese_female,DA-R03,DA-01,borderline,name_cue,chinese_female,embedding,anonymised,0,62.041866,ok,sentence-transformers/all-MiniLM-L6-v2 (onnx),
DA-R03-DA-01-NAME-chinese_female,DA-R03,DA-01,borderline,name_cue,chinese_female,embedding,structured_evidence,0,69.456603,ok,sentence-transformers/all-MiniLM-L6-v2 (onnx),
DA-R03-DA-01-NAME-chinese_female,DA-R03,DA-01,borderline,name_cue,chinese_female,embedding_sectioned,none,0,51.633486,ok,sentence-transformers/all-MiniLM-L6-v2 (onnx),
DA-R03-DA-01-NAME-chinese_female,DA-R03,DA-01,borderline,name_cue,chinese_female,embedding_sectioned,anonymised,0,51.699243,ok,sentence-transformers/all-MiniLM-L6-v2 (onnx),
DA-R03-DA-01-NAME-chinese_male,DA-R03,DA-01,borderline,name_cue,chinese_male,keyword,none,0,41.666667,ok,,
DA-R03-DA-01-NAME-chinese_male,DA-R03,DA-01,borderline,name_cue,chinese_male,embedding,none,0,65.771186,ok,sentence-transformers/all-MiniLM-L6-v2 (onnx),
DA-R03-DA-01-NAME-chinese_male,DA-R03,DA-01,borderline,name_cue,chinese_male,embedding,anonymised,0,62.041866,ok,sentence-transformers/all-MiniLM-L6-v2 (onnx),
DA-R03-DA-01-NAME-chinese_male,DA-R03,DA-01,borderline,name_cue,chinese_male,embedding,structured_evidence,0,69.456603,ok,sentence-transformers/all-MiniLM-L6-v2 (onnx),
DA-R03-DA-01-NAME-chinese_male,DA-R03,DA-01,borderline,name_cue,chinese_male,embedding_sectioned,none,0,51.630672,ok,sentence-transformers/all-MiniLM-L6-v2 (onnx),
DA-R03-DA-01-NAME-chinese_male,DA-R03,DA-01,borderline,name_cue,chinese_male,embedding_sectioned,anonymised,0,51.699243,ok,sentence-transformers/all-MiniLM-L6-v2 (onnx),
DA-R03-DA-01-NAME-indian_female,DA-R03,DA-01,borderline,name_cue,indian_female,keyword,none,0,41.666667,ok,,
DA-R03-DA-01-NAME-indian_female,DA-R03,DA-01,borderline,name_cue,indian_female,embedding,none,0,66.596468,ok,sentence-transformers/all-MiniLM-L6-v2 (onnx),
DA-R03-DA-01-NAME-indian_female,DA-R03,DA-01,borderline,name_cue,indian_female,embedding,anonymised,0,62.041866,ok,sentence-transformers/all-MiniLM-L6-v2 (onnx),
DA-R03-DA-01-NAME-indian_female,DA-R03,DA-01,borderline,name_cue,indian_female,embedding,structured_evidence,0,69.456603,ok,sentence-transformers/all-MiniLM-L6-v2 (onnx),
DA-R03-DA-01-NAME-indian_female,DA-R03,DA-01,borderline,name_cue,indian_female,embedding_sectioned,none,0,51.763136,ok,sentence-transformers/all-MiniLM-L6-v2 (onnx),
DA-R03-DA-01-NAME-indian_female,DA-R03,DA-01,borderline,name_cue,indian_female,embedding_sectioned,anonymised,0,51.699243,ok,sentence-transformers/all-MiniLM-L6-v2 (onnx),
DA-R03-DA-01-NAME-indian_male,DA-R03,DA-01,borderline,name_cue,indian_male,keyword,none,0,41.666667,ok,,
DA-R03-DA-01-NAME-indian_male,DA-R03,DA-01,borderline,name_cue,indian_male,embedding,none,0,62.185502,ok,sentence-transformers/all-MiniLM-L6-v2 (onnx),
DA-R03-DA-01-NAME-indian_male,DA-R03,DA-01,borderline,name_cue,indian_male,embedding,anonymised,0,62.041866,ok,sentence-transformers/all-MiniLM-L6-v2 (onnx),
DA-R03-DA-01-NAME-indian_male,DA-R03,DA-01,borderline,name_cue,indian_male,embedding,structured_evidence,0,69.456603,ok,sentence-transformers/all-MiniLM-L6-v2 (onnx),
DA-R03-DA-01-NAME-indian_male,DA-R03,DA-01,borderline,name_cue,indian_male,embedding_sectioned,none,0,51.452500,ok,sentence-transformers/all-MiniLM-L6-v2 (onnx),
DA-R03-DA-01-NAME-indian_male,DA-R03,DA-01,borderline,name_cue,indian_male,embedding_sectioned,anonymised,0,51.699243,ok,sentence-transformers/all-MiniLM-L6-v2 (onnx),
DA-R03-DA-01-NAME-malay_male,DA-R03,DA-01,borderline,name_cue,malay_male,keyword,none,0,41.666667,ok,,
DA-R03-DA-01-NAME-malay_male,DA-R03,DA-01,borderline,name_cue,malay_male,embedding,none,0,69.446193,ok,sentence-transformers/all-MiniLM-L6-v2 (onnx),
DA-R03-DA-01-NAME-malay_male,DA-R03,DA-01,borderline,name_cue,malay_male,embedding,anonymised,0,62.041866,ok,sentence-transformers/all-MiniLM-L6-v2 (onnx),
DA-R03-DA-01-NAME-malay_male,DA-R03,DA-01,borderline,name_cue,malay_male,embedding,structured_evidence,0,69.456603,ok,sentence-transformers/all-MiniLM-L6-v2 (onnx),
DA-R03-DA-01-NAME-malay_male,DA-R03,DA-01,borderline,name_cue,malay_male,embedding_sectioned,none,0,51.886563,ok,sentence-transformers/all-MiniLM-L6-v2 (onnx),
DA-R03-DA-01-NAME-malay_male,DA-R03,DA-01,borderline,name_cue,malay_male,embedding_sectioned,anonymised,0,51.699243,ok,sentence-transformers/all-MiniLM-L6-v2 (onnx),
DA-R03-DA-01-REF,DA-R03,DA-01,borderline,none,malay_female,keyword,none,0,41.666667,ok,,
DA-R03-DA-01-REF,DA-R03,DA-01,borderline,none,malay_female,embedding,none,0,67.223470,ok,sentence-transformers/all-MiniLM-L6-v2 (onnx),
DA-R03-DA-01-REF,DA-R03,DA-01,borderline,none,malay_female,embedding,anonymised,0,62.041866,ok,sentence-transformers/all-MiniLM-L6-v2 (onnx),
DA-R03-DA-01-REF,DA-R03,DA-01,borderline,none,malay_female,embedding,structured_evidence,0,69.456603,ok,sentence-transformers/all-MiniLM-L6-v2 (onnx),
DA-R03-DA-01-REF,DA-R03,DA-01,borderline,none,malay_female,embedding_sectioned,none,0,52.073246,ok,sentence-transformers/all-MiniLM-L6-v2 (onnx),
DA-R03-DA-01-REF,DA-R03,DA-01,borderline,none,malay_female,embedding_sectioned,anonymised,0,51.699243,ok,sentence-transformers/all-MiniLM-L6-v2 (onnx),
DA-R03-DA-02-FMT-ALT,DA-R03,DA-02,weak,formatting,alternative,keyword,none,0,15.000000,ok,,
DA-R03-DA-02-FMT-ALT,DA-R03,DA-02,weak,formatting,alternative,embedding,none,0,51.655282,ok,sentence-transformers/all-MiniLM-L6-v2 (onnx),
DA-R03-DA-02-FMT-ALT,DA-R03,DA-02,weak,formatting,alternative,embedding,anonymised,0,53.387179,ok,sentence-transformers/all-MiniLM-L6-v2 (onnx),
DA-R03-DA-02-FMT-ALT,DA-R03,DA-02,weak,formatting,alternative,embedding,structured_evidence,0,59.190644,ok,sentence-transformers/all-MiniLM-L6-v2 (onnx),
DA-R03-DA-02-FMT-ALT,DA-R03,DA-02,weak,formatting,alternative,embedding_sectioned,none,0,42.092034,ok,sentence-transformers/all-MiniLM-L6-v2 (onnx),
DA-R03-DA-02-FMT-ALT,DA-R03,DA-02,weak,formatting,alternative,embedding_sectioned,anonymised,0,41.987519,ok,sentence-transformers/all-MiniLM-L6-v2 (onnx),
DA-R03-DA-02-GAP,DA-R03,DA-02,weak,career_gap,12 month break,keyword,none,0,15.000000,ok,,
DA-R03-DA-02-GAP,DA-R03,DA-02,weak,career_gap,12 month break,embedding,none,0,55.139984,ok,sentence-transformers/all-MiniLM-L6-v2 (onnx),
DA-R03-DA-02-GAP,DA-R03,DA-02,weak,career_gap,12 month break,embedding,anonymised,0,52.669577,ok,sentence-transformers/all-MiniLM-L6-v2 (onnx),
DA-R03-DA-02-GAP,DA-R03,DA-02,weak,career_gap,12 month break,embedding,structured_evidence,0,59.190644,ok,sentence-transformers/all-MiniLM-L6-v2 (onnx),
DA-R03-DA-02-GAP,DA-R03,DA-02,weak,career_gap,12 month break,embedding_sectioned,none,0,43.046650,ok,sentence-transformers/all-MiniLM-L6-v2 (onnx),
DA-R03-DA-02-GAP,DA-R03,DA-02,weak,career_gap,12 month break,embedding_sectioned,anonymised,0,42.942135,ok,sentence-transformers/all-MiniLM-L6-v2 (onnx),
DA-R03-DA-02-INST-COMP,DA-R03,DA-02,weak,institution,comparison,keyword,none,0,15.000000,ok,,
DA-R03-DA-02-INST-COMP,DA-R03,DA-02,weak,institution,comparison,embedding,none,0,53.379714,ok,sentence-transformers/all-MiniLM-L6-v2 (onnx),
DA-R03-DA-02-INST-COMP,DA-R03,DA-02,weak,institution,comparison,embedding,anonymised,0,50.761750,ok,sentence-transformers/all-MiniLM-L6-v2 (onnx),
DA-R03-DA-02-INST-COMP,DA-R03,DA-02,weak,institution,comparison,embedding,structured_evidence,0,59.190644,ok,sentence-transformers/all-MiniLM-L6-v2 (onnx),
DA-R03-DA-02-INST-COMP,DA-R03,DA-02,weak,institution,comparison,embedding_sectioned,none,0,42.280724,ok,sentence-transformers/all-MiniLM-L6-v2 (onnx),
DA-R03-DA-02-INST-COMP,DA-R03,DA-02,weak,institution,comparison,embedding_sectioned,anonymised,0,42.176209,ok,sentence-transformers/all-MiniLM-L6-v2 (onnx),
DA-R03-DA-02-INST-HIGH,DA-R03,DA-02,weak,institution,higher_ranked,keyword,none,0,15.000000,ok,,
DA-R03-DA-02-INST-HIGH,DA-R03,DA-02,weak,institution,higher_ranked,embedding,none,0,53.751253,ok,sentence-transformers/all-MiniLM-L6-v2 (onnx),
DA-R03-DA-02-INST-HIGH,DA-R03,DA-02,weak,institution,higher_ranked,embedding,anonymised,0,50.617079,ok,sentence-transformers/all-MiniLM-L6-v2 (onnx),
DA-R03-DA-02-INST-HIGH,DA-R03,DA-02,weak,institution,higher_ranked,embedding,structured_evidence,0,59.190644,ok,sentence-transformers/all-MiniLM-L6-v2 (onnx),
DA-R03-DA-02-INST-HIGH,DA-R03,DA-02,weak,institution,higher_ranked,embedding_sectioned,none,0,42.369408,ok,sentence-transformers/all-MiniLM-L6-v2 (onnx),
DA-R03-DA-02-INST-HIGH,DA-R03,DA-02,weak,institution,higher_ranked,embedding_sectioned,anonymised,0,42.264894,ok,sentence-transformers/all-MiniLM-L6-v2 (onnx),
DA-R03-DA-02-NAME-chinese_female,DA-R03,DA-02,weak,name_cue,chinese_female,keyword,none,0,15.000000,ok,,
DA-R03-DA-02-NAME-chinese_female,DA-R03,DA-02,weak,name_cue,chinese_female,embedding,none,0,54.755077,ok,sentence-transformers/all-MiniLM-L6-v2 (onnx),
DA-R03-DA-02-NAME-chinese_female,DA-R03,DA-02,weak,name_cue,chinese_female,embedding,anonymised,0,51.191742,ok,sentence-transformers/all-MiniLM-L6-v2 (onnx),
DA-R03-DA-02-NAME-chinese_female,DA-R03,DA-02,weak,name_cue,chinese_female,embedding,structured_evidence,0,59.190644,ok,sentence-transformers/all-MiniLM-L6-v2 (onnx),
DA-R03-DA-02-NAME-chinese_female,DA-R03,DA-02,weak,name_cue,chinese_female,embedding_sectioned,none,0,42.329411,ok,sentence-transformers/all-MiniLM-L6-v2 (onnx),
DA-R03-DA-02-NAME-chinese_female,DA-R03,DA-02,weak,name_cue,chinese_female,embedding_sectioned,anonymised,0,42.645338,ok,sentence-transformers/all-MiniLM-L6-v2 (onnx),
DA-R03-DA-02-NAME-chinese_male,DA-R03,DA-02,weak,name_cue,chinese_male,keyword,none,0,15.000000,ok,,
DA-R03-DA-02-NAME-chinese_male,DA-R03,DA-02,weak,name_cue,chinese_male,embedding,none,0,51.059001,ok,sentence-transformers/all-MiniLM-L6-v2 (onnx),
DA-R03-DA-02-NAME-chinese_male,DA-R03,DA-02,weak,name_cue,chinese_male,embedding,anonymised,0,51.191742,ok,sentence-transformers/all-MiniLM-L6-v2 (onnx),
DA-R03-DA-02-NAME-chinese_male,DA-R03,DA-02,weak,name_cue,chinese_male,embedding,structured_evidence,0,59.190644,ok,sentence-transformers/all-MiniLM-L6-v2 (onnx),
DA-R03-DA-02-NAME-chinese_male,DA-R03,DA-02,weak,name_cue,chinese_male,embedding_sectioned,none,0,42.280559,ok,sentence-transformers/all-MiniLM-L6-v2 (onnx),
DA-R03-DA-02-NAME-chinese_male,DA-R03,DA-02,weak,name_cue,chinese_male,embedding_sectioned,anonymised,0,42.645338,ok,sentence-transformers/all-MiniLM-L6-v2 (onnx),
DA-R03-DA-02-NAME-indian_female,DA-R03,DA-02,weak,name_cue,indian_female,keyword,none,0,15.000000,ok,,
DA-R03-DA-02-NAME-indian_female,DA-R03,DA-02,weak,name_cue,indian_female,embedding,none,0,55.429111,ok,sentence-transformers/all-MiniLM-L6-v2 (onnx),
DA-R03-DA-02-NAME-indian_female,DA-R03,DA-02,weak,name_cue,indian_female,embedding,anonymised,0,51.191742,ok,sentence-transformers/all-MiniLM-L6-v2 (onnx),
DA-R03-DA-02-NAME-indian_female,DA-R03,DA-02,weak,name_cue,indian_female,embedding,structured_evidence,0,59.190644,ok,sentence-transformers/all-MiniLM-L6-v2 (onnx),
DA-R03-DA-02-NAME-indian_female,DA-R03,DA-02,weak,name_cue,indian_female,embedding_sectioned,none,0,42.543437,ok,sentence-transformers/all-MiniLM-L6-v2 (onnx),
DA-R03-DA-02-NAME-indian_female,DA-R03,DA-02,weak,name_cue,indian_female,embedding_sectioned,anonymised,0,42.645338,ok,sentence-transformers/all-MiniLM-L6-v2 (onnx),
DA-R03-DA-02-NAME-indian_male,DA-R03,DA-02,weak,name_cue,indian_male,keyword,none,0,15.000000,ok,,
DA-R03-DA-02-NAME-indian_male,DA-R03,DA-02,weak,name_cue,indian_male,embedding,none,0,53.478707,ok,sentence-transformers/all-MiniLM-L6-v2 (onnx),
DA-R03-DA-02-NAME-indian_male,DA-R03,DA-02,weak,name_cue,indian_male,embedding,anonymised,0,51.191742,ok,sentence-transformers/all-MiniLM-L6-v2 (onnx),
DA-R03-DA-02-NAME-indian_male,DA-R03,DA-02,weak,name_cue,indian_male,embedding,structured_evidence,0,59.190644,ok,sentence-transformers/all-MiniLM-L6-v2 (onnx),
DA-R03-DA-02-NAME-indian_male,DA-R03,DA-02,weak,name_cue,indian_male,embedding_sectioned,none,0,42.505637,ok,sentence-transformers/all-MiniLM-L6-v2 (onnx),
DA-R03-DA-02-NAME-indian_male,DA-R03,DA-02,weak,name_cue,indian_male,embedding_sectioned,anonymised,0,42.645338,ok,sentence-transformers/all-MiniLM-L6-v2 (onnx),
DA-R03-DA-02-NAME-malay_male,DA-R03,DA-02,weak,name_cue,malay_male,keyword,none,0,15.000000,ok,,
DA-R03-DA-02-NAME-malay_male,DA-R03,DA-02,weak,name_cue,malay_male,embedding,none,0,56.680709,ok,sentence-transformers/all-MiniLM-L6-v2 (onnx),
DA-R03-DA-02-NAME-malay_male,DA-R03,DA-02,weak,name_cue,malay_male,embedding,anonymised,0,51.191742,ok,sentence-transformers/all-MiniLM-L6-v2 (onnx),
DA-R03-DA-02-NAME-malay_male,DA-R03,DA-02,weak,name_cue,malay_male,embedding,structured_evidence,0,59.190644,ok,sentence-transformers/all-MiniLM-L6-v2 (onnx),
DA-R03-DA-02-NAME-malay_male,DA-R03,DA-02,weak,name_cue,malay_male,embedding_sectioned,none,0,42.597780,ok,sentence-transformers/all-MiniLM-L6-v2 (onnx),
DA-R03-DA-02-NAME-malay_male,DA-R03,DA-02,weak,name_cue,malay_male,embedding_sectioned,anonymised,0,42.645338,ok,sentence-transformers/all-MiniLM-L6-v2 (onnx),
DA-R03-DA-02-REF,DA-R03,DA-02,weak,none,malay_female,keyword,none,0,15.000000,ok,,
DA-R03-DA-02-REF,DA-R03,DA-02,weak,none,malay_female,embedding,none,0,54.290140,ok,sentence-transformers/all-MiniLM-L6-v2 (onnx),
DA-R03-DA-02-REF,DA-R03,DA-02,weak,none,malay_female,embedding,anonymised,0,51.191742,ok,sentence-transformers/all-MiniLM-L6-v2 (onnx),
DA-R03-DA-02-REF,DA-R03,DA-02,weak,none,malay_female,embedding,structured_evidence,0,59.190644,ok,sentence-transformers/all-MiniLM-L6-v2 (onnx),
DA-R03-DA-02-REF,DA-R03,DA-02,weak,none,malay_female,embedding_sectioned,none,0,42.749853,ok,sentence-transformers/all-MiniLM-L6-v2 (onnx),
DA-R03-DA-02-REF,DA-R03,DA-02,weak,none,malay_female,embedding_sectioned,anonymised,0,42.645338,ok,sentence-transformers/all-MiniLM-L6-v2 (onnx),
DA-R04-DA-01-FMT-ALT,DA-R04,DA-01,weak,formatting,alternative,keyword,none,0,5.000000,ok,,
DA-R04-DA-01-FMT-ALT,DA-R04,DA-01,weak,formatting,alternative,embedding,none,0,57.938546,ok,sentence-transformers/all-MiniLM-L6-v2 (onnx),
DA-R04-DA-01-FMT-ALT,DA-R04,DA-01,weak,formatting,alternative,embedding,anonymised,0,53.800247,ok,sentence-transformers/all-MiniLM-L6-v2 (onnx),
DA-R04-DA-01-FMT-ALT,DA-R04,DA-01,weak,formatting,alternative,embedding,structured_evidence,0,59.442892,ok,sentence-transformers/all-MiniLM-L6-v2 (onnx),
DA-R04-DA-01-FMT-ALT,DA-R04,DA-01,weak,formatting,alternative,embedding_sectioned,none,0,43.509893,ok,sentence-transformers/all-MiniLM-L6-v2 (onnx),
DA-R04-DA-01-FMT-ALT,DA-R04,DA-01,weak,formatting,alternative,embedding_sectioned,anonymised,0,43.460524,ok,sentence-transformers/all-MiniLM-L6-v2 (onnx),
DA-R04-DA-01-GAP,DA-R04,DA-01,weak,career_gap,12 month break,keyword,none,0,5.000000,ok,,
DA-R04-DA-01-GAP,DA-R04,DA-01,weak,career_gap,12 month break,embedding,none,0,55.409326,ok,sentence-transformers/all-MiniLM-L6-v2 (onnx),
DA-R04-DA-01-GAP,DA-R04,DA-01,weak,career_gap,12 month break,embedding,anonymised,0,54.404743,ok,sentence-transformers/all-MiniLM-L6-v2 (onnx),
DA-R04-DA-01-GAP,DA-R04,DA-01,weak,career_gap,12 month break,embedding,structured_evidence,0,59.442892,ok,sentence-transformers/all-MiniLM-L6-v2 (onnx),
DA-R04-DA-01-GAP,DA-R04,DA-01,weak,career_gap,12 month break,embedding_sectioned,none,0,44.218746,ok,sentence-transformers/all-MiniLM-L6-v2 (onnx),
DA-R04-DA-01-GAP,DA-R04,DA-01,weak,career_gap,12 month break,embedding_sectioned,anonymised,0,44.169377,ok,sentence-transformers/all-MiniLM-L6-v2 (onnx),
DA-R04-DA-01-INST-COMP,DA-R04,DA-01,weak,institution,comparison,keyword,none,0,5.000000,ok,,
DA-R04-DA-01-INST-COMP,DA-R04,DA-01,weak,institution,comparison,embedding,none,0,57.458053,ok,sentence-transformers/all-MiniLM-L6-v2 (onnx),
DA-R04-DA-01-INST-COMP,DA-R04,DA-01,weak,institution,comparison,embedding,anonymised,0,55.582662,ok,sentence-transformers/all-MiniLM-L6-v2 (onnx),
DA-R04-DA-01-INST-COMP,DA-R04,DA-01,weak,institution,comparison,embedding,structured_evidence,0,59.442892,ok,sentence-transformers/all-MiniLM-L6-v2 (onnx),
DA-R04-DA-01-INST-COMP,DA-R04,DA-01,weak,institution,comparison,embedding_sectioned,none,0,43.706754,ok,sentence-transformers/all-MiniLM-L6-v2 (onnx),
DA-R04-DA-01-INST-COMP,DA-R04,DA-01,weak,institution,comparison,embedding_sectioned,anonymised,0,43.657385,ok,sentence-transformers/all-MiniLM-L6-v2 (onnx),
DA-R04-DA-01-INST-HIGH,DA-R04,DA-01,weak,institution,higher_ranked,keyword,none,0,5.000000,ok,,
DA-R04-DA-01-INST-HIGH,DA-R04,DA-01,weak,institution,higher_ranked,embedding,none,0,57.277238,ok,sentence-transformers/all-MiniLM-L6-v2 (onnx),
DA-R04-DA-01-INST-HIGH,DA-R04,DA-01,weak,institution,higher_ranked,embedding,anonymised,0,54.740139,ok,sentence-transformers/all-MiniLM-L6-v2 (onnx),
DA-R04-DA-01-INST-HIGH,DA-R04,DA-01,weak,institution,higher_ranked,embedding,structured_evidence,0,59.442892,ok,sentence-transformers/all-MiniLM-L6-v2 (onnx),
DA-R04-DA-01-INST-HIGH,DA-R04,DA-01,weak,institution,higher_ranked,embedding_sectioned,none,0,43.774966,ok,sentence-transformers/all-MiniLM-L6-v2 (onnx),
DA-R04-DA-01-INST-HIGH,DA-R04,DA-01,weak,institution,higher_ranked,embedding_sectioned,anonymised,0,43.725597,ok,sentence-transformers/all-MiniLM-L6-v2 (onnx),
DA-R04-DA-01-NAME-chinese_female,DA-R04,DA-01,weak,name_cue,chinese_female,keyword,none,0,5.000000,ok,,
DA-R04-DA-01-NAME-chinese_female,DA-R04,DA-01,weak,name_cue,chinese_female,embedding,none,0,54.054612,ok,sentence-transformers/all-MiniLM-L6-v2 (onnx),
DA-R04-DA-01-NAME-chinese_female,DA-R04,DA-01,weak,name_cue,chinese_female,embedding,anonymised,0,55.582662,ok,sentence-transformers/all-MiniLM-L6-v2 (onnx),
DA-R04-DA-01-NAME-chinese_female,DA-R04,DA-01,weak,name_cue,chinese_female,embedding,structured_evidence,0,59.442892,ok,sentence-transformers/all-MiniLM-L6-v2 (onnx),
DA-R04-DA-01-NAME-chinese_female,DA-R04,DA-01,weak,name_cue,chinese_female,embedding_sectioned,none,0,43.779987,ok,sentence-transformers/all-MiniLM-L6-v2 (onnx),
DA-R04-DA-01-NAME-chinese_female,DA-R04,DA-01,weak,name_cue,chinese_female,embedding_sectioned,anonymised,0,43.657385,ok,sentence-transformers/all-MiniLM-L6-v2 (onnx),
DA-R04-DA-01-NAME-chinese_male,DA-R04,DA-01,weak,name_cue,chinese_male,keyword,none,0,5.000000,ok,,
DA-R04-DA-01-NAME-chinese_male,DA-R04,DA-01,weak,name_cue,chinese_male,embedding,none,0,54.198274,ok,sentence-transformers/all-MiniLM-L6-v2 (onnx),
DA-R04-DA-01-NAME-chinese_male,DA-R04,DA-01,weak,name_cue,chinese_male,embedding,anonymised,0,55.582662,ok,sentence-transformers/all-MiniLM-L6-v2 (onnx),
DA-R04-DA-01-NAME-chinese_male,DA-R04,DA-01,weak,name_cue,chinese_male,embedding,structured_evidence,0,59.442892,ok,sentence-transformers/all-MiniLM-L6-v2 (onnx),
DA-R04-DA-01-NAME-chinese_male,DA-R04,DA-01,weak,name_cue,chinese_male,embedding_sectioned,none,0,43.550955,ok,sentence-transformers/all-MiniLM-L6-v2 (onnx),
DA-R04-DA-01-NAME-chinese_male,DA-R04,DA-01,weak,name_cue,chinese_male,embedding_sectioned,anonymised,0,43.657385,ok,sentence-transformers/all-MiniLM-L6-v2 (onnx),
DA-R04-DA-01-NAME-indian_female,DA-R04,DA-01,weak,name_cue,indian_female,keyword,none,0,5.000000,ok,,
DA-R04-DA-01-NAME-indian_female,DA-R04,DA-01,weak,name_cue,indian_female,embedding,none,0,58.133713,ok,sentence-transformers/all-MiniLM-L6-v2 (onnx),
DA-R04-DA-01-NAME-indian_female,DA-R04,DA-01,weak,name_cue,indian_female,embedding,anonymised,0,55.582662,ok,sentence-transformers/all-MiniLM-L6-v2 (onnx),
DA-R04-DA-01-NAME-indian_female,DA-R04,DA-01,weak,name_cue,indian_female,embedding,structured_evidence,0,59.442892,ok,sentence-transformers/all-MiniLM-L6-v2 (onnx),
DA-R04-DA-01-NAME-indian_female,DA-R04,DA-01,weak,name_cue,indian_female,embedding_sectioned,none,0,43.448647,ok,sentence-transformers/all-MiniLM-L6-v2 (onnx),
DA-R04-DA-01-NAME-indian_female,DA-R04,DA-01,weak,name_cue,indian_female,embedding_sectioned,anonymised,0,43.657385,ok,sentence-transformers/all-MiniLM-L6-v2 (onnx),
DA-R04-DA-01-NAME-indian_male,DA-R04,DA-01,weak,name_cue,indian_male,keyword,none,0,5.000000,ok,,
DA-R04-DA-01-NAME-indian_male,DA-R04,DA-01,weak,name_cue,indian_male,embedding,none,0,59.448107,ok,sentence-transformers/all-MiniLM-L6-v2 (onnx),
DA-R04-DA-01-NAME-indian_male,DA-R04,DA-01,weak,name_cue,indian_male,embedding,anonymised,0,55.582662,ok,sentence-transformers/all-MiniLM-L6-v2 (onnx),
DA-R04-DA-01-NAME-indian_male,DA-R04,DA-01,weak,name_cue,indian_male,embedding,structured_evidence,0,59.442892,ok,sentence-transformers/all-MiniLM-L6-v2 (onnx),
DA-R04-DA-01-NAME-indian_male,DA-R04,DA-01,weak,name_cue,indian_male,embedding_sectioned,none,0,43.742612,ok,sentence-transformers/all-MiniLM-L6-v2 (onnx),
DA-R04-DA-01-NAME-indian_male,DA-R04,DA-01,weak,name_cue,indian_male,embedding_sectioned,anonymised,0,43.657385,ok,sentence-transformers/all-MiniLM-L6-v2 (onnx),
DA-R04-DA-01-NAME-malay_female,DA-R04,DA-01,weak,name_cue,malay_female,keyword,none,0,5.000000,ok,,
DA-R04-DA-01-NAME-malay_female,DA-R04,DA-01,weak,name_cue,malay_female,embedding,none,0,57.116805,ok,sentence-transformers/all-MiniLM-L6-v2 (onnx),
DA-R04-DA-01-NAME-malay_female,DA-R04,DA-01,weak,name_cue,malay_female,embedding,anonymised,0,55.582662,ok,sentence-transformers/all-MiniLM-L6-v2 (onnx),
DA-R04-DA-01-NAME-malay_female,DA-R04,DA-01,weak,name_cue,malay_female,embedding,structured_evidence,0,59.442892,ok,sentence-transformers/all-MiniLM-L6-v2 (onnx),
DA-R04-DA-01-NAME-malay_female,DA-R04,DA-01,weak,name_cue,malay_female,embedding_sectioned,none,0,43.587143,ok,sentence-transformers/all-MiniLM-L6-v2 (onnx),
DA-R04-DA-01-NAME-malay_female,DA-R04,DA-01,weak,name_cue,malay_female,embedding_sectioned,anonymised,0,43.657385,ok,sentence-transformers/all-MiniLM-L6-v2 (onnx),
DA-R04-DA-01-REF,DA-R04,DA-01,weak,none,malay_male,keyword,none,0,5.000000,ok,,
DA-R04-DA-01-REF,DA-R04,DA-01,weak,none,malay_male,embedding,none,0,57.458053,ok,sentence-transformers/all-MiniLM-L6-v2 (onnx),
DA-R04-DA-01-REF,DA-R04,DA-01,weak,none,malay_male,embedding,anonymised,0,55.582662,ok,sentence-transformers/all-MiniLM-L6-v2 (onnx),
DA-R04-DA-01-REF,DA-R04,DA-01,weak,none,malay_male,embedding,structured_evidence,0,59.442892,ok,sentence-transformers/all-MiniLM-L6-v2 (onnx),
DA-R04-DA-01-REF,DA-R04,DA-01,weak,none,malay_male,embedding_sectioned,none,0,43.706754,ok,sentence-transformers/all-MiniLM-L6-v2 (onnx),
DA-R04-DA-01-REF,DA-R04,DA-01,weak,none,malay_male,embedding_sectioned,anonymised,0,43.657385,ok,sentence-transformers/all-MiniLM-L6-v2 (onnx),
DA-R04-DA-02-FMT-ALT,DA-R04,DA-02,weak,formatting,alternative,keyword,none,0,0.000000,ok,,
DA-R04-DA-02-FMT-ALT,DA-R04,DA-02,weak,formatting,alternative,embedding,none,0,37.961383,ok,sentence-transformers/all-MiniLM-L6-v2 (onnx),
DA-R04-DA-02-FMT-ALT,DA-R04,DA-02,weak,formatting,alternative,embedding,anonymised,0,38.668410,ok,sentence-transformers/all-MiniLM-L6-v2 (onnx),
DA-R04-DA-02-FMT-ALT,DA-R04,DA-02,weak,formatting,alternative,embedding,structured_evidence,0,53.601595,ok,sentence-transformers/all-MiniLM-L6-v2 (onnx),
DA-R04-DA-02-FMT-ALT,DA-R04,DA-02,weak,formatting,alternative,embedding_sectioned,none,0,32.616525,ok,sentence-transformers/all-MiniLM-L6-v2 (onnx),
DA-R04-DA-02-FMT-ALT,DA-R04,DA-02,weak,formatting,alternative,embedding_sectioned,anonymised,0,32.960189,ok,sentence-transformers/all-MiniLM-L6-v2 (onnx),
DA-R04-DA-02-GAP,DA-R04,DA-02,weak,career_gap,12 month break,keyword,none,0,0.000000,ok,,
DA-R04-DA-02-GAP,DA-R04,DA-02,weak,career_gap,12 month break,embedding,none,0,36.772324,ok,sentence-transformers/all-MiniLM-L6-v2 (onnx),
DA-R04-DA-02-GAP,DA-R04,DA-02,weak,career_gap,12 month break,embedding,anonymised,0,39.735944,ok,sentence-transformers/all-MiniLM-L6-v2 (onnx),
DA-R04-DA-02-GAP,DA-R04,DA-02,weak,career_gap,12 month break,embedding,structured_evidence,0,53.601595,ok,sentence-transformers/all-MiniLM-L6-v2 (onnx),
DA-R04-DA-02-GAP,DA-R04,DA-02,weak,career_gap,12 month break,embedding_sectioned,none,0,33.160254,ok,sentence-transformers/all-MiniLM-L6-v2 (onnx),
DA-R04-DA-02-GAP,DA-R04,DA-02,weak,career_gap,12 month break,embedding_sectioned,anonymised,0,33.503917,ok,sentence-transformers/all-MiniLM-L6-v2 (onnx),
DA-R04-DA-02-INST-COMP,DA-R04,DA-02,weak,institution,comparison,keyword,none,0,0.000000,ok,,
DA-R04-DA-02-INST-COMP,DA-R04,DA-02,weak,institution,comparison,embedding,none,0,37.528304,ok,sentence-transformers/all-MiniLM-L6-v2 (onnx),
DA-R04-DA-02-INST-COMP,DA-R04,DA-02,weak,institution,comparison,embedding,anonymised,0,40.358973,ok,sentence-transformers/all-MiniLM-L6-v2 (onnx),
DA-R04-DA-02-INST-COMP,DA-R04,DA-02,weak,institution,comparison,embedding,structured_evidence,0,53.601595,ok,sentence-transformers/all-MiniLM-L6-v2 (onnx),
DA-R04-DA-02-INST-COMP,DA-R04,DA-02,weak,institution,comparison,embedding_sectioned,none,0,32.631833,ok,sentence-transformers/all-MiniLM-L6-v2 (onnx),
DA-R04-DA-02-INST-COMP,DA-R04,DA-02,weak,institution,comparison,embedding_sectioned,anonymised,0,32.975497,ok,sentence-transformers/all-MiniLM-L6-v2 (onnx),
DA-R04-DA-02-INST-HIGH,DA-R04,DA-02,weak,institution,higher_ranked,keyword,none,0,0.000000,ok,,
DA-R04-DA-02-INST-HIGH,DA-R04,DA-02,weak,institution,higher_ranked,embedding,none,0,37.395565,ok,sentence-transformers/all-MiniLM-L6-v2 (onnx),
DA-R04-DA-02-INST-HIGH,DA-R04,DA-02,weak,institution,higher_ranked,embedding,anonymised,0,40.465970,ok,sentence-transformers/all-MiniLM-L6-v2 (onnx),
DA-R04-DA-02-INST-HIGH,DA-R04,DA-02,weak,institution,higher_ranked,embedding,structured_evidence,0,53.601595,ok,sentence-transformers/all-MiniLM-L6-v2 (onnx),
DA-R04-DA-02-INST-HIGH,DA-R04,DA-02,weak,institution,higher_ranked,embedding_sectioned,none,0,32.985229,ok,sentence-transformers/all-MiniLM-L6-v2 (onnx),
DA-R04-DA-02-INST-HIGH,DA-R04,DA-02,weak,institution,higher_ranked,embedding_sectioned,anonymised,0,33.328893,ok,sentence-transformers/all-MiniLM-L6-v2 (onnx),
DA-R04-DA-02-NAME-chinese_female,DA-R04,DA-02,weak,name_cue,chinese_female,keyword,none,0,0.000000,ok,,
DA-R04-DA-02-NAME-chinese_female,DA-R04,DA-02,weak,name_cue,chinese_female,embedding,none,0,41.466519,ok,sentence-transformers/all-MiniLM-L6-v2 (onnx),
DA-R04-DA-02-NAME-chinese_female,DA-R04,DA-02,weak,name_cue,chinese_female,embedding,anonymised,0,40.358973,ok,sentence-transformers/all-MiniLM-L6-v2 (onnx),
DA-R04-DA-02-NAME-chinese_female,DA-R04,DA-02,weak,name_cue,chinese_female,embedding,structured_evidence,0,53.601595,ok,sentence-transformers/all-MiniLM-L6-v2 (onnx),
DA-R04-DA-02-NAME-chinese_female,DA-R04,DA-02,weak,name_cue,chinese_female,embedding_sectioned,none,0,32.926487,ok,sentence-transformers/all-MiniLM-L6-v2 (onnx),
DA-R04-DA-02-NAME-chinese_female,DA-R04,DA-02,weak,name_cue,chinese_female,embedding_sectioned,anonymised,0,32.975497,ok,sentence-transformers/all-MiniLM-L6-v2 (onnx),
DA-R04-DA-02-NAME-chinese_male,DA-R04,DA-02,weak,name_cue,chinese_male,keyword,none,0,0.000000,ok,,
DA-R04-DA-02-NAME-chinese_male,DA-R04,DA-02,weak,name_cue,chinese_male,embedding,none,0,38.573095,ok,sentence-transformers/all-MiniLM-L6-v2 (onnx),
DA-R04-DA-02-NAME-chinese_male,DA-R04,DA-02,weak,name_cue,chinese_male,embedding,anonymised,0,40.358973,ok,sentence-transformers/all-MiniLM-L6-v2 (onnx),
DA-R04-DA-02-NAME-chinese_male,DA-R04,DA-02,weak,name_cue,chinese_male,embedding,structured_evidence,0,53.601595,ok,sentence-transformers/all-MiniLM-L6-v2 (onnx),
DA-R04-DA-02-NAME-chinese_male,DA-R04,DA-02,weak,name_cue,chinese_male,embedding_sectioned,none,0,32.666635,ok,sentence-transformers/all-MiniLM-L6-v2 (onnx),
DA-R04-DA-02-NAME-chinese_male,DA-R04,DA-02,weak,name_cue,chinese_male,embedding_sectioned,anonymised,0,32.975497,ok,sentence-transformers/all-MiniLM-L6-v2 (onnx),
DA-R04-DA-02-NAME-indian_female,DA-R04,DA-02,weak,name_cue,indian_female,keyword,none,0,0.000000,ok,,
DA-R04-DA-02-NAME-indian_female,DA-R04,DA-02,weak,name_cue,indian_female,embedding,none,0,40.944102,ok,sentence-transformers/all-MiniLM-L6-v2 (onnx),
DA-R04-DA-02-NAME-indian_female,DA-R04,DA-02,weak,name_cue,indian_female,embedding,anonymised,0,40.358973,ok,sentence-transformers/all-MiniLM-L6-v2 (onnx),
DA-R04-DA-02-NAME-indian_female,DA-R04,DA-02,weak,name_cue,indian_female,embedding,structured_evidence,0,53.601595,ok,sentence-transformers/all-MiniLM-L6-v2 (onnx),
DA-R04-DA-02-NAME-indian_female,DA-R04,DA-02,weak,name_cue,indian_female,embedding_sectioned,none,0,32.657660,ok,sentence-transformers/all-MiniLM-L6-v2 (onnx),
DA-R04-DA-02-NAME-indian_female,DA-R04,DA-02,weak,name_cue,indian_female,embedding_sectioned,anonymised,0,32.975497,ok,sentence-transformers/all-MiniLM-L6-v2 (onnx),
DA-R04-DA-02-NAME-indian_male,DA-R04,DA-02,weak,name_cue,indian_male,keyword,none,0,0.000000,ok,,
DA-R04-DA-02-NAME-indian_male,DA-R04,DA-02,weak,name_cue,indian_male,embedding,none,0,45.234460,ok,sentence-transformers/all-MiniLM-L6-v2 (onnx),
DA-R04-DA-02-NAME-indian_male,DA-R04,DA-02,weak,name_cue,indian_male,embedding,anonymised,0,40.358973,ok,sentence-transformers/all-MiniLM-L6-v2 (onnx),
DA-R04-DA-02-NAME-indian_male,DA-R04,DA-02,weak,name_cue,indian_male,embedding,structured_evidence,0,53.601595,ok,sentence-transformers/all-MiniLM-L6-v2 (onnx),
DA-R04-DA-02-NAME-indian_male,DA-R04,DA-02,weak,name_cue,indian_male,embedding_sectioned,none,0,33.175408,ok,sentence-transformers/all-MiniLM-L6-v2 (onnx),
DA-R04-DA-02-NAME-indian_male,DA-R04,DA-02,weak,name_cue,indian_male,embedding_sectioned,anonymised,0,32.975497,ok,sentence-transformers/all-MiniLM-L6-v2 (onnx),
DA-R04-DA-02-NAME-malay_female,DA-R04,DA-02,weak,name_cue,malay_female,keyword,none,0,0.000000,ok,,
DA-R04-DA-02-NAME-malay_female,DA-R04,DA-02,weak,name_cue,malay_female,embedding,none,0,39.786279,ok,sentence-transformers/all-MiniLM-L6-v2 (onnx),
DA-R04-DA-02-NAME-malay_female,DA-R04,DA-02,weak,name_cue,malay_female,embedding,anonymised,0,40.358973,ok,sentence-transformers/all-MiniLM-L6-v2 (onnx),
DA-R04-DA-02-NAME-malay_female,DA-R04,DA-02,weak,name_cue,malay_female,embedding,structured_evidence,0,53.601595,ok,sentence-transformers/all-MiniLM-L6-v2 (onnx),
DA-R04-DA-02-NAME-malay_female,DA-R04,DA-02,weak,name_cue,malay_female,embedding_sectioned,none,0,32.692043,ok,sentence-transformers/all-MiniLM-L6-v2 (onnx),
DA-R04-DA-02-NAME-malay_female,DA-R04,DA-02,weak,name_cue,malay_female,embedding_sectioned,anonymised,0,32.975497,ok,sentence-transformers/all-MiniLM-L6-v2 (onnx),
DA-R04-DA-02-REF,DA-R04,DA-02,weak,none,malay_male,keyword,none,0,0.000000,ok,,
DA-R04-DA-02-REF,DA-R04,DA-02,weak,none,malay_male,embedding,none,0,37.528304,ok,sentence-transformers/all-MiniLM-L6-v2 (onnx),
DA-R04-DA-02-REF,DA-R04,DA-02,weak,none,malay_male,embedding,anonymised,0,40.358973,ok,sentence-transformers/all-MiniLM-L6-v2 (onnx),
DA-R04-DA-02-REF,DA-R04,DA-02,weak,none,malay_male,embedding,structured_evidence,0,53.601595,ok,sentence-transformers/all-MiniLM-L6-v2 (onnx),
DA-R04-DA-02-REF,DA-R04,DA-02,weak,none,malay_male,embedding_sectioned,none,0,32.631833,ok,sentence-transformers/all-MiniLM-L6-v2 (onnx),
DA-R04-DA-02-REF,DA-R04,DA-02,weak,none,malay_male,embedding_sectioned,anonymised,0,32.975497,ok,sentence-transformers/all-MiniLM-L6-v2 (onnx),
DA-R05-DA-01-FMT-ALT,DA-R05,DA-01,good,formatting,alternative,keyword,none,0,65.000000,ok,,
DA-R05-DA-01-FMT-ALT,DA-R05,DA-01,good,formatting,alternative,embedding,none,0,64.052784,ok,sentence-transformers/all-MiniLM-L6-v2 (onnx),
DA-R05-DA-01-FMT-ALT,DA-R05,DA-01,good,formatting,alternative,embedding,anonymised,0,60.431328,ok,sentence-transformers/all-MiniLM-L6-v2 (onnx),
DA-R05-DA-01-FMT-ALT,DA-R05,DA-01,good,formatting,alternative,embedding,structured_evidence,0,68.084195,ok,sentence-transformers/all-MiniLM-L6-v2 (onnx),
DA-R05-DA-01-FMT-ALT,DA-R05,DA-01,good,formatting,alternative,embedding_sectioned,none,0,53.669778,ok,sentence-transformers/all-MiniLM-L6-v2 (onnx),
DA-R05-DA-01-FMT-ALT,DA-R05,DA-01,good,formatting,alternative,embedding_sectioned,anonymised,0,53.648759,ok,sentence-transformers/all-MiniLM-L6-v2 (onnx),
DA-R05-DA-01-GAP,DA-R05,DA-01,good,career_gap,12 month break,keyword,none,0,65.000000,ok,,
DA-R05-DA-01-GAP,DA-R05,DA-01,good,career_gap,12 month break,embedding,none,0,68.232553,ok,sentence-transformers/all-MiniLM-L6-v2 (onnx),
DA-R05-DA-01-GAP,DA-R05,DA-01,good,career_gap,12 month break,embedding,anonymised,0,64.985005,ok,sentence-transformers/all-MiniLM-L6-v2 (onnx),
DA-R05-DA-01-GAP,DA-R05,DA-01,good,career_gap,12 month break,embedding,structured_evidence,0,68.084195,ok,sentence-transformers/all-MiniLM-L6-v2 (onnx),
DA-R05-DA-01-GAP,DA-R05,DA-01,good,career_gap,12 month break,embedding_sectioned,none,0,53.362215,ok,sentence-transformers/all-MiniLM-L6-v2 (onnx),
DA-R05-DA-01-GAP,DA-R05,DA-01,good,career_gap,12 month break,embedding_sectioned,anonymised,0,53.341196,ok,sentence-transformers/all-MiniLM-L6-v2 (onnx),
DA-R05-DA-01-INST-COMP,DA-R05,DA-01,good,institution,comparison,keyword,none,0,65.000000,ok,,
DA-R05-DA-01-INST-COMP,DA-R05,DA-01,good,institution,comparison,embedding,none,0,68.794147,ok,sentence-transformers/all-MiniLM-L6-v2 (onnx),
DA-R05-DA-01-INST-COMP,DA-R05,DA-01,good,institution,comparison,embedding,anonymised,0,65.348729,ok,sentence-transformers/all-MiniLM-L6-v2 (onnx),
DA-R05-DA-01-INST-COMP,DA-R05,DA-01,good,institution,comparison,embedding,structured_evidence,0,68.084195,ok,sentence-transformers/all-MiniLM-L6-v2 (onnx),
DA-R05-DA-01-INST-COMP,DA-R05,DA-01,good,institution,comparison,embedding_sectioned,none,0,53.286964,ok,sentence-transformers/all-MiniLM-L6-v2 (onnx),
DA-R05-DA-01-INST-COMP,DA-R05,DA-01,good,institution,comparison,embedding_sectioned,anonymised,0,53.265945,ok,sentence-transformers/all-MiniLM-L6-v2 (onnx),
DA-R05-DA-01-INST-HIGH,DA-R05,DA-01,good,institution,higher_ranked,keyword,none,0,65.000000,ok,,
DA-R05-DA-01-INST-HIGH,DA-R05,DA-01,good,institution,higher_ranked,embedding,none,0,68.801380,ok,sentence-transformers/all-MiniLM-L6-v2 (onnx),
DA-R05-DA-01-INST-HIGH,DA-R05,DA-01,good,institution,higher_ranked,embedding,anonymised,0,65.502264,ok,sentence-transformers/all-MiniLM-L6-v2 (onnx),
DA-R05-DA-01-INST-HIGH,DA-R05,DA-01,good,institution,higher_ranked,embedding,structured_evidence,0,68.084195,ok,sentence-transformers/all-MiniLM-L6-v2 (onnx),
DA-R05-DA-01-INST-HIGH,DA-R05,DA-01,good,institution,higher_ranked,embedding_sectioned,none,0,53.287995,ok,sentence-transformers/all-MiniLM-L6-v2 (onnx),
DA-R05-DA-01-INST-HIGH,DA-R05,DA-01,good,institution,higher_ranked,embedding_sectioned,anonymised,0,53.266977,ok,sentence-transformers/all-MiniLM-L6-v2 (onnx),
DA-R05-DA-01-NAME-chinese_female,DA-R05,DA-01,good,name_cue,chinese_female,keyword,none,0,65.000000,ok,,
DA-R05-DA-01-NAME-chinese_female,DA-R05,DA-01,good,name_cue,chinese_female,embedding,none,0,65.010196,ok,sentence-transformers/all-MiniLM-L6-v2 (onnx),
DA-R05-DA-01-NAME-chinese_female,DA-R05,DA-01,good,name_cue,chinese_female,embedding,anonymised,0,65.337291,ok,sentence-transformers/all-MiniLM-L6-v2 (onnx),
DA-R05-DA-01-NAME-chinese_female,DA-R05,DA-01,good,name_cue,chinese_female,embedding,structured_evidence,0,68.084195,ok,sentence-transformers/all-MiniLM-L6-v2 (onnx),
DA-R05-DA-01-NAME-chinese_female,DA-R05,DA-01,good,name_cue,chinese_female,embedding_sectioned,none,0,52.889160,ok,sentence-transformers/all-MiniLM-L6-v2 (onnx),
DA-R05-DA-01-NAME-chinese_female,DA-R05,DA-01,good,name_cue,chinese_female,embedding_sectioned,anonymised,0,53.069723,ok,sentence-transformers/all-MiniLM-L6-v2 (onnx),
DA-R05-DA-01-NAME-chinese_male,DA-R05,DA-01,good,name_cue,chinese_male,keyword,none,0,65.000000,ok,,
DA-R05-DA-01-NAME-chinese_male,DA-R05,DA-01,good,name_cue,chinese_male,embedding,none,0,66.312086,ok,sentence-transformers/all-MiniLM-L6-v2 (onnx),
DA-R05-DA-01-NAME-chinese_male,DA-R05,DA-01,good,name_cue,chinese_male,embedding,anonymised,0,65.337291,ok,sentence-transformers/all-MiniLM-L6-v2 (onnx),
DA-R05-DA-01-NAME-chinese_male,DA-R05,DA-01,good,name_cue,chinese_male,embedding,structured_evidence,0,68.084195,ok,sentence-transformers/all-MiniLM-L6-v2 (onnx),
DA-R05-DA-01-NAME-chinese_male,DA-R05,DA-01,good,name_cue,chinese_male,embedding_sectioned,none,0,53.052627,ok,sentence-transformers/all-MiniLM-L6-v2 (onnx),
DA-R05-DA-01-NAME-chinese_male,DA-R05,DA-01,good,name_cue,chinese_male,embedding_sectioned,anonymised,0,53.069723,ok,sentence-transformers/all-MiniLM-L6-v2 (onnx),
DA-R05-DA-01-NAME-indian_male,DA-R05,DA-01,good,name_cue,indian_male,keyword,none,0,65.000000,ok,,
DA-R05-DA-01-NAME-indian_male,DA-R05,DA-01,good,name_cue,indian_male,embedding,none,0,68.618320,ok,sentence-transformers/all-MiniLM-L6-v2 (onnx),
DA-R05-DA-01-NAME-indian_male,DA-R05,DA-01,good,name_cue,indian_male,embedding,anonymised,0,65.337291,ok,sentence-transformers/all-MiniLM-L6-v2 (onnx),
DA-R05-DA-01-NAME-indian_male,DA-R05,DA-01,good,name_cue,indian_male,embedding,structured_evidence,0,68.084195,ok,sentence-transformers/all-MiniLM-L6-v2 (onnx),
DA-R05-DA-01-NAME-indian_male,DA-R05,DA-01,good,name_cue,indian_male,embedding_sectioned,none,0,53.192687,ok,sentence-transformers/all-MiniLM-L6-v2 (onnx),
DA-R05-DA-01-NAME-indian_male,DA-R05,DA-01,good,name_cue,indian_male,embedding_sectioned,anonymised,0,53.069723,ok,sentence-transformers/all-MiniLM-L6-v2 (onnx),
DA-R05-DA-01-NAME-malay_female,DA-R05,DA-01,good,name_cue,malay_female,keyword,none,0,65.000000,ok,,
DA-R05-DA-01-NAME-malay_female,DA-R05,DA-01,good,name_cue,malay_female,embedding,none,0,67.662846,ok,sentence-transformers/all-MiniLM-L6-v2 (onnx),
DA-R05-DA-01-NAME-malay_female,DA-R05,DA-01,good,name_cue,malay_female,embedding,anonymised,0,65.337291,ok,sentence-transformers/all-MiniLM-L6-v2 (onnx),
DA-R05-DA-01-NAME-malay_female,DA-R05,DA-01,good,name_cue,malay_female,embedding,structured_evidence,0,68.084195,ok,sentence-transformers/all-MiniLM-L6-v2 (onnx),
DA-R05-DA-01-NAME-malay_female,DA-R05,DA-01,good,name_cue,malay_female,embedding_sectioned,none,0,53.083921,ok,sentence-transformers/all-MiniLM-L6-v2 (onnx),
DA-R05-DA-01-NAME-malay_female,DA-R05,DA-01,good,name_cue,malay_female,embedding_sectioned,anonymised,0,53.069723,ok,sentence-transformers/all-MiniLM-L6-v2 (onnx),
DA-R05-DA-01-NAME-malay_male,DA-R05,DA-01,good,name_cue,malay_male,keyword,none,0,65.000000,ok,,
DA-R05-DA-01-NAME-malay_male,DA-R05,DA-01,good,name_cue,malay_male,embedding,none,0,67.113511,ok,sentence-transformers/all-MiniLM-L6-v2 (onnx),
DA-R05-DA-01-NAME-malay_male,DA-R05,DA-01,good,name_cue,malay_male,embedding,anonymised,0,65.337291,ok,sentence-transformers/all-MiniLM-L6-v2 (onnx),
DA-R05-DA-01-NAME-malay_male,DA-R05,DA-01,good,name_cue,malay_male,embedding,structured_evidence,0,68.084195,ok,sentence-transformers/all-MiniLM-L6-v2 (onnx),
DA-R05-DA-01-NAME-malay_male,DA-R05,DA-01,good,name_cue,malay_male,embedding_sectioned,none,0,53.274078,ok,sentence-transformers/all-MiniLM-L6-v2 (onnx),
DA-R05-DA-01-NAME-malay_male,DA-R05,DA-01,good,name_cue,malay_male,embedding_sectioned,anonymised,0,53.069723,ok,sentence-transformers/all-MiniLM-L6-v2 (onnx),
DA-R05-DA-01-REF,DA-R05,DA-01,good,none,indian_female,keyword,none,0,65.000000,ok,,
DA-R05-DA-01-REF,DA-R05,DA-01,good,none,indian_female,embedding,none,0,68.734191,ok,sentence-transformers/all-MiniLM-L6-v2 (onnx),
DA-R05-DA-01-REF,DA-R05,DA-01,good,none,indian_female,embedding,anonymised,0,65.337291,ok,sentence-transformers/all-MiniLM-L6-v2 (onnx),
DA-R05-DA-01-REF,DA-R05,DA-01,good,none,indian_female,embedding,structured_evidence,0,68.084195,ok,sentence-transformers/all-MiniLM-L6-v2 (onnx),
DA-R05-DA-01-REF,DA-R05,DA-01,good,none,indian_female,embedding_sectioned,none,0,53.090742,ok,sentence-transformers/all-MiniLM-L6-v2 (onnx),
DA-R05-DA-01-REF,DA-R05,DA-01,good,none,indian_female,embedding_sectioned,anonymised,0,53.069723,ok,sentence-transformers/all-MiniLM-L6-v2 (onnx),
DA-R05-DA-02-FMT-ALT,DA-R05,DA-02,strong,formatting,alternative,keyword,none,0,75.000000,ok,,
DA-R05-DA-02-FMT-ALT,DA-R05,DA-02,strong,formatting,alternative,embedding,none,0,69.334657,ok,sentence-transformers/all-MiniLM-L6-v2 (onnx),
DA-R05-DA-02-FMT-ALT,DA-R05,DA-02,strong,formatting,alternative,embedding,anonymised,0,66.541329,ok,sentence-transformers/all-MiniLM-L6-v2 (onnx),
DA-R05-DA-02-FMT-ALT,DA-R05,DA-02,strong,formatting,alternative,embedding,structured_evidence,0,67.476607,ok,sentence-transformers/all-MiniLM-L6-v2 (onnx),
DA-R05-DA-02-FMT-ALT,DA-R05,DA-02,strong,formatting,alternative,embedding_sectioned,none,0,55.504797,ok,sentence-transformers/all-MiniLM-L6-v2 (onnx),
DA-R05-DA-02-FMT-ALT,DA-R05,DA-02,strong,formatting,alternative,embedding_sectioned,anonymised,0,55.736127,ok,sentence-transformers/all-MiniLM-L6-v2 (onnx),
DA-R05-DA-02-GAP,DA-R05,DA-02,strong,career_gap,12 month break,keyword,none,0,75.000000,ok,,
DA-R05-DA-02-GAP,DA-R05,DA-02,strong,career_gap,12 month break,embedding,none,0,69.108785,ok,sentence-transformers/all-MiniLM-L6-v2 (onnx),
DA-R05-DA-02-GAP,DA-R05,DA-02,strong,career_gap,12 month break,embedding,anonymised,0,65.484469,ok,sentence-transformers/all-MiniLM-L6-v2 (onnx),
DA-R05-DA-02-GAP,DA-R05,DA-02,strong,career_gap,12 month break,embedding,structured_evidence,0,67.476607,ok,sentence-transformers/all-MiniLM-L6-v2 (onnx),
DA-R05-DA-02-GAP,DA-R05,DA-02,strong,career_gap,12 month break,embedding_sectioned,none,0,56.526596,ok,sentence-transformers/all-MiniLM-L6-v2 (onnx),
DA-R05-DA-02-GAP,DA-R05,DA-02,strong,career_gap,12 month break,embedding_sectioned,anonymised,0,56.757927,ok,sentence-transformers/all-MiniLM-L6-v2 (onnx),
DA-R05-DA-02-INST-COMP,DA-R05,DA-02,strong,institution,comparison,keyword,none,0,75.000000,ok,,
DA-R05-DA-02-INST-COMP,DA-R05,DA-02,strong,institution,comparison,embedding,none,0,69.398120,ok,sentence-transformers/all-MiniLM-L6-v2 (onnx),
DA-R05-DA-02-INST-COMP,DA-R05,DA-02,strong,institution,comparison,embedding,anonymised,0,69.350289,ok,sentence-transformers/all-MiniLM-L6-v2 (onnx),
DA-R05-DA-02-INST-COMP,DA-R05,DA-02,strong,institution,comparison,embedding,structured_evidence,0,67.476607,ok,sentence-transformers/all-MiniLM-L6-v2 (onnx),
DA-R05-DA-02-INST-COMP,DA-R05,DA-02,strong,institution,comparison,embedding_sectioned,none,0,55.421091,ok,sentence-transformers/all-MiniLM-L6-v2 (onnx),
DA-R05-DA-02-INST-COMP,DA-R05,DA-02,strong,institution,comparison,embedding_sectioned,anonymised,0,55.652422,ok,sentence-transformers/all-MiniLM-L6-v2 (onnx),
DA-R05-DA-02-INST-HIGH,DA-R05,DA-02,strong,institution,higher_ranked,keyword,none,0,75.000000,ok,,
DA-R05-DA-02-INST-HIGH,DA-R05,DA-02,strong,institution,higher_ranked,embedding,none,0,69.385782,ok,sentence-transformers/all-MiniLM-L6-v2 (onnx),
DA-R05-DA-02-INST-HIGH,DA-R05,DA-02,strong,institution,higher_ranked,embedding,anonymised,0,69.410235,ok,sentence-transformers/all-MiniLM-L6-v2 (onnx),
DA-R05-DA-02-INST-HIGH,DA-R05,DA-02,strong,institution,higher_ranked,embedding,structured_evidence,0,67.476607,ok,sentence-transformers/all-MiniLM-L6-v2 (onnx),
DA-R05-DA-02-INST-HIGH,DA-R05,DA-02,strong,institution,higher_ranked,embedding_sectioned,none,0,55.379336,ok,sentence-transformers/all-MiniLM-L6-v2 (onnx),
DA-R05-DA-02-INST-HIGH,DA-R05,DA-02,strong,institution,higher_ranked,embedding_sectioned,anonymised,0,55.610666,ok,sentence-transformers/all-MiniLM-L6-v2 (onnx),
DA-R05-DA-02-NAME-chinese_female,DA-R05,DA-02,strong,name_cue,chinese_female,keyword,none,0,75.000000,ok,,
DA-R05-DA-02-NAME-chinese_female,DA-R05,DA-02,strong,name_cue,chinese_female,embedding,none,0,66.597420,ok,sentence-transformers/all-MiniLM-L6-v2 (onnx),
DA-R05-DA-02-NAME-chinese_female,DA-R05,DA-02,strong,name_cue,chinese_female,embedding,anonymised,0,68.970802,ok,sentence-transformers/all-MiniLM-L6-v2 (onnx),
DA-R05-DA-02-NAME-chinese_female,DA-R05,DA-02,strong,name_cue,chinese_female,embedding,structured_evidence,0,67.476607,ok,sentence-transformers/all-MiniLM-L6-v2 (onnx),
DA-R05-DA-02-NAME-chinese_female,DA-R05,DA-02,strong,name_cue,chinese_female,embedding_sectioned,none,0,55.004481,ok,sentence-transformers/all-MiniLM-L6-v2 (onnx),
DA-R05-DA-02-NAME-chinese_female,DA-R05,DA-02,strong,name_cue,chinese_female,embedding_sectioned,anonymised,0,55.299597,ok,sentence-transformers/all-MiniLM-L6-v2 (onnx),
DA-R05-DA-02-NAME-chinese_male,DA-R05,DA-02,strong,name_cue,chinese_male,keyword,none,0,75.000000,ok,,
DA-R05-DA-02-NAME-chinese_male,DA-R05,DA-02,strong,name_cue,chinese_male,embedding,none,0,67.877337,ok,sentence-transformers/all-MiniLM-L6-v2 (onnx),
DA-R05-DA-02-NAME-chinese_male,DA-R05,DA-02,strong,name_cue,chinese_male,embedding,anonymised,0,68.970802,ok,sentence-transformers/all-MiniLM-L6-v2 (onnx),
DA-R05-DA-02-NAME-chinese_male,DA-R05,DA-02,strong,name_cue,chinese_male,embedding,structured_evidence,0,67.476607,ok,sentence-transformers/all-MiniLM-L6-v2 (onnx),
DA-R05-DA-02-NAME-chinese_male,DA-R05,DA-02,strong,name_cue,chinese_male,embedding_sectioned,none,0,55.128662,ok,sentence-transformers/all-MiniLM-L6-v2 (onnx),
DA-R05-DA-02-NAME-chinese_male,DA-R05,DA-02,strong,name_cue,chinese_male,embedding_sectioned,anonymised,0,55.299597,ok,sentence-transformers/all-MiniLM-L6-v2 (onnx),
DA-R05-DA-02-NAME-indian_male,DA-R05,DA-02,strong,name_cue,indian_male,keyword,none,0,75.000000,ok,,
DA-R05-DA-02-NAME-indian_male,DA-R05,DA-02,strong,name_cue,indian_male,embedding,none,0,69.129444,ok,sentence-transformers/all-MiniLM-L6-v2 (onnx),
DA-R05-DA-02-NAME-indian_male,DA-R05,DA-02,strong,name_cue,indian_male,embedding,anonymised,0,68.970802,ok,sentence-transformers/all-MiniLM-L6-v2 (onnx),
DA-R05-DA-02-NAME-indian_male,DA-R05,DA-02,strong,name_cue,indian_male,embedding,structured_evidence,0,67.476607,ok,sentence-transformers/all-MiniLM-L6-v2 (onnx),
DA-R05-DA-02-NAME-indian_male,DA-R05,DA-02,strong,name_cue,indian_male,embedding_sectioned,none,0,55.106780,ok,sentence-transformers/all-MiniLM-L6-v2 (onnx),
DA-R05-DA-02-NAME-indian_male,DA-R05,DA-02,strong,name_cue,indian_male,embedding_sectioned,anonymised,0,55.299597,ok,sentence-transformers/all-MiniLM-L6-v2 (onnx),
DA-R05-DA-02-NAME-malay_female,DA-R05,DA-02,strong,name_cue,malay_female,keyword,none,0,75.000000,ok,,
DA-R05-DA-02-NAME-malay_female,DA-R05,DA-02,strong,name_cue,malay_female,embedding,none,0,68.952915,ok,sentence-transformers/all-MiniLM-L6-v2 (onnx),
DA-R05-DA-02-NAME-malay_female,DA-R05,DA-02,strong,name_cue,malay_female,embedding,anonymised,0,68.970802,ok,sentence-transformers/all-MiniLM-L6-v2 (onnx),
DA-R05-DA-02-NAME-malay_female,DA-R05,DA-02,strong,name_cue,malay_female,embedding,structured_evidence,0,67.476607,ok,sentence-transformers/all-MiniLM-L6-v2 (onnx),
DA-R05-DA-02-NAME-malay_female,DA-R05,DA-02,strong,name_cue,malay_female,embedding_sectioned,none,0,55.031812,ok,sentence-transformers/all-MiniLM-L6-v2 (onnx),
DA-R05-DA-02-NAME-malay_female,DA-R05,DA-02,strong,name_cue,malay_female,embedding_sectioned,anonymised,0,55.299597,ok,sentence-transformers/all-MiniLM-L6-v2 (onnx),
DA-R05-DA-02-NAME-malay_male,DA-R05,DA-02,strong,name_cue,malay_male,keyword,none,0,75.000000,ok,,
DA-R05-DA-02-NAME-malay_male,DA-R05,DA-02,strong,name_cue,malay_male,embedding,none,0,68.616905,ok,sentence-transformers/all-MiniLM-L6-v2 (onnx),
DA-R05-DA-02-NAME-malay_male,DA-R05,DA-02,strong,name_cue,malay_male,embedding,anonymised,0,68.970802,ok,sentence-transformers/all-MiniLM-L6-v2 (onnx),
DA-R05-DA-02-NAME-malay_male,DA-R05,DA-02,strong,name_cue,malay_male,embedding,structured_evidence,0,67.476607,ok,sentence-transformers/all-MiniLM-L6-v2 (onnx),
DA-R05-DA-02-NAME-malay_male,DA-R05,DA-02,strong,name_cue,malay_male,embedding_sectioned,none,0,55.190701,ok,sentence-transformers/all-MiniLM-L6-v2 (onnx),
DA-R05-DA-02-NAME-malay_male,DA-R05,DA-02,strong,name_cue,malay_male,embedding_sectioned,anonymised,0,55.299597,ok,sentence-transformers/all-MiniLM-L6-v2 (onnx),
DA-R05-DA-02-REF,DA-R05,DA-02,strong,none,indian_female,keyword,none,0,75.000000,ok,,
DA-R05-DA-02-REF,DA-R05,DA-02,strong,none,indian_female,embedding,none,0,69.166645,ok,sentence-transformers/all-MiniLM-L6-v2 (onnx),
DA-R05-DA-02-REF,DA-R05,DA-02,strong,none,indian_female,embedding,anonymised,0,68.970802,ok,sentence-transformers/all-MiniLM-L6-v2 (onnx),
DA-R05-DA-02-REF,DA-R05,DA-02,strong,none,indian_female,embedding,structured_evidence,0,67.476607,ok,sentence-transformers/all-MiniLM-L6-v2 (onnx),
DA-R05-DA-02-REF,DA-R05,DA-02,strong,none,indian_female,embedding_sectioned,none,0,55.068266,ok,sentence-transformers/all-MiniLM-L6-v2 (onnx),
DA-R05-DA-02-REF,DA-R05,DA-02,strong,none,indian_female,embedding_sectioned,anonymised,0,55.299597,ok,sentence-transformers/all-MiniLM-L6-v2 (onnx),
DA-R06-DA-01-FMT-ALT,DA-R06,DA-01,strong,formatting,alternative,keyword,none,0,71.666667,ok,,
DA-R06-DA-01-FMT-ALT,DA-R06,DA-01,strong,formatting,alternative,embedding,none,0,64.733269,ok,sentence-transformers/all-MiniLM-L6-v2 (onnx),
DA-R06-DA-01-FMT-ALT,DA-R06,DA-01,strong,formatting,alternative,embedding,anonymised,0,68.307529,ok,sentence-transformers/all-MiniLM-L6-v2 (onnx),
DA-R06-DA-01-FMT-ALT,DA-R06,DA-01,strong,formatting,alternative,embedding,structured_evidence,0,64.739511,ok,sentence-transformers/all-MiniLM-L6-v2 (onnx),
DA-R06-DA-01-FMT-ALT,DA-R06,DA-01,strong,formatting,alternative,embedding_sectioned,none,0,58.649731,ok,sentence-transformers/all-MiniLM-L6-v2 (onnx),
DA-R06-DA-01-FMT-ALT,DA-R06,DA-01,strong,formatting,alternative,embedding_sectioned,anonymised,0,58.896474,ok,sentence-transformers/all-MiniLM-L6-v2 (onnx),
DA-R06-DA-01-GAP,DA-R06,DA-01,strong,career_gap,12 month break,keyword,none,0,71.666667,ok,,
DA-R06-DA-01-GAP,DA-R06,DA-01,strong,career_gap,12 month break,embedding,none,0,64.584088,ok,sentence-transformers/all-MiniLM-L6-v2 (onnx),
DA-R06-DA-01-GAP,DA-R06,DA-01,strong,career_gap,12 month break,embedding,anonymised,0,70.550176,ok,sentence-transformers/all-MiniLM-L6-v2 (onnx),
DA-R06-DA-01-GAP,DA-R06,DA-01,strong,career_gap,12 month break,embedding,structured_evidence,0,64.739511,ok,sentence-transformers/all-MiniLM-L6-v2 (onnx),
DA-R06-DA-01-GAP,DA-R06,DA-01,strong,career_gap,12 month break,embedding_sectioned,none,0,58.752270,ok,sentence-transformers/all-MiniLM-L6-v2 (onnx),
DA-R06-DA-01-GAP,DA-R06,DA-01,strong,career_gap,12 month break,embedding_sectioned,anonymised,0,58.999013,ok,sentence-transformers/all-MiniLM-L6-v2 (onnx),
DA-R06-DA-01-INST-COMP,DA-R06,DA-01,strong,institution,comparison,keyword,none,0,71.666667,ok,,
DA-R06-DA-01-INST-COMP,DA-R06,DA-01,strong,institution,comparison,embedding,none,0,66.619956,ok,sentence-transformers/all-MiniLM-L6-v2 (onnx),
DA-R06-DA-01-INST-COMP,DA-R06,DA-01,strong,institution,comparison,embedding,anonymised,0,70.854468,ok,sentence-transformers/all-MiniLM-L6-v2 (onnx),
DA-R06-DA-01-INST-COMP,DA-R06,DA-01,strong,institution,comparison,embedding,structured_evidence,0,64.739511,ok,sentence-transformers/all-MiniLM-L6-v2 (onnx),
DA-R06-DA-01-INST-COMP,DA-R06,DA-01,strong,institution,comparison,embedding_sectioned,none,0,58.986210,ok,sentence-transformers/all-MiniLM-L6-v2 (onnx),
DA-R06-DA-01-INST-COMP,DA-R06,DA-01,strong,institution,comparison,embedding_sectioned,anonymised,0,59.232953,ok,sentence-transformers/all-MiniLM-L6-v2 (onnx),
DA-R06-DA-01-INST-HIGH,DA-R06,DA-01,strong,institution,higher_ranked,keyword,none,0,71.666667,ok,,
DA-R06-DA-01-INST-HIGH,DA-R06,DA-01,strong,institution,higher_ranked,embedding,none,0,66.914220,ok,sentence-transformers/all-MiniLM-L6-v2 (onnx),
DA-R06-DA-01-INST-HIGH,DA-R06,DA-01,strong,institution,higher_ranked,embedding,anonymised,0,71.483229,ok,sentence-transformers/all-MiniLM-L6-v2 (onnx),
DA-R06-DA-01-INST-HIGH,DA-R06,DA-01,strong,institution,higher_ranked,embedding,structured_evidence,0,64.739511,ok,sentence-transformers/all-MiniLM-L6-v2 (onnx),
DA-R06-DA-01-INST-HIGH,DA-R06,DA-01,strong,institution,higher_ranked,embedding_sectioned,none,0,59.278043,ok,sentence-transformers/all-MiniLM-L6-v2 (onnx),
DA-R06-DA-01-INST-HIGH,DA-R06,DA-01,strong,institution,higher_ranked,embedding_sectioned,anonymised,0,59.524786,ok,sentence-transformers/all-MiniLM-L6-v2 (onnx),
DA-R06-DA-01-NAME-chinese_female,DA-R06,DA-01,strong,name_cue,chinese_female,keyword,none,0,71.666667,ok,,
DA-R06-DA-01-NAME-chinese_female,DA-R06,DA-01,strong,name_cue,chinese_female,embedding,none,0,70.711719,ok,sentence-transformers/all-MiniLM-L6-v2 (onnx),
DA-R06-DA-01-NAME-chinese_female,DA-R06,DA-01,strong,name_cue,chinese_female,embedding,anonymised,0,70.835468,ok,sentence-transformers/all-MiniLM-L6-v2 (onnx),
DA-R06-DA-01-NAME-chinese_female,DA-R06,DA-01,strong,name_cue,chinese_female,embedding,structured_evidence,0,64.739511,ok,sentence-transformers/all-MiniLM-L6-v2 (onnx),
DA-R06-DA-01-NAME-chinese_female,DA-R06,DA-01,strong,name_cue,chinese_female,embedding_sectioned,none,0,59.351315,ok,sentence-transformers/all-MiniLM-L6-v2 (onnx),
DA-R06-DA-01-NAME-chinese_female,DA-R06,DA-01,strong,name_cue,chinese_female,embedding_sectioned,anonymised,0,59.417072,ok,sentence-transformers/all-MiniLM-L6-v2 (onnx),
DA-R06-DA-01-NAME-chinese_male,DA-R06,DA-01,strong,name_cue,chinese_male,keyword,none,0,71.666667,ok,,
DA-R06-DA-01-NAME-chinese_male,DA-R06,DA-01,strong,name_cue,chinese_male,embedding,none,0,69.493204,ok,sentence-transformers/all-MiniLM-L6-v2 (onnx),
DA-R06-DA-01-NAME-chinese_male,DA-R06,DA-01,strong,name_cue,chinese_male,embedding,anonymised,0,70.835468,ok,sentence-transformers/all-MiniLM-L6-v2 (onnx),
DA-R06-DA-01-NAME-chinese_male,DA-R06,DA-01,strong,name_cue,chinese_male,embedding,structured_evidence,0,64.739511,ok,sentence-transformers/all-MiniLM-L6-v2 (onnx),
DA-R06-DA-01-NAME-chinese_male,DA-R06,DA-01,strong,name_cue,chinese_male,embedding_sectioned,none,0,59.348501,ok,sentence-transformers/all-MiniLM-L6-v2 (onnx),
DA-R06-DA-01-NAME-chinese_male,DA-R06,DA-01,strong,name_cue,chinese_male,embedding_sectioned,anonymised,0,59.417072,ok,sentence-transformers/all-MiniLM-L6-v2 (onnx),
DA-R06-DA-01-NAME-indian_female,DA-R06,DA-01,strong,name_cue,indian_female,keyword,none,0,71.666667,ok,,
DA-R06-DA-01-NAME-indian_female,DA-R06,DA-01,strong,name_cue,indian_female,embedding,none,0,69.228718,ok,sentence-transformers/all-MiniLM-L6-v2 (onnx),
DA-R06-DA-01-NAME-indian_female,DA-R06,DA-01,strong,name_cue,indian_female,embedding,anonymised,0,70.835468,ok,sentence-transformers/all-MiniLM-L6-v2 (onnx),
DA-R06-DA-01-NAME-indian_female,DA-R06,DA-01,strong,name_cue,indian_female,embedding,structured_evidence,0,64.739511,ok,sentence-transformers/all-MiniLM-L6-v2 (onnx),
DA-R06-DA-01-NAME-indian_female,DA-R06,DA-01,strong,name_cue,indian_female,embedding_sectioned,none,0,59.480965,ok,sentence-transformers/all-MiniLM-L6-v2 (onnx),
DA-R06-DA-01-NAME-indian_female,DA-R06,DA-01,strong,name_cue,indian_female,embedding_sectioned,anonymised,0,59.417072,ok,sentence-transformers/all-MiniLM-L6-v2 (onnx),
DA-R06-DA-01-NAME-malay_female,DA-R06,DA-01,strong,name_cue,malay_female,keyword,none,0,71.666667,ok,,
DA-R06-DA-01-NAME-malay_female,DA-R06,DA-01,strong,name_cue,malay_female,embedding,none,0,70.903082,ok,sentence-transformers/all-MiniLM-L6-v2 (onnx),
DA-R06-DA-01-NAME-malay_female,DA-R06,DA-01,strong,name_cue,malay_female,embedding,anonymised,0,70.835468,ok,sentence-transformers/all-MiniLM-L6-v2 (onnx),
DA-R06-DA-01-NAME-malay_female,DA-R06,DA-01,strong,name_cue,malay_female,embedding,structured_evidence,0,64.739511,ok,sentence-transformers/all-MiniLM-L6-v2 (onnx),
DA-R06-DA-01-NAME-malay_female,DA-R06,DA-01,strong,name_cue,malay_female,embedding_sectioned,none,0,59.791075,ok,sentence-transformers/all-MiniLM-L6-v2 (onnx),
DA-R06-DA-01-NAME-malay_female,DA-R06,DA-01,strong,name_cue,malay_female,embedding_sectioned,anonymised,0,59.417072,ok,sentence-transformers/all-MiniLM-L6-v2 (onnx),
DA-R06-DA-01-NAME-malay_male,DA-R06,DA-01,strong,name_cue,malay_male,keyword,none,0,71.666667,ok,,
DA-R06-DA-01-NAME-malay_male,DA-R06,DA-01,strong,name_cue,malay_male,embedding,none,0,71.847712,ok,sentence-transformers/all-MiniLM-L6-v2 (onnx),
DA-R06-DA-01-NAME-malay_male,DA-R06,DA-01,strong,name_cue,malay_male,embedding,anonymised,0,70.835468,ok,sentence-transformers/all-MiniLM-L6-v2 (onnx),
DA-R06-DA-01-NAME-malay_male,DA-R06,DA-01,strong,name_cue,malay_male,embedding,structured_evidence,0,64.739511,ok,sentence-transformers/all-MiniLM-L6-v2 (onnx),
DA-R06-DA-01-NAME-malay_male,DA-R06,DA-01,strong,name_cue,malay_male,embedding_sectioned,none,0,59.604392,ok,sentence-transformers/all-MiniLM-L6-v2 (onnx),
DA-R06-DA-01-NAME-malay_male,DA-R06,DA-01,strong,name_cue,malay_male,embedding_sectioned,anonymised,0,59.417072,ok,sentence-transformers/all-MiniLM-L6-v2 (onnx),
DA-R06-DA-01-REF,DA-R06,DA-01,strong,none,indian_male,keyword,none,0,71.666667,ok,,
DA-R06-DA-01-REF,DA-R06,DA-01,strong,none,indian_male,embedding,none,0,66.677014,ok,sentence-transformers/all-MiniLM-L6-v2 (onnx),
DA-R06-DA-01-REF,DA-R06,DA-01,strong,none,indian_male,embedding,anonymised,0,70.835468,ok,sentence-transformers/all-MiniLM-L6-v2 (onnx),
DA-R06-DA-01-REF,DA-R06,DA-01,strong,none,indian_male,embedding,structured_evidence,0,64.739511,ok,sentence-transformers/all-MiniLM-L6-v2 (onnx),
DA-R06-DA-01-REF,DA-R06,DA-01,strong,none,indian_male,embedding_sectioned,none,0,59.170329,ok,sentence-transformers/all-MiniLM-L6-v2 (onnx),
DA-R06-DA-01-REF,DA-R06,DA-01,strong,none,indian_male,embedding_sectioned,anonymised,0,59.417072,ok,sentence-transformers/all-MiniLM-L6-v2 (onnx),
DA-R06-DA-02-FMT-ALT,DA-R06,DA-02,strong,formatting,alternative,keyword,none,0,75.000000,ok,,
DA-R06-DA-02-FMT-ALT,DA-R06,DA-02,strong,formatting,alternative,embedding,none,0,61.149237,ok,sentence-transformers/all-MiniLM-L6-v2 (onnx),
DA-R06-DA-02-FMT-ALT,DA-R06,DA-02,strong,formatting,alternative,embedding,anonymised,0,62.393560,ok,sentence-transformers/all-MiniLM-L6-v2 (onnx),
DA-R06-DA-02-FMT-ALT,DA-R06,DA-02,strong,formatting,alternative,embedding,structured_evidence,0,63.887251,ok,sentence-transformers/all-MiniLM-L6-v2 (onnx),
DA-R06-DA-02-FMT-ALT,DA-R06,DA-02,strong,formatting,alternative,embedding_sectioned,none,0,51.650938,ok,sentence-transformers/all-MiniLM-L6-v2 (onnx),
DA-R06-DA-02-FMT-ALT,DA-R06,DA-02,strong,formatting,alternative,embedding_sectioned,anonymised,0,51.790639,ok,sentence-transformers/all-MiniLM-L6-v2 (onnx),
DA-R06-DA-02-GAP,DA-R06,DA-02,strong,career_gap,12 month break,keyword,none,0,75.000000,ok,,
DA-R06-DA-02-GAP,DA-R06,DA-02,strong,career_gap,12 month break,embedding,none,0,60.032287,ok,sentence-transformers/all-MiniLM-L6-v2 (onnx),
DA-R06-DA-02-GAP,DA-R06,DA-02,strong,career_gap,12 month break,embedding,anonymised,0,62.500983,ok,sentence-transformers/all-MiniLM-L6-v2 (onnx),
DA-R06-DA-02-GAP,DA-R06,DA-02,strong,career_gap,12 month break,embedding,structured_evidence,0,63.887251,ok,sentence-transformers/all-MiniLM-L6-v2 (onnx),
DA-R06-DA-02-GAP,DA-R06,DA-02,strong,career_gap,12 month break,embedding_sectioned,none,0,50.854892,ok,sentence-transformers/all-MiniLM-L6-v2 (onnx),
DA-R06-DA-02-GAP,DA-R06,DA-02,strong,career_gap,12 month break,embedding_sectioned,anonymised,0,50.994593,ok,sentence-transformers/all-MiniLM-L6-v2 (onnx),
DA-R06-DA-02-INST-COMP,DA-R06,DA-02,strong,institution,comparison,keyword,none,0,75.000000,ok,,
DA-R06-DA-02-INST-COMP,DA-R06,DA-02,strong,institution,comparison,embedding,none,0,61.955913,ok,sentence-transformers/all-MiniLM-L6-v2 (onnx),
DA-R06-DA-02-INST-COMP,DA-R06,DA-02,strong,institution,comparison,embedding,anonymised,0,62.827101,ok,sentence-transformers/all-MiniLM-L6-v2 (onnx),
DA-R06-DA-02-INST-COMP,DA-R06,DA-02,strong,institution,comparison,embedding,structured_evidence,0,63.887251,ok,sentence-transformers/all-MiniLM-L6-v2 (onnx),
DA-R06-DA-02-INST-COMP,DA-R06,DA-02,strong,institution,comparison,embedding_sectioned,none,0,51.737900,ok,sentence-transformers/all-MiniLM-L6-v2 (onnx),
DA-R06-DA-02-INST-COMP,DA-R06,DA-02,strong,institution,comparison,embedding_sectioned,anonymised,0,51.877601,ok,sentence-transformers/all-MiniLM-L6-v2 (onnx),
DA-R06-DA-02-INST-HIGH,DA-R06,DA-02,strong,institution,higher_ranked,keyword,none,0,75.000000,ok,,
DA-R06-DA-02-INST-HIGH,DA-R06,DA-02,strong,institution,higher_ranked,embedding,none,0,62.586583,ok,sentence-transformers/all-MiniLM-L6-v2 (onnx),
DA-R06-DA-02-INST-HIGH,DA-R06,DA-02,strong,institution,higher_ranked,embedding,anonymised,0,63.784116,ok,sentence-transformers/all-MiniLM-L6-v2 (onnx),
DA-R06-DA-02-INST-HIGH,DA-R06,DA-02,strong,institution,higher_ranked,embedding,structured_evidence,0,63.887251,ok,sentence-transformers/all-MiniLM-L6-v2 (onnx),
DA-R06-DA-02-INST-HIGH,DA-R06,DA-02,strong,institution,higher_ranked,embedding_sectioned,none,0,52.379304,ok,sentence-transformers/all-MiniLM-L6-v2 (onnx),
DA-R06-DA-02-INST-HIGH,DA-R06,DA-02,strong,institution,higher_ranked,embedding_sectioned,anonymised,0,52.519005,ok,sentence-transformers/all-MiniLM-L6-v2 (onnx),
DA-R06-DA-02-NAME-chinese_female,DA-R06,DA-02,strong,name_cue,chinese_female,keyword,none,0,75.000000,ok,,
DA-R06-DA-02-NAME-chinese_female,DA-R06,DA-02,strong,name_cue,chinese_female,embedding,none,0,63.242200,ok,sentence-transformers/all-MiniLM-L6-v2 (onnx),
DA-R06-DA-02-NAME-chinese_female,DA-R06,DA-02,strong,name_cue,chinese_female,embedding,anonymised,0,63.017484,ok,sentence-transformers/all-MiniLM-L6-v2 (onnx),
DA-R06-DA-02-NAME-chinese_female,DA-R06,DA-02,strong,name_cue,chinese_female,embedding,structured_evidence,0,63.887251,ok,sentence-transformers/all-MiniLM-L6-v2 (onnx),
DA-R06-DA-02-NAME-chinese_female,DA-R06,DA-02,strong,name_cue,chinese_female,embedding_sectioned,none,0,51.878668,ok,sentence-transformers/all-MiniLM-L6-v2 (onnx),
DA-R06-DA-02-NAME-chinese_female,DA-R06,DA-02,strong,name_cue,chinese_female,embedding_sectioned,anonymised,0,52.194595,ok,sentence-transformers/all-MiniLM-L6-v2 (onnx),
DA-R06-DA-02-NAME-chinese_male,DA-R06,DA-02,strong,name_cue,chinese_male,keyword,none,0,75.000000,ok,,
DA-R06-DA-02-NAME-chinese_male,DA-R06,DA-02,strong,name_cue,chinese_male,embedding,none,0,61.056479,ok,sentence-transformers/all-MiniLM-L6-v2 (onnx),
DA-R06-DA-02-NAME-chinese_male,DA-R06,DA-02,strong,name_cue,chinese_male,embedding,anonymised,0,63.017484,ok,sentence-transformers/all-MiniLM-L6-v2 (onnx),
DA-R06-DA-02-NAME-chinese_male,DA-R06,DA-02,strong,name_cue,chinese_male,embedding,structured_evidence,0,63.887251,ok,sentence-transformers/all-MiniLM-L6-v2 (onnx),
DA-R06-DA-02-NAME-chinese_male,DA-R06,DA-02,strong,name_cue,chinese_male,embedding_sectioned,none,0,51.829816,ok,sentence-transformers/all-MiniLM-L6-v2 (onnx),
DA-R06-DA-02-NAME-chinese_male,DA-R06,DA-02,strong,name_cue,chinese_male,embedding_sectioned,anonymised,0,52.194595,ok,sentence-transformers/all-MiniLM-L6-v2 (onnx),
DA-R06-DA-02-NAME-indian_female,DA-R06,DA-02,strong,name_cue,indian_female,keyword,none,0,75.000000,ok,,
DA-R06-DA-02-NAME-indian_female,DA-R06,DA-02,strong,name_cue,indian_female,embedding,none,0,62.974762,ok,sentence-transformers/all-MiniLM-L6-v2 (onnx),
DA-R06-DA-02-NAME-indian_female,DA-R06,DA-02,strong,name_cue,indian_female,embedding,anonymised,0,63.017484,ok,sentence-transformers/all-MiniLM-L6-v2 (onnx),
DA-R06-DA-02-NAME-indian_female,DA-R06,DA-02,strong,name_cue,indian_female,embedding,structured_evidence,0,63.887251,ok,sentence-transformers/all-MiniLM-L6-v2 (onnx),
DA-R06-DA-02-NAME-indian_female,DA-R06,DA-02,strong,name_cue,indian_female,embedding_sectioned,none,0,52.092694,ok,sentence-transformers/all-MiniLM-L6-v2 (onnx),
DA-R06-DA-02-NAME-indian_female,DA-R06,DA-02,strong,name_cue,indian_female,embedding_sectioned,anonymised,0,52.194595,ok,sentence-transformers/all-MiniLM-L6-v2 (onnx),
DA-R06-DA-02-NAME-malay_female,DA-R06,DA-02,strong,name_cue,malay_female,keyword,none,0,75.000000,ok,,
DA-R06-DA-02-NAME-malay_female,DA-R06,DA-02,strong,name_cue,malay_female,embedding,none,0,63.529295,ok,sentence-transformers/all-MiniLM-L6-v2 (onnx),
DA-R06-DA-02-NAME-malay_female,DA-R06,DA-02,strong,name_cue,malay_female,embedding,anonymised,0,63.017484,ok,sentence-transformers/all-MiniLM-L6-v2 (onnx),
DA-R06-DA-02-NAME-malay_female,DA-R06,DA-02,strong,name_cue,malay_female,embedding,structured_evidence,0,63.887251,ok,sentence-transformers/all-MiniLM-L6-v2 (onnx),
DA-R06-DA-02-NAME-malay_female,DA-R06,DA-02,strong,name_cue,malay_female,embedding_sectioned,none,0,52.299110,ok,sentence-transformers/all-MiniLM-L6-v2 (onnx),
DA-R06-DA-02-NAME-malay_female,DA-R06,DA-02,strong,name_cue,malay_female,embedding_sectioned,anonymised,0,52.194595,ok,sentence-transformers/all-MiniLM-L6-v2 (onnx),
DA-R06-DA-02-NAME-malay_male,DA-R06,DA-02,strong,name_cue,malay_male,keyword,none,0,75.000000,ok,,
DA-R06-DA-02-NAME-malay_male,DA-R06,DA-02,strong,name_cue,malay_male,embedding,none,0,64.479713,ok,sentence-transformers/all-MiniLM-L6-v2 (onnx),
DA-R06-DA-02-NAME-malay_male,DA-R06,DA-02,strong,name_cue,malay_male,embedding,anonymised,0,63.017484,ok,sentence-transformers/all-MiniLM-L6-v2 (onnx),
DA-R06-DA-02-NAME-malay_male,DA-R06,DA-02,strong,name_cue,malay_male,embedding,structured_evidence,0,63.887251,ok,sentence-transformers/all-MiniLM-L6-v2 (onnx),
DA-R06-DA-02-NAME-malay_male,DA-R06,DA-02,strong,name_cue,malay_male,embedding_sectioned,none,0,52.147036,ok,sentence-transformers/all-MiniLM-L6-v2 (onnx),
DA-R06-DA-02-NAME-malay_male,DA-R06,DA-02,strong,name_cue,malay_male,embedding_sectioned,anonymised,0,52.194595,ok,sentence-transformers/all-MiniLM-L6-v2 (onnx),
DA-R06-DA-02-REF,DA-R06,DA-02,strong,none,indian_male,keyword,none,0,75.000000,ok,,
DA-R06-DA-02-REF,DA-R06,DA-02,strong,none,indian_male,embedding,none,0,62.150350,ok,sentence-transformers/all-MiniLM-L6-v2 (onnx),
DA-R06-DA-02-REF,DA-R06,DA-02,strong,none,indian_male,embedding,anonymised,0,63.017484,ok,sentence-transformers/all-MiniLM-L6-v2 (onnx),
DA-R06-DA-02-REF,DA-R06,DA-02,strong,none,indian_male,embedding,structured_evidence,0,63.887251,ok,sentence-transformers/all-MiniLM-L6-v2 (onnx),
DA-R06-DA-02-REF,DA-R06,DA-02,strong,none,indian_male,embedding_sectioned,none,0,52.054894,ok,sentence-transformers/all-MiniLM-L6-v2 (onnx),
DA-R06-DA-02-REF,DA-R06,DA-02,strong,none,indian_male,embedding_sectioned,anonymised,0,52.194595,ok,sentence-transformers/all-MiniLM-L6-v2 (onnx),
DA-R07-DA-01-FMT-ALT,DA-R07,DA-01,borderline,formatting,alternative,keyword,none,0,53.333333,ok,,
DA-R07-DA-01-FMT-ALT,DA-R07,DA-01,borderline,formatting,alternative,embedding,none,0,60.985666,ok,sentence-transformers/all-MiniLM-L6-v2 (onnx),
DA-R07-DA-01-FMT-ALT,DA-R07,DA-01,borderline,formatting,alternative,embedding,anonymised,0,60.381654,ok,sentence-transformers/all-MiniLM-L6-v2 (onnx),
DA-R07-DA-01-FMT-ALT,DA-R07,DA-01,borderline,formatting,alternative,embedding,structured_evidence,0,65.611964,ok,sentence-transformers/all-MiniLM-L6-v2 (onnx),
DA-R07-DA-01-FMT-ALT,DA-R07,DA-01,borderline,formatting,alternative,embedding_sectioned,none,0,49.281037,ok,sentence-transformers/all-MiniLM-L6-v2 (onnx),
DA-R07-DA-01-FMT-ALT,DA-R07,DA-01,borderline,formatting,alternative,embedding_sectioned,anonymised,0,49.461601,ok,sentence-transformers/all-MiniLM-L6-v2 (onnx),
DA-R07-DA-01-GAP,DA-R07,DA-01,borderline,career_gap,12 month break,keyword,none,0,53.333333,ok,,
DA-R07-DA-01-GAP,DA-R07,DA-01,borderline,career_gap,12 month break,embedding,none,0,63.984892,ok,sentence-transformers/all-MiniLM-L6-v2 (onnx),
DA-R07-DA-01-GAP,DA-R07,DA-01,borderline,career_gap,12 month break,embedding,anonymised,0,58.426515,ok,sentence-transformers/all-MiniLM-L6-v2 (onnx),
DA-R07-DA-01-GAP,DA-R07,DA-01,borderline,career_gap,12 month break,embedding,structured_evidence,0,65.611964,ok,sentence-transformers/all-MiniLM-L6-v2 (onnx),
DA-R07-DA-01-GAP,DA-R07,DA-01,borderline,career_gap,12 month break,embedding_sectioned,none,0,50.651321,ok,sentence-transformers/all-MiniLM-L6-v2 (onnx),
DA-R07-DA-01-GAP,DA-R07,DA-01,borderline,career_gap,12 month break,embedding_sectioned,anonymised,0,50.831884,ok,sentence-transformers/all-MiniLM-L6-v2 (onnx),
DA-R07-DA-01-INST-COMP,DA-R07,DA-01,borderline,institution,comparison,keyword,none,0,53.333333,ok,,
DA-R07-DA-01-INST-COMP,DA-R07,DA-01,borderline,institution,comparison,embedding,none,0,63.964453,ok,sentence-transformers/all-MiniLM-L6-v2 (onnx),
DA-R07-DA-01-INST-COMP,DA-R07,DA-01,borderline,institution,comparison,embedding,anonymised,0,60.492042,ok,sentence-transformers/all-MiniLM-L6-v2 (onnx),
DA-R07-DA-01-INST-COMP,DA-R07,DA-01,borderline,institution,comparison,embedding,structured_evidence,0,65.611964,ok,sentence-transformers/all-MiniLM-L6-v2 (onnx),
DA-R07-DA-01-INST-COMP,DA-R07,DA-01,borderline,institution,comparison,embedding_sectioned,none,0,49.783546,ok,sentence-transformers/all-MiniLM-L6-v2 (onnx),
DA-R07-DA-01-INST-COMP,DA-R07,DA-01,borderline,institution,comparison,embedding_sectioned,anonymised,0,49.964110,ok,sentence-transformers/all-MiniLM-L6-v2 (onnx),
DA-R07-DA-01-INST-HIGH,DA-R07,DA-01,borderline,institution,higher_ranked,keyword,none,0,53.333333,ok,,
DA-R07-DA-01-INST-HIGH,DA-R07,DA-01,borderline,institution,higher_ranked,embedding,none,0,63.808165,ok,sentence-transformers/all-MiniLM-L6-v2 (onnx),
DA-R07-DA-01-INST-HIGH,DA-R07,DA-01,borderline,institution,higher_ranked,embedding,anonymised,0,60.159441,ok,sentence-transformers/all-MiniLM-L6-v2 (onnx),
DA-R07-DA-01-INST-HIGH,DA-R07,DA-01,borderline,institution,higher_ranked,embedding,structured_evidence,0,65.611964,ok,sentence-transformers/all-MiniLM-L6-v2 (onnx),
DA-R07-DA-01-INST-HIGH,DA-R07,DA-01,borderline,institution,higher_ranked,embedding_sectioned,none,0,49.250863,ok,sentence-transformers/all-MiniLM-L6-v2 (onnx),
DA-R07-DA-01-INST-HIGH,DA-R07,DA-01,borderline,institution,higher_ranked,embedding_sectioned,anonymised,0,49.431426,ok,sentence-transformers/all-MiniLM-L6-v2 (onnx),
DA-R07-DA-01-NAME-chinese_male,DA-R07,DA-01,borderline,name_cue,chinese_male,keyword,none,0,53.333333,ok,,
DA-R07-DA-01-NAME-chinese_male,DA-R07,DA-01,borderline,name_cue,chinese_male,embedding,none,0,66.953992,ok,sentence-transformers/all-MiniLM-L6-v2 (onnx),
DA-R07-DA-01-NAME-chinese_male,DA-R07,DA-01,borderline,name_cue,chinese_male,embedding,anonymised,0,60.613793,ok,sentence-transformers/all-MiniLM-L6-v2 (onnx),
DA-R07-DA-01-NAME-chinese_male,DA-R07,DA-01,borderline,name_cue,chinese_male,embedding,structured_evidence,0,65.611964,ok,sentence-transformers/all-MiniLM-L6-v2 (onnx),
DA-R07-DA-01-NAME-chinese_male,DA-R07,DA-01,borderline,name_cue,chinese_male,embedding_sectioned,none,0,49.623378,ok,sentence-transformers/all-MiniLM-L6-v2 (onnx),
DA-R07-DA-01-NAME-chinese_male,DA-R07,DA-01,borderline,name_cue,chinese_male,embedding_sectioned,anonymised,0,49.640474,ok,sentence-transformers/all-MiniLM-L6-v2 (onnx),
DA-R07-DA-01-NAME-indian_female,DA-R07,DA-01,borderline,name_cue,indian_female,keyword,none,0,53.333333,ok,,
DA-R07-DA-01-NAME-indian_female,DA-R07,DA-01,borderline,name_cue,indian_female,embedding,none,0,69.576363,ok,sentence-transformers/all-MiniLM-L6-v2 (onnx),
DA-R07-DA-01-NAME-indian_female,DA-R07,DA-01,borderline,name_cue,indian_female,embedding,anonymised,0,60.613793,ok,sentence-transformers/all-MiniLM-L6-v2 (onnx),
DA-R07-DA-01-NAME-indian_female,DA-R07,DA-01,borderline,name_cue,indian_female,embedding,structured_evidence,0,65.611964,ok,sentence-transformers/all-MiniLM-L6-v2 (onnx),
DA-R07-DA-01-NAME-indian_female,DA-R07,DA-01,borderline,name_cue,indian_female,embedding_sectioned,none,0,49.661493,ok,sentence-transformers/all-MiniLM-L6-v2 (onnx),
DA-R07-DA-01-NAME-indian_female,DA-R07,DA-01,borderline,name_cue,indian_female,embedding_sectioned,anonymised,0,49.640474,ok,sentence-transformers/all-MiniLM-L6-v2 (onnx),
DA-R07-DA-01-NAME-indian_male,DA-R07,DA-01,borderline,name_cue,indian_male,keyword,none,0,53.333333,ok,,
DA-R07-DA-01-NAME-indian_male,DA-R07,DA-01,borderline,name_cue,indian_male,embedding,none,0,70.170608,ok,sentence-transformers/all-MiniLM-L6-v2 (onnx),
DA-R07-DA-01-NAME-indian_male,DA-R07,DA-01,borderline,name_cue,indian_male,embedding,anonymised,0,60.613793,ok,sentence-transformers/all-MiniLM-L6-v2 (onnx),
DA-R07-DA-01-NAME-indian_male,DA-R07,DA-01,borderline,name_cue,indian_male,embedding,structured_evidence,0,65.611964,ok,sentence-transformers/all-MiniLM-L6-v2 (onnx),
DA-R07-DA-01-NAME-indian_male,DA-R07,DA-01,borderline,name_cue,indian_male,embedding_sectioned,none,0,49.763438,ok,sentence-transformers/all-MiniLM-L6-v2 (onnx),
DA-R07-DA-01-NAME-indian_male,DA-R07,DA-01,borderline,name_cue,indian_male,embedding_sectioned,anonymised,0,49.640474,ok,sentence-transformers/all-MiniLM-L6-v2 (onnx),
DA-R07-DA-01-NAME-malay_female,DA-R07,DA-01,borderline,name_cue,malay_female,keyword,none,0,53.333333,ok,,
DA-R07-DA-01-NAME-malay_female,DA-R07,DA-01,borderline,name_cue,malay_female,embedding,none,0,68.579280,ok,sentence-transformers/all-MiniLM-L6-v2 (onnx),
DA-R07-DA-01-NAME-malay_female,DA-R07,DA-01,borderline,name_cue,malay_female,embedding,anonymised,0,60.613793,ok,sentence-transformers/all-MiniLM-L6-v2 (onnx),
DA-R07-DA-01-NAME-malay_female,DA-R07,DA-01,borderline,name_cue,malay_female,embedding,structured_evidence,0,65.611964,ok,sentence-transformers/all-MiniLM-L6-v2 (onnx),
DA-R07-DA-01-NAME-malay_female,DA-R07,DA-01,borderline,name_cue,malay_female,embedding_sectioned,none,0,49.654672,ok,sentence-transformers/all-MiniLM-L6-v2 (onnx),
DA-R07-DA-01-NAME-malay_female,DA-R07,DA-01,borderline,name_cue,malay_female,embedding_sectioned,anonymised,0,49.640474,ok,sentence-transformers/all-MiniLM-L6-v2 (onnx),
DA-R07-DA-01-NAME-malay_male,DA-R07,DA-01,borderline,name_cue,malay_male,keyword,none,0,53.333333,ok,,
DA-R07-DA-01-NAME-malay_male,DA-R07,DA-01,borderline,name_cue,malay_male,embedding,none,0,68.594162,ok,sentence-transformers/all-MiniLM-L6-v2 (onnx),
DA-R07-DA-01-NAME-malay_male,DA-R07,DA-01,borderline,name_cue,malay_male,embedding,anonymised,0,60.613793,ok,sentence-transformers/all-MiniLM-L6-v2 (onnx),
DA-R07-DA-01-NAME-malay_male,DA-R07,DA-01,borderline,name_cue,malay_male,embedding,structured_evidence,0,65.611964,ok,sentence-transformers/all-MiniLM-L6-v2 (onnx),
DA-R07-DA-01-NAME-malay_male,DA-R07,DA-01,borderline,name_cue,malay_male,embedding_sectioned,none,0,49.844829,ok,sentence-transformers/all-MiniLM-L6-v2 (onnx),
DA-R07-DA-01-NAME-malay_male,DA-R07,DA-01,borderline,name_cue,malay_male,embedding_sectioned,anonymised,0,49.640474,ok,sentence-transformers/all-MiniLM-L6-v2 (onnx),
DA-R07-DA-01-REF,DA-R07,DA-01,borderline,none,chinese_female,keyword,none,0,53.333333,ok,,
DA-R07-DA-01-REF,DA-R07,DA-01,borderline,none,chinese_female,embedding,none,0,63.962495,ok,sentence-transformers/all-MiniLM-L6-v2 (onnx),
DA-R07-DA-01-REF,DA-R07,DA-01,borderline,none,chinese_female,embedding,anonymised,0,60.613793,ok,sentence-transformers/all-MiniLM-L6-v2 (onnx),
DA-R07-DA-01-REF,DA-R07,DA-01,borderline,none,chinese_female,embedding,structured_evidence,0,65.611964,ok,sentence-transformers/all-MiniLM-L6-v2 (onnx),
DA-R07-DA-01-REF,DA-R07,DA-01,borderline,none,chinese_female,embedding_sectioned,none,0,49.459911,ok,sentence-transformers/all-MiniLM-L6-v2 (onnx),
DA-R07-DA-01-REF,DA-R07,DA-01,borderline,none,chinese_female,embedding_sectioned,anonymised,0,49.640474,ok,sentence-transformers/all-MiniLM-L6-v2 (onnx),
DA-R07-DA-02-FMT-ALT,DA-R07,DA-02,good,formatting,alternative,keyword,none,0,68.333333,ok,,
DA-R07-DA-02-FMT-ALT,DA-R07,DA-02,good,formatting,alternative,embedding,none,0,58.742411,ok,sentence-transformers/all-MiniLM-L6-v2 (onnx),
DA-R07-DA-02-FMT-ALT,DA-R07,DA-02,good,formatting,alternative,embedding,anonymised,0,60.605589,ok,sentence-transformers/all-MiniLM-L6-v2 (onnx),
DA-R07-DA-02-FMT-ALT,DA-R07,DA-02,good,formatting,alternative,embedding,structured_evidence,0,61.702442,ok,sentence-transformers/all-MiniLM-L6-v2 (onnx),
DA-R07-DA-02-FMT-ALT,DA-R07,DA-02,good,formatting,alternative,embedding_sectioned,none,0,47.666919,ok,sentence-transformers/all-MiniLM-L6-v2 (onnx),
DA-R07-DA-02-FMT-ALT,DA-R07,DA-02,good,formatting,alternative,embedding_sectioned,anonymised,0,47.962035,ok,sentence-transformers/all-MiniLM-L6-v2 (onnx),
DA-R07-DA-02-GAP,DA-R07,DA-02,good,career_gap,12 month break,keyword,none,0,68.333333,ok,,
DA-R07-DA-02-GAP,DA-R07,DA-02,good,career_gap,12 month break,embedding,none,0,61.718822,ok,sentence-transformers/all-MiniLM-L6-v2 (onnx),
DA-R07-DA-02-GAP,DA-R07,DA-02,good,career_gap,12 month break,embedding,anonymised,0,55.438916,ok,sentence-transformers/all-MiniLM-L6-v2 (onnx),
DA-R07-DA-02-GAP,DA-R07,DA-02,good,career_gap,12 month break,embedding,structured_evidence,0,61.702442,ok,sentence-transformers/all-MiniLM-L6-v2 (onnx),
DA-R07-DA-02-GAP,DA-R07,DA-02,good,career_gap,12 month break,embedding_sectioned,none,0,48.764037,ok,sentence-transformers/all-MiniLM-L6-v2 (onnx),
DA-R07-DA-02-GAP,DA-R07,DA-02,good,career_gap,12 month break,embedding_sectioned,anonymised,0,49.059153,ok,sentence-transformers/all-MiniLM-L6-v2 (onnx),
DA-R07-DA-02-INST-COMP,DA-R07,DA-02,good,institution,comparison,keyword,none,0,68.333333,ok,,
DA-R07-DA-02-INST-COMP,DA-R07,DA-02,good,institution,comparison,embedding,none,0,62.933695,ok,sentence-transformers/all-MiniLM-L6-v2 (onnx),
DA-R07-DA-02-INST-COMP,DA-R07,DA-02,good,institution,comparison,embedding,anonymised,0,61.255575,ok,sentence-transformers/all-MiniLM-L6-v2 (onnx),
DA-R07-DA-02-INST-COMP,DA-R07,DA-02,good,institution,comparison,embedding,structured_evidence,0,61.702442,ok,sentence-transformers/all-MiniLM-L6-v2 (onnx),
DA-R07-DA-02-INST-COMP,DA-R07,DA-02,good,institution,comparison,embedding_sectioned,none,0,47.923193,ok,sentence-transformers/all-MiniLM-L6-v2 (onnx),
DA-R07-DA-02-INST-COMP,DA-R07,DA-02,good,institution,comparison,embedding_sectioned,anonymised,0,48.218309,ok,sentence-transformers/all-MiniLM-L6-v2 (onnx),
DA-R07-DA-02-INST-HIGH,DA-R07,DA-02,good,institution,higher_ranked,keyword,none,0,68.333333,ok,,
DA-R07-DA-02-INST-HIGH,DA-R07,DA-02,good,institution,higher_ranked,embedding,none,0,62.769793,ok,sentence-transformers/all-MiniLM-L6-v2 (onnx),
DA-R07-DA-02-INST-HIGH,DA-R07,DA-02,good,institution,higher_ranked,embedding,anonymised,0,61.001570,ok,sentence-transformers/all-MiniLM-L6-v2 (onnx),
DA-R07-DA-02-INST-HIGH,DA-R07,DA-02,good,institution,higher_ranked,embedding,structured_evidence,0,61.702442,ok,sentence-transformers/all-MiniLM-L6-v2 (onnx),
DA-R07-DA-02-INST-HIGH,DA-R07,DA-02,good,institution,higher_ranked,embedding_sectioned,none,0,47.651234,ok,sentence-transformers/all-MiniLM-L6-v2 (onnx),
DA-R07-DA-02-INST-HIGH,DA-R07,DA-02,good,institution,higher_ranked,embedding_sectioned,anonymised,0,47.946350,ok,sentence-transformers/all-MiniLM-L6-v2 (onnx),
DA-R07-DA-02-NAME-chinese_male,DA-R07,DA-02,good,name_cue,chinese_male,keyword,none,0,68.333333,ok,,
DA-R07-DA-02-NAME-chinese_male,DA-R07,DA-02,good,name_cue,chinese_male,embedding,none,0,65.499624,ok,sentence-transformers/all-MiniLM-L6-v2 (onnx),
DA-R07-DA-02-NAME-chinese_male,DA-R07,DA-02,good,name_cue,chinese_male,embedding,anonymised,0,61.067644,ok,sentence-transformers/all-MiniLM-L6-v2 (onnx),
DA-R07-DA-02-NAME-chinese_male,DA-R07,DA-02,good,name_cue,chinese_male,embedding,structured_evidence,0,61.702442,ok,sentence-transformers/all-MiniLM-L6-v2 (onnx),
DA-R07-DA-02-NAME-chinese_male,DA-R07,DA-02,good,name_cue,chinese_male,embedding_sectioned,none,0,48.051006,ok,sentence-transformers/all-MiniLM-L6-v2 (onnx),
DA-R07-DA-02-NAME-chinese_male,DA-R07,DA-02,good,name_cue,chinese_male,embedding_sectioned,anonymised,0,48.221941,ok,sentence-transformers/all-MiniLM-L6-v2 (onnx),
DA-R07-DA-02-NAME-indian_female,DA-R07,DA-02,good,name_cue,indian_female,keyword,none,0,68.333333,ok,,
DA-R07-DA-02-NAME-indian_female,DA-R07,DA-02,good,name_cue,indian_female,embedding,none,0,66.807673,ok,sentence-transformers/all-MiniLM-L6-v2 (onnx),
DA-R07-DA-02-NAME-indian_female,DA-R07,DA-02,good,name_cue,indian_female,embedding,anonymised,0,61.067644,ok,sentence-transformers/all-MiniLM-L6-v2 (onnx),
DA-R07-DA-02-NAME-indian_female,DA-R07,DA-02,good,name_cue,indian_female,embedding,structured_evidence,0,61.702442,ok,sentence-transformers/all-MiniLM-L6-v2 (onnx),
DA-R07-DA-02-NAME-indian_female,DA-R07,DA-02,good,name_cue,indian_female,embedding_sectioned,none,0,47.990610,ok,sentence-transformers/all-MiniLM-L6-v2 (onnx),
DA-R07-DA-02-NAME-indian_female,DA-R07,DA-02,good,name_cue,indian_female,embedding_sectioned,anonymised,0,48.221941,ok,sentence-transformers/all-MiniLM-L6-v2 (onnx),
DA-R07-DA-02-NAME-indian_male,DA-R07,DA-02,good,name_cue,indian_male,keyword,none,0,68.333333,ok,,
DA-R07-DA-02-NAME-indian_male,DA-R07,DA-02,good,name_cue,indian_male,embedding,none,0,67.460801,ok,sentence-transformers/all-MiniLM-L6-v2 (onnx),
DA-R07-DA-02-NAME-indian_male,DA-R07,DA-02,good,name_cue,indian_male,embedding,anonymised,0,61.067644,ok,sentence-transformers/all-MiniLM-L6-v2 (onnx),
DA-R07-DA-02-NAME-indian_male,DA-R07,DA-02,good,name_cue,indian_male,embedding,structured_evidence,0,61.702442,ok,sentence-transformers/all-MiniLM-L6-v2 (onnx),
DA-R07-DA-02-NAME-indian_male,DA-R07,DA-02,good,name_cue,indian_male,embedding_sectioned,none,0,48.029124,ok,sentence-transformers/all-MiniLM-L6-v2 (onnx),
DA-R07-DA-02-NAME-indian_male,DA-R07,DA-02,good,name_cue,indian_male,embedding_sectioned,anonymised,0,48.221941,ok,sentence-transformers/all-MiniLM-L6-v2 (onnx),
DA-R07-DA-02-NAME-malay_female,DA-R07,DA-02,good,name_cue,malay_female,keyword,none,0,68.333333,ok,,
DA-R07-DA-02-NAME-malay_female,DA-R07,DA-02,good,name_cue,malay_female,embedding,none,0,66.700046,ok,sentence-transformers/all-MiniLM-L6-v2 (onnx),
DA-R07-DA-02-NAME-malay_female,DA-R07,DA-02,good,name_cue,malay_female,embedding,anonymised,0,61.067644,ok,sentence-transformers/all-MiniLM-L6-v2 (onnx),
DA-R07-DA-02-NAME-malay_female,DA-R07,DA-02,good,name_cue,malay_female,embedding,structured_evidence,0,61.702442,ok,sentence-transformers/all-MiniLM-L6-v2 (onnx),
DA-R07-DA-02-NAME-malay_female,DA-R07,DA-02,good,name_cue,malay_female,embedding_sectioned,none,0,47.954156,ok,sentence-transformers/all-MiniLM-L6-v2 (onnx),
DA-R07-DA-02-NAME-malay_female,DA-R07,DA-02,good,name_cue,malay_female,embedding_sectioned,anonymised,0,48.221941,ok,sentence-transformers/all-MiniLM-L6-v2 (onnx),
DA-R07-DA-02-NAME-malay_male,DA-R07,DA-02,good,name_cue,malay_male,keyword,none,0,68.333333,ok,,
DA-R07-DA-02-NAME-malay_male,DA-R07,DA-02,good,name_cue,malay_male,embedding,none,0,66.361474,ok,sentence-transformers/all-MiniLM-L6-v2 (onnx),
DA-R07-DA-02-NAME-malay_male,DA-R07,DA-02,good,name_cue,malay_male,embedding,anonymised,0,61.067644,ok,sentence-transformers/all-MiniLM-L6-v2 (onnx),
DA-R07-DA-02-NAME-malay_male,DA-R07,DA-02,good,name_cue,malay_male,embedding,structured_evidence,0,61.702442,ok,sentence-transformers/all-MiniLM-L6-v2 (onnx),
DA-R07-DA-02-NAME-malay_male,DA-R07,DA-02,good,name_cue,malay_male,embedding_sectioned,none,0,48.113045,ok,sentence-transformers/all-MiniLM-L6-v2 (onnx),
DA-R07-DA-02-NAME-malay_male,DA-R07,DA-02,good,name_cue,malay_male,embedding_sectioned,anonymised,0,48.221941,ok,sentence-transformers/all-MiniLM-L6-v2 (onnx),
DA-R07-DA-02-REF,DA-R07,DA-02,good,none,chinese_female,keyword,none,0,68.333333,ok,,
DA-R07-DA-02-REF,DA-R07,DA-02,good,none,chinese_female,embedding,none,0,62.478363,ok,sentence-transformers/all-MiniLM-L6-v2 (onnx),
DA-R07-DA-02-REF,DA-R07,DA-02,good,none,chinese_female,embedding,anonymised,0,61.067644,ok,sentence-transformers/all-MiniLM-L6-v2 (onnx),
DA-R07-DA-02-REF,DA-R07,DA-02,good,none,chinese_female,embedding,structured_evidence,0,61.702442,ok,sentence-transformers/all-MiniLM-L6-v2 (onnx),
DA-R07-DA-02-REF,DA-R07,DA-02,good,none,chinese_female,embedding_sectioned,none,0,47.926825,ok,sentence-transformers/all-MiniLM-L6-v2 (onnx),
DA-R07-DA-02-REF,DA-R07,DA-02,good,none,chinese_female,embedding_sectioned,anonymised,0,48.221941,ok,sentence-transformers/all-MiniLM-L6-v2 (onnx),
DA-R08-DA-01-FMT-ALT,DA-R08,DA-01,weak,formatting,alternative,keyword,none,0,30.000000,ok,,
DA-R08-DA-01-FMT-ALT,DA-R08,DA-01,weak,formatting,alternative,embedding,none,0,51.019622,ok,sentence-transformers/all-MiniLM-L6-v2 (onnx),
DA-R08-DA-01-FMT-ALT,DA-R08,DA-01,weak,formatting,alternative,embedding,anonymised,0,50.012676,ok,sentence-transformers/all-MiniLM-L6-v2 (onnx),
DA-R08-DA-01-FMT-ALT,DA-R08,DA-01,weak,formatting,alternative,embedding,structured_evidence,0,64.416097,ok,sentence-transformers/all-MiniLM-L6-v2 (onnx),
DA-R08-DA-01-FMT-ALT,DA-R08,DA-01,weak,formatting,alternative,embedding_sectioned,none,0,42.220320,ok,sentence-transformers/all-MiniLM-L6-v2 (onnx),
DA-R08-DA-01-FMT-ALT,DA-R08,DA-01,weak,formatting,alternative,embedding_sectioned,anonymised,0,42.288891,ok,sentence-transformers/all-MiniLM-L6-v2 (onnx),
DA-R08-DA-01-GAP,DA-R08,DA-01,weak,career_gap,12 month break,keyword,none,0,30.000000,ok,,
DA-R08-DA-01-GAP,DA-R08,DA-01,weak,career_gap,12 month break,embedding,none,0,55.240503,ok,sentence-transformers/all-MiniLM-L6-v2 (onnx),
DA-R08-DA-01-GAP,DA-R08,DA-01,weak,career_gap,12 month break,embedding,anonymised,0,52.354431,ok,sentence-transformers/all-MiniLM-L6-v2 (onnx),
DA-R08-DA-01-GAP,DA-R08,DA-01,weak,career_gap,12 month break,embedding,structured_evidence,0,64.416097,ok,sentence-transformers/all-MiniLM-L6-v2 (onnx),
DA-R08-DA-01-GAP,DA-R08,DA-01,weak,career_gap,12 month break,embedding_sectioned,none,0,43.367753,ok,sentence-transformers/all-MiniLM-L6-v2 (onnx),
DA-R08-DA-01-GAP,DA-R08,DA-01,weak,career_gap,12 month break,embedding_sectioned,anonymised,0,43.436324,ok,sentence-transformers/all-MiniLM-L6-v2 (onnx),
DA-R08-DA-01-INST-COMP,DA-R08,DA-01,weak,institution,comparison,keyword,none,0,30.000000,ok,,
DA-R08-DA-01-INST-COMP,DA-R08,DA-01,weak,institution,comparison,embedding,none,0,55.747823,ok,sentence-transformers/all-MiniLM-L6-v2 (onnx),
DA-R08-DA-01-INST-COMP,DA-R08,DA-01,weak,institution,comparison,embedding,anonymised,0,48.381629,ok,sentence-transformers/all-MiniLM-L6-v2 (onnx),
DA-R08-DA-01-INST-COMP,DA-R08,DA-01,weak,institution,comparison,embedding,structured_evidence,0,64.416097,ok,sentence-transformers/all-MiniLM-L6-v2 (onnx),
DA-R08-DA-01-INST-COMP,DA-R08,DA-01,weak,institution,comparison,embedding_sectioned,none,0,42.312818,ok,sentence-transformers/all-MiniLM-L6-v2 (onnx),
DA-R08-DA-01-INST-COMP,DA-R08,DA-01,weak,institution,comparison,embedding_sectioned,anonymised,0,42.381389,ok,sentence-transformers/all-MiniLM-L6-v2 (onnx),
DA-R08-DA-01-INST-HIGH,DA-R08,DA-01,weak,institution,higher_ranked,keyword,none,0,30.000000,ok,,
DA-R08-DA-01-INST-HIGH,DA-R08,DA-01,weak,institution,higher_ranked,embedding,none,0,55.998155,ok,sentence-transformers/all-MiniLM-L6-v2 (onnx),
DA-R08-DA-01-INST-HIGH,DA-R08,DA-01,weak,institution,higher_ranked,embedding,anonymised,0,48.970012,ok,sentence-transformers/all-MiniLM-L6-v2 (onnx),
DA-R08-DA-01-INST-HIGH,DA-R08,DA-01,weak,institution,higher_ranked,embedding,structured_evidence,0,64.416097,ok,sentence-transformers/all-MiniLM-L6-v2 (onnx),
DA-R08-DA-01-INST-HIGH,DA-R08,DA-01,weak,institution,higher_ranked,embedding_sectioned,none,0,42.483667,ok,sentence-transformers/all-MiniLM-L6-v2 (onnx),
DA-R08-DA-01-INST-HIGH,DA-R08,DA-01,weak,institution,higher_ranked,embedding_sectioned,anonymised,0,42.552239,ok,sentence-transformers/all-MiniLM-L6-v2 (onnx),
DA-R08-DA-01-NAME-chinese_female,DA-R08,DA-01,weak,name_cue,chinese_female,keyword,none,0,30.000000,ok,,
DA-R08-DA-01-NAME-chinese_female,DA-R08,DA-01,weak,name_cue,chinese_female,embedding,none,0,54.291011,ok,sentence-transformers/all-MiniLM-L6-v2 (onnx),
DA-R08-DA-01-NAME-chinese_female,DA-R08,DA-01,weak,name_cue,chinese_female,embedding,anonymised,0,48.381629,ok,sentence-transformers/all-MiniLM-L6-v2 (onnx),
DA-R08-DA-01-NAME-chinese_female,DA-R08,DA-01,weak,name_cue,chinese_female,embedding,structured_evidence,0,64.416097,ok,sentence-transformers/all-MiniLM-L6-v2 (onnx),
DA-R08-DA-01-NAME-chinese_female,DA-R08,DA-01,weak,name_cue,chinese_female,embedding_sectioned,none,0,42.315632,ok,sentence-transformers/all-MiniLM-L6-v2 (onnx),
DA-R08-DA-01-NAME-chinese_female,DA-R08,DA-01,weak,name_cue,chinese_female,embedding_sectioned,anonymised,0,42.381389,ok,sentence-transformers/all-MiniLM-L6-v2 (onnx),
DA-R08-DA-01-NAME-indian_female,DA-R08,DA-01,weak,name_cue,indian_female,keyword,none,0,30.000000,ok,,
DA-R08-DA-01-NAME-indian_female,DA-R08,DA-01,weak,name_cue,indian_female,embedding,none,0,54.767844,ok,sentence-transformers/all-MiniLM-L6-v2 (onnx),
DA-R08-DA-01-NAME-indian_female,DA-R08,DA-01,weak,name_cue,indian_female,embedding,anonymised,0,48.381629,ok,sentence-transformers/all-MiniLM-L6-v2 (onnx),
DA-R08-DA-01-NAME-indian_female,DA-R08,DA-01,weak,name_cue,indian_female,embedding,structured_evidence,0,64.416097,ok,sentence-transformers/all-MiniLM-L6-v2 (onnx),
DA-R08-DA-01-NAME-indian_female,DA-R08,DA-01,weak,name_cue,indian_female,embedding_sectioned,none,0,42.445282,ok,sentence-transformers/all-MiniLM-L6-v2 (onnx),
DA-R08-DA-01-NAME-indian_female,DA-R08,DA-01,weak,name_cue,indian_female,embedding_sectioned,anonymised,0,42.381389,ok,sentence-transformers/all-MiniLM-L6-v2 (onnx),
DA-R08-DA-01-NAME-indian_male,DA-R08,DA-01,weak,name_cue,indian_male,keyword,none,0,30.000000,ok,,
DA-R08-DA-01-NAME-indian_male,DA-R08,DA-01,weak,name_cue,indian_male,embedding,none,0,50.353635,ok,sentence-transformers/all-MiniLM-L6-v2 (onnx),
DA-R08-DA-01-NAME-indian_male,DA-R08,DA-01,weak,name_cue,indian_male,embedding,anonymised,0,48.381629,ok,sentence-transformers/all-MiniLM-L6-v2 (onnx),
DA-R08-DA-01-NAME-indian_male,DA-R08,DA-01,weak,name_cue,indian_male,embedding,structured_evidence,0,64.416097,ok,sentence-transformers/all-MiniLM-L6-v2 (onnx),
DA-R08-DA-01-NAME-indian_male,DA-R08,DA-01,weak,name_cue,indian_male,embedding_sectioned,none,0,42.134647,ok,sentence-transformers/all-MiniLM-L6-v2 (onnx),
DA-R08-DA-01-NAME-indian_male,DA-R08,DA-01,weak,name_cue,indian_male,embedding_sectioned,anonymised,0,42.381389,ok,sentence-transformers/all-MiniLM-L6-v2 (onnx),
DA-R08-DA-01-NAME-malay_female,DA-R08,DA-01,weak,name_cue,malay_female,keyword,none,0,30.000000,ok,,
DA-R08-DA-01-NAME-malay_female,DA-R08,DA-01,weak,name_cue,malay_female,embedding,none,0,56.917286,ok,sentence-transformers/all-MiniLM-L6-v2 (onnx),
DA-R08-DA-01-NAME-malay_female,DA-R08,DA-01,weak,name_cue,malay_female,embedding,anonymised,0,48.381629,ok,sentence-transformers/all-MiniLM-L6-v2 (onnx),
DA-R08-DA-01-NAME-malay_female,DA-R08,DA-01,weak,name_cue,malay_female,embedding,structured_evidence,0,64.416097,ok,sentence-transformers/all-MiniLM-L6-v2 (onnx),
DA-R08-DA-01-NAME-malay_female,DA-R08,DA-01,weak,name_cue,malay_female,embedding_sectioned,none,0,42.755392,ok,sentence-transformers/all-MiniLM-L6-v2 (onnx),
DA-R08-DA-01-NAME-malay_female,DA-R08,DA-01,weak,name_cue,malay_female,embedding_sectioned,anonymised,0,42.381389,ok,sentence-transformers/all-MiniLM-L6-v2 (onnx),
DA-R08-DA-01-NAME-malay_male,DA-R08,DA-01,weak,name_cue,malay_male,keyword,none,0,30.000000,ok,,
DA-R08-DA-01-NAME-malay_male,DA-R08,DA-01,weak,name_cue,malay_male,embedding,none,0,56.447570,ok,sentence-transformers/all-MiniLM-L6-v2 (onnx),
DA-R08-DA-01-NAME-malay_male,DA-R08,DA-01,weak,name_cue,malay_male,embedding,anonymised,0,48.381629,ok,sentence-transformers/all-MiniLM-L6-v2 (onnx),
DA-R08-DA-01-NAME-malay_male,DA-R08,DA-01,weak,name_cue,malay_male,embedding,structured_evidence,0,64.416097,ok,sentence-transformers/all-MiniLM-L6-v2 (onnx),
DA-R08-DA-01-NAME-malay_male,DA-R08,DA-01,weak,name_cue,malay_male,embedding_sectioned,none,0,42.568709,ok,sentence-transformers/all-MiniLM-L6-v2 (onnx),
DA-R08-DA-01-NAME-malay_male,DA-R08,DA-01,weak,name_cue,malay_male,embedding_sectioned,anonymised,0,42.381389,ok,sentence-transformers/all-MiniLM-L6-v2 (onnx),
DA-R08-DA-01-REF,DA-R08,DA-01,weak,none,chinese_male,keyword,none,0,30.000000,ok,,
DA-R08-DA-01-REF,DA-R08,DA-01,weak,none,chinese_male,embedding,none,0,55.747823,ok,sentence-transformers/all-MiniLM-L6-v2 (onnx),
DA-R08-DA-01-REF,DA-R08,DA-01,weak,none,chinese_male,embedding,anonymised,0,48.381629,ok,sentence-transformers/all-MiniLM-L6-v2 (onnx),
DA-R08-DA-01-REF,DA-R08,DA-01,weak,none,chinese_male,embedding,structured_evidence,0,64.416097,ok,sentence-transformers/all-MiniLM-L6-v2 (onnx),
DA-R08-DA-01-REF,DA-R08,DA-01,weak,none,chinese_male,embedding_sectioned,none,0,42.312818,ok,sentence-transformers/all-MiniLM-L6-v2 (onnx),
DA-R08-DA-01-REF,DA-R08,DA-01,weak,none,chinese_male,embedding_sectioned,anonymised,0,42.381389,ok,sentence-transformers/all-MiniLM-L6-v2 (onnx),
DA-R08-DA-02-FMT-ALT,DA-R08,DA-02,borderline,formatting,alternative,keyword,none,0,23.333333,ok,,
DA-R08-DA-02-FMT-ALT,DA-R08,DA-02,borderline,formatting,alternative,embedding,none,0,50.687562,ok,sentence-transformers/all-MiniLM-L6-v2 (onnx),
DA-R08-DA-02-FMT-ALT,DA-R08,DA-02,borderline,formatting,alternative,embedding,anonymised,0,54.800815,ok,sentence-transformers/all-MiniLM-L6-v2 (onnx),
DA-R08-DA-02-FMT-ALT,DA-R08,DA-02,borderline,formatting,alternative,embedding,structured_evidence,0,60.719725,ok,sentence-transformers/all-MiniLM-L6-v2 (onnx),
DA-R08-DA-02-FMT-ALT,DA-R08,DA-02,borderline,formatting,alternative,embedding_sectioned,none,0,44.626075,ok,sentence-transformers/all-MiniLM-L6-v2 (onnx),
DA-R08-DA-02-FMT-ALT,DA-R08,DA-02,borderline,formatting,alternative,embedding_sectioned,anonymised,0,44.990854,ok,sentence-transformers/all-MiniLM-L6-v2 (onnx),
DA-R08-DA-02-GAP,DA-R08,DA-02,borderline,career_gap,12 month break,keyword,none,0,23.333333,ok,,
DA-R08-DA-02-GAP,DA-R08,DA-02,borderline,career_gap,12 month break,embedding,none,0,56.288763,ok,sentence-transformers/all-MiniLM-L6-v2 (onnx),
DA-R08-DA-02-GAP,DA-R08,DA-02,borderline,career_gap,12 month break,embedding,anonymised,0,55.637610,ok,sentence-transformers/all-MiniLM-L6-v2 (onnx),
DA-R08-DA-02-GAP,DA-R08,DA-02,borderline,career_gap,12 month break,embedding,structured_evidence,0,60.719725,ok,sentence-transformers/all-MiniLM-L6-v2 (onnx),
DA-R08-DA-02-GAP,DA-R08,DA-02,borderline,career_gap,12 month break,embedding_sectioned,none,0,45.104476,ok,sentence-transformers/all-MiniLM-L6-v2 (onnx),
DA-R08-DA-02-GAP,DA-R08,DA-02,borderline,career_gap,12 month break,embedding_sectioned,anonymised,0,45.469255,ok,sentence-transformers/all-MiniLM-L6-v2 (onnx),
DA-R08-DA-02-INST-COMP,DA-R08,DA-02,borderline,institution,comparison,keyword,none,0,23.333333,ok,,
DA-R08-DA-02-INST-COMP,DA-R08,DA-02,borderline,institution,comparison,embedding,none,0,56.436297,ok,sentence-transformers/all-MiniLM-L6-v2 (onnx),
DA-R08-DA-02-INST-COMP,DA-R08,DA-02,borderline,institution,comparison,embedding,anonymised,0,52.068462,ok,sentence-transformers/all-MiniLM-L6-v2 (onnx),
DA-R08-DA-02-INST-COMP,DA-R08,DA-02,borderline,institution,comparison,embedding,structured_evidence,0,60.719725,ok,sentence-transformers/all-MiniLM-L6-v2 (onnx),
DA-R08-DA-02-INST-COMP,DA-R08,DA-02,borderline,institution,comparison,embedding_sectioned,none,0,44.832273,ok,sentence-transformers/all-MiniLM-L6-v2 (onnx),
DA-R08-DA-02-INST-COMP,DA-R08,DA-02,borderline,institution,comparison,embedding_sectioned,anonymised,0,45.197052,ok,sentence-transformers/all-MiniLM-L6-v2 (onnx),
DA-R08-DA-02-INST-HIGH,DA-R08,DA-02,borderline,institution,higher_ranked,keyword,none,0,23.333333,ok,,
DA-R08-DA-02-INST-HIGH,DA-R08,DA-02,borderline,institution,higher_ranked,embedding,none,0,56.571156,ok,sentence-transformers/all-MiniLM-L6-v2 (onnx),
DA-R08-DA-02-INST-HIGH,DA-R08,DA-02,borderline,institution,higher_ranked,embedding,anonymised,0,52.170752,ok,sentence-transformers/all-MiniLM-L6-v2 (onnx),
DA-R08-DA-02-INST-HIGH,DA-R08,DA-02,borderline,institution,higher_ranked,embedding,structured_evidence,0,60.719725,ok,sentence-transformers/all-MiniLM-L6-v2 (onnx),
DA-R08-DA-02-INST-HIGH,DA-R08,DA-02,borderline,institution,higher_ranked,embedding_sectioned,none,0,45.205315,ok,sentence-transformers/all-MiniLM-L6-v2 (onnx),
DA-R08-DA-02-INST-HIGH,DA-R08,DA-02,borderline,institution,higher_ranked,embedding_sectioned,anonymised,0,45.570094,ok,sentence-transformers/all-MiniLM-L6-v2 (onnx),
DA-R08-DA-02-NAME-chinese_female,DA-R08,DA-02,borderline,name_cue,chinese_female,keyword,none,0,23.333333,ok,,
DA-R08-DA-02-NAME-chinese_female,DA-R08,DA-02,borderline,name_cue,chinese_female,embedding,none,0,57.349098,ok,sentence-transformers/all-MiniLM-L6-v2 (onnx),
DA-R08-DA-02-NAME-chinese_female,DA-R08,DA-02,borderline,name_cue,chinese_female,embedding,anonymised,0,52.068462,ok,sentence-transformers/all-MiniLM-L6-v2 (onnx),
DA-R08-DA-02-NAME-chinese_female,DA-R08,DA-02,borderline,name_cue,chinese_female,embedding,structured_evidence,0,60.719725,ok,sentence-transformers/all-MiniLM-L6-v2 (onnx),
DA-R08-DA-02-NAME-chinese_female,DA-R08,DA-02,borderline,name_cue,chinese_female,embedding_sectioned,none,0,44.881125,ok,sentence-transformers/all-MiniLM-L6-v2 (onnx),
DA-R08-DA-02-NAME-chinese_female,DA-R08,DA-02,borderline,name_cue,chinese_female,embedding_sectioned,anonymised,0,45.197052,ok,sentence-transformers/all-MiniLM-L6-v2 (onnx),
DA-R08-DA-02-NAME-indian_female,DA-R08,DA-02,borderline,name_cue,indian_female,keyword,none,0,23.333333,ok,,
DA-R08-DA-02-NAME-indian_female,DA-R08,DA-02,borderline,name_cue,indian_female,embedding,none,0,58.173556,ok,sentence-transformers/all-MiniLM-L6-v2 (onnx),
DA-R08-DA-02-NAME-indian_female,DA-R08,DA-02,borderline,name_cue,indian_female,embedding,anonymised,0,52.068462,ok,sentence-transformers/all-MiniLM-L6-v2 (onnx),
DA-R08-DA-02-NAME-indian_female,DA-R08,DA-02,borderline,name_cue,indian_female,embedding,structured_evidence,0,60.719725,ok,sentence-transformers/all-MiniLM-L6-v2 (onnx),
DA-R08-DA-02-NAME-indian_female,DA-R08,DA-02,borderline,name_cue,indian_female,embedding_sectioned,none,0,45.095151,ok,sentence-transformers/all-MiniLM-L6-v2 (onnx),
DA-R08-DA-02-NAME-indian_female,DA-R08,DA-02,borderline,name_cue,indian_female,embedding_sectioned,anonymised,0,45.197052,ok,sentence-transformers/all-MiniLM-L6-v2 (onnx),
DA-R08-DA-02-NAME-indian_male,DA-R08,DA-02,borderline,name_cue,indian_male,keyword,none,0,23.333333,ok,,
DA-R08-DA-02-NAME-indian_male,DA-R08,DA-02,borderline,name_cue,indian_male,embedding,none,0,56.491758,ok,sentence-transformers/all-MiniLM-L6-v2 (onnx),
DA-R08-DA-02-NAME-indian_male,DA-R08,DA-02,borderline,name_cue,indian_male,embedding,anonymised,0,52.068462,ok,sentence-transformers/all-MiniLM-L6-v2 (onnx),
DA-R08-DA-02-NAME-indian_male,DA-R08,DA-02,borderline,name_cue,indian_male,embedding,structured_evidence,0,60.719725,ok,sentence-transformers/all-MiniLM-L6-v2 (onnx),
DA-R08-DA-02-NAME-indian_male,DA-R08,DA-02,borderline,name_cue,indian_male,embedding_sectioned,none,0,45.057351,ok,sentence-transformers/all-MiniLM-L6-v2 (onnx),
DA-R08-DA-02-NAME-indian_male,DA-R08,DA-02,borderline,name_cue,indian_male,embedding_sectioned,anonymised,0,45.197052,ok,sentence-transformers/all-MiniLM-L6-v2 (onnx),
DA-R08-DA-02-NAME-malay_female,DA-R08,DA-02,borderline,name_cue,malay_female,keyword,none,0,23.333333,ok,,
DA-R08-DA-02-NAME-malay_female,DA-R08,DA-02,borderline,name_cue,malay_female,embedding,none,0,59.054206,ok,sentence-transformers/all-MiniLM-L6-v2 (onnx),
DA-R08-DA-02-NAME-malay_female,DA-R08,DA-02,borderline,name_cue,malay_female,embedding,anonymised,0,52.068462,ok,sentence-transformers/all-MiniLM-L6-v2 (onnx),
DA-R08-DA-02-NAME-malay_female,DA-R08,DA-02,borderline,name_cue,malay_female,embedding,structured_evidence,0,60.719725,ok,sentence-transformers/all-MiniLM-L6-v2 (onnx),
DA-R08-DA-02-NAME-malay_female,DA-R08,DA-02,borderline,name_cue,malay_female,embedding_sectioned,none,0,45.301567,ok,sentence-transformers/all-MiniLM-L6-v2 (onnx),
DA-R08-DA-02-NAME-malay_female,DA-R08,DA-02,borderline,name_cue,malay_female,embedding_sectioned,anonymised,0,45.197052,ok,sentence-transformers/all-MiniLM-L6-v2 (onnx),
DA-R08-DA-02-NAME-malay_male,DA-R08,DA-02,borderline,name_cue,malay_male,keyword,none,0,23.333333,ok,,
DA-R08-DA-02-NAME-malay_male,DA-R08,DA-02,borderline,name_cue,malay_male,embedding,none,0,59.976381,ok,sentence-transformers/all-MiniLM-L6-v2 (onnx),
DA-R08-DA-02-NAME-malay_male,DA-R08,DA-02,borderline,name_cue,malay_male,embedding,anonymised,0,52.068462,ok,sentence-transformers/all-MiniLM-L6-v2 (onnx),
DA-R08-DA-02-NAME-malay_male,DA-R08,DA-02,borderline,name_cue,malay_male,embedding,structured_evidence,0,60.719725,ok,sentence-transformers/all-MiniLM-L6-v2 (onnx),
DA-R08-DA-02-NAME-malay_male,DA-R08,DA-02,borderline,name_cue,malay_male,embedding_sectioned,none,0,45.149494,ok,sentence-transformers/all-MiniLM-L6-v2 (onnx),
DA-R08-DA-02-NAME-malay_male,DA-R08,DA-02,borderline,name_cue,malay_male,embedding_sectioned,anonymised,0,45.197052,ok,sentence-transformers/all-MiniLM-L6-v2 (onnx),
DA-R08-DA-02-REF,DA-R08,DA-02,borderline,none,chinese_male,keyword,none,0,23.333333,ok,,
DA-R08-DA-02-REF,DA-R08,DA-02,borderline,none,chinese_male,embedding,none,0,56.436297,ok,sentence-transformers/all-MiniLM-L6-v2 (onnx),
DA-R08-DA-02-REF,DA-R08,DA-02,borderline,none,chinese_male,embedding,anonymised,0,52.068462,ok,sentence-transformers/all-MiniLM-L6-v2 (onnx),
DA-R08-DA-02-REF,DA-R08,DA-02,borderline,none,chinese_male,embedding,structured_evidence,0,60.719725,ok,sentence-transformers/all-MiniLM-L6-v2 (onnx),
DA-R08-DA-02-REF,DA-R08,DA-02,borderline,none,chinese_male,embedding_sectioned,none,0,44.832273,ok,sentence-transformers/all-MiniLM-L6-v2 (onnx),
DA-R08-DA-02-REF,DA-R08,DA-02,borderline,none,chinese_male,embedding_sectioned,anonymised,0,45.197052,ok,sentence-transformers/all-MiniLM-L6-v2 (onnx),
MA-R01-MA-01-FMT-ALT,MA-R01,MA-01,strong,formatting,alternative,keyword,none,0,81.666667,ok,,
MA-R01-MA-01-FMT-ALT,MA-R01,MA-01,strong,formatting,alternative,embedding,none,0,74.987940,ok,sentence-transformers/all-MiniLM-L6-v2 (onnx),
MA-R01-MA-01-FMT-ALT,MA-R01,MA-01,strong,formatting,alternative,embedding,anonymised,0,75.128844,ok,sentence-transformers/all-MiniLM-L6-v2 (onnx),
MA-R01-MA-01-FMT-ALT,MA-R01,MA-01,strong,formatting,alternative,embedding,structured_evidence,0,73.240011,ok,sentence-transformers/all-MiniLM-L6-v2 (onnx),
MA-R01-MA-01-FMT-ALT,MA-R01,MA-01,strong,formatting,alternative,embedding_sectioned,none,0,61.305602,ok,sentence-transformers/all-MiniLM-L6-v2 (onnx),
MA-R01-MA-01-FMT-ALT,MA-R01,MA-01,strong,formatting,alternative,embedding_sectioned,anonymised,0,61.933009,ok,sentence-transformers/all-MiniLM-L6-v2 (onnx),
MA-R01-MA-01-GAP,MA-R01,MA-01,strong,career_gap,12 month break,keyword,none,0,81.666667,ok,,
MA-R01-MA-01-GAP,MA-R01,MA-01,strong,career_gap,12 month break,embedding,none,0,72.945165,ok,sentence-transformers/all-MiniLM-L6-v2 (onnx),
MA-R01-MA-01-GAP,MA-R01,MA-01,strong,career_gap,12 month break,embedding,anonymised,0,74.644925,ok,sentence-transformers/all-MiniLM-L6-v2 (onnx),
MA-R01-MA-01-GAP,MA-R01,MA-01,strong,career_gap,12 month break,embedding,structured_evidence,0,73.240011,ok,sentence-transformers/all-MiniLM-L6-v2 (onnx),
MA-R01-MA-01-GAP,MA-R01,MA-01,strong,career_gap,12 month break,embedding_sectioned,none,0,62.924065,ok,sentence-transformers/all-MiniLM-L6-v2 (onnx),
MA-R01-MA-01-GAP,MA-R01,MA-01,strong,career_gap,12 month break,embedding_sectioned,anonymised,0,63.551472,ok,sentence-transformers/all-MiniLM-L6-v2 (onnx),
MA-R01-MA-01-INST-COMP,MA-R01,MA-01,strong,institution,comparison,keyword,none,0,81.666667,ok,,
MA-R01-MA-01-INST-COMP,MA-R01,MA-01,strong,institution,comparison,embedding,none,0,74.486282,ok,sentence-transformers/all-MiniLM-L6-v2 (onnx),
MA-R01-MA-01-INST-COMP,MA-R01,MA-01,strong,institution,comparison,embedding,anonymised,0,76.638260,ok,sentence-transformers/all-MiniLM-L6-v2 (onnx),
MA-R01-MA-01-INST-COMP,MA-R01,MA-01,strong,institution,comparison,embedding,structured_evidence,0,73.240011,ok,sentence-transformers/all-MiniLM-L6-v2 (onnx),
MA-R01-MA-01-INST-COMP,MA-R01,MA-01,strong,institution,comparison,embedding_sectioned,none,0,62.611168,ok,sentence-transformers/all-MiniLM-L6-v2 (onnx),
MA-R01-MA-01-INST-COMP,MA-R01,MA-01,strong,institution,comparison,embedding_sectioned,anonymised,0,63.238575,ok,sentence-transformers/all-MiniLM-L6-v2 (onnx),
MA-R01-MA-01-INST-HIGH,MA-R01,MA-01,strong,institution,higher_ranked,keyword,none,0,81.666667,ok,,
MA-R01-MA-01-INST-HIGH,MA-R01,MA-01,strong,institution,higher_ranked,embedding,none,0,73.718279,ok,sentence-transformers/all-MiniLM-L6-v2 (onnx),
MA-R01-MA-01-INST-HIGH,MA-R01,MA-01,strong,institution,higher_ranked,embedding,anonymised,0,76.696616,ok,sentence-transformers/all-MiniLM-L6-v2 (onnx),
MA-R01-MA-01-INST-HIGH,MA-R01,MA-01,strong,institution,higher_ranked,embedding,structured_evidence,0,73.240011,ok,sentence-transformers/all-MiniLM-L6-v2 (onnx),
MA-R01-MA-01-INST-HIGH,MA-R01,MA-01,strong,institution,higher_ranked,embedding_sectioned,none,0,62.107601,ok,sentence-transformers/all-MiniLM-L6-v2 (onnx),
MA-R01-MA-01-INST-HIGH,MA-R01,MA-01,strong,institution,higher_ranked,embedding_sectioned,anonymised,0,62.735008,ok,sentence-transformers/all-MiniLM-L6-v2 (onnx),
MA-R01-MA-01-NAME-chinese_female,MA-R01,MA-01,strong,name_cue,chinese_female,keyword,none,0,81.666667,ok,,
MA-R01-MA-01-NAME-chinese_female,MA-R01,MA-01,strong,name_cue,chinese_female,embedding,none,0,72.753714,ok,sentence-transformers/all-MiniLM-L6-v2 (onnx),
MA-R01-MA-01-NAME-chinese_female,MA-R01,MA-01,strong,name_cue,chinese_female,embedding,anonymised,0,76.696616,ok,sentence-transformers/all-MiniLM-L6-v2 (onnx),
MA-R01-MA-01-NAME-chinese_female,MA-R01,MA-01,strong,name_cue,chinese_female,embedding,structured_evidence,0,73.240011,ok,sentence-transformers/all-MiniLM-L6-v2 (onnx),
MA-R01-MA-01-NAME-chinese_female,MA-R01,MA-01,strong,name_cue,chinese_female,embedding_sectioned,none,0,62.637080,ok,sentence-transformers/all-MiniLM-L6-v2 (onnx),
MA-R01-MA-01-NAME-chinese_female,MA-R01,MA-01,strong,name_cue,chinese_female,embedding_sectioned,anonymised,0,62.735008,ok,sentence-transformers/all-MiniLM-L6-v2 (onnx),
MA-R01-MA-01-NAME-chinese_male,MA-R01,MA-01,strong,name_cue,chinese_male,keyword,none,0,81.666667,ok,,
MA-R01-MA-01-NAME-chinese_male,MA-R01,MA-01,strong,name_cue,chinese_male,embedding,none,0,74.815358,ok,sentence-transformers/all-MiniLM-L6-v2 (onnx),
MA-R01-MA-01-NAME-chinese_male,MA-R01,MA-01,strong,name_cue,chinese_male,embedding,anonymised,0,76.696616,ok,sentence-transformers/all-MiniLM-L6-v2 (onnx),
MA-R01-MA-01-NAME-chinese_male,MA-R01,MA-01,strong,name_cue,chinese_male,embedding,structured_evidence,0,73.240011,ok,sentence-transformers/all-MiniLM-L6-v2 (onnx),
MA-R01-MA-01-NAME-chinese_male,MA-R01,MA-01,strong,name_cue,chinese_male,embedding_sectioned,none,0,62.515712,ok,sentence-transformers/all-MiniLM-L6-v2 (onnx),
MA-R01-MA-01-NAME-chinese_male,MA-R01,MA-01,strong,name_cue,chinese_male,embedding_sectioned,anonymised,0,62.735008,ok,sentence-transformers/all-MiniLM-L6-v2 (onnx),
MA-R01-MA-01-NAME-indian_female,MA-R01,MA-01,strong,name_cue,indian_female,keyword,none,0,81.666667,ok,,
MA-R01-MA-01-NAME-indian_female,MA-R01,MA-01,strong,name_cue,indian_female,embedding,none,0,76.548578,ok,sentence-transformers/all-MiniLM-L6-v2 (onnx),
MA-R01-MA-01-NAME-indian_female,MA-R01,MA-01,strong,name_cue,indian_female,embedding,anonymised,0,76.696616,ok,sentence-transformers/all-MiniLM-L6-v2 (onnx),
MA-R01-MA-01-NAME-indian_female,MA-R01,MA-01,strong,name_cue,indian_female,embedding,structured_evidence,0,73.240011,ok,sentence-transformers/all-MiniLM-L6-v2 (onnx),
MA-R01-MA-01-NAME-indian_female,MA-R01,MA-01,strong,name_cue,indian_female,embedding_sectioned,none,0,62.691823,ok,sentence-transformers/all-MiniLM-L6-v2 (onnx),
MA-R01-MA-01-NAME-indian_female,MA-R01,MA-01,strong,name_cue,indian_female,embedding_sectioned,anonymised,0,62.735008,ok,sentence-transformers/all-MiniLM-L6-v2 (onnx),
MA-R01-MA-01-NAME-indian_male,MA-R01,MA-01,strong,name_cue,indian_male,keyword,none,0,81.666667,ok,,
MA-R01-MA-01-NAME-indian_male,MA-R01,MA-01,strong,name_cue,indian_male,embedding,none,0,74.718753,ok,sentence-transformers/all-MiniLM-L6-v2 (onnx),
MA-R01-MA-01-NAME-indian_male,MA-R01,MA-01,strong,name_cue,indian_male,embedding,anonymised,0,76.696616,ok,sentence-transformers/all-MiniLM-L6-v2 (onnx),
MA-R01-MA-01-NAME-indian_male,MA-R01,MA-01,strong,name_cue,indian_male,embedding,structured_evidence,0,73.240011,ok,sentence-transformers/all-MiniLM-L6-v2 (onnx),
MA-R01-MA-01-NAME-indian_male,MA-R01,MA-01,strong,name_cue,indian_male,embedding_sectioned,none,0,62.608303,ok,sentence-transformers/all-MiniLM-L6-v2 (onnx),
MA-R01-MA-01-NAME-indian_male,MA-R01,MA-01,strong,name_cue,indian_male,embedding_sectioned,anonymised,0,62.735008,ok,sentence-transformers/all-MiniLM-L6-v2 (onnx),
MA-R01-MA-01-NAME-malay_male,MA-R01,MA-01,strong,name_cue,malay_male,keyword,none,0,81.666667,ok,,
MA-R01-MA-01-NAME-malay_male,MA-R01,MA-01,strong,name_cue,malay_male,embedding,none,0,71.535848,ok,sentence-transformers/all-MiniLM-L6-v2 (onnx),
MA-R01-MA-01-NAME-malay_male,MA-R01,MA-01,strong,name_cue,malay_male,embedding,anonymised,0,76.696616,ok,sentence-transformers/all-MiniLM-L6-v2 (onnx),
MA-R01-MA-01-NAME-malay_male,MA-R01,MA-01,strong,name_cue,malay_male,embedding,structured_evidence,0,73.240011,ok,sentence-transformers/all-MiniLM-L6-v2 (onnx),
MA-R01-MA-01-NAME-malay_male,MA-R01,MA-01,strong,name_cue,malay_male,embedding_sectioned,none,0,61.942602,ok,sentence-transformers/all-MiniLM-L6-v2 (onnx),
MA-R01-MA-01-NAME-malay_male,MA-R01,MA-01,strong,name_cue,malay_male,embedding_sectioned,anonymised,0,62.735008,ok,sentence-transformers/all-MiniLM-L6-v2 (onnx),
MA-R01-MA-01-REF,MA-R01,MA-01,strong,none,malay_female,keyword,none,0,81.666667,ok,,
MA-R01-MA-01-REF,MA-R01,MA-01,strong,none,malay_female,embedding,none,0,73.718279,ok,sentence-transformers/all-MiniLM-L6-v2 (onnx),
MA-R01-MA-01-REF,MA-R01,MA-01,strong,none,malay_female,embedding,anonymised,0,76.696616,ok,sentence-transformers/all-MiniLM-L6-v2 (onnx),
MA-R01-MA-01-REF,MA-R01,MA-01,strong,none,malay_female,embedding,structured_evidence,0,73.240011,ok,sentence-transformers/all-MiniLM-L6-v2 (onnx),
MA-R01-MA-01-REF,MA-R01,MA-01,strong,none,malay_female,embedding_sectioned,none,0,62.107601,ok,sentence-transformers/all-MiniLM-L6-v2 (onnx),
MA-R01-MA-01-REF,MA-R01,MA-01,strong,none,malay_female,embedding_sectioned,anonymised,0,62.735008,ok,sentence-transformers/all-MiniLM-L6-v2 (onnx),
MA-R01-MA-02-FMT-ALT,MA-R01,MA-02,borderline,formatting,alternative,keyword,none,0,13.333333,ok,,
MA-R01-MA-02-FMT-ALT,MA-R01,MA-02,borderline,formatting,alternative,embedding,none,0,49.007182,ok,sentence-transformers/all-MiniLM-L6-v2 (onnx),
MA-R01-MA-02-FMT-ALT,MA-R01,MA-02,borderline,formatting,alternative,embedding,anonymised,0,51.128389,ok,sentence-transformers/all-MiniLM-L6-v2 (onnx),
MA-R01-MA-02-FMT-ALT,MA-R01,MA-02,borderline,formatting,alternative,embedding,structured_evidence,0,57.370785,ok,sentence-transformers/all-MiniLM-L6-v2 (onnx),
MA-R01-MA-02-FMT-ALT,MA-R01,MA-02,borderline,formatting,alternative,embedding_sectioned,none,0,42.613513,ok,sentence-transformers/all-MiniLM-L6-v2 (onnx),
MA-R01-MA-02-FMT-ALT,MA-R01,MA-02,borderline,formatting,alternative,embedding_sectioned,anonymised,0,42.983250,ok,sentence-transformers/all-MiniLM-L6-v2 (onnx),
MA-R01-MA-02-GAP,MA-R01,MA-02,borderline,career_gap,12 month break,keyword,none,0,13.333333,ok,,
MA-R01-MA-02-GAP,MA-R01,MA-02,borderline,career_gap,12 month break,embedding,none,0,48.196825,ok,sentence-transformers/all-MiniLM-L6-v2 (onnx),
MA-R01-MA-02-GAP,MA-R01,MA-02,borderline,career_gap,12 month break,embedding,anonymised,0,49.694945,ok,sentence-transformers/all-MiniLM-L6-v2 (onnx),
MA-R01-MA-02-GAP,MA-R01,MA-02,borderline,career_gap,12 month break,embedding,structured_evidence,0,57.370785,ok,sentence-transformers/all-MiniLM-L6-v2 (onnx),
MA-R01-MA-02-GAP,MA-R01,MA-02,borderline,career_gap,12 month break,embedding_sectioned,none,0,43.578107,ok,sentence-transformers/all-MiniLM-L6-v2 (onnx),
MA-R01-MA-02-GAP,MA-R01,MA-02,borderline,career_gap,12 month break,embedding_sectioned,anonymised,0,43.947843,ok,sentence-transformers/all-MiniLM-L6-v2 (onnx),
MA-R01-MA-02-INST-COMP,MA-R01,MA-02,borderline,institution,comparison,keyword,none,0,13.333333,ok,,
MA-R01-MA-02-INST-COMP,MA-R01,MA-02,borderline,institution,comparison,embedding,none,0,49.338513,ok,sentence-transformers/all-MiniLM-L6-v2 (onnx),
MA-R01-MA-02-INST-COMP,MA-R01,MA-02,borderline,institution,comparison,embedding,anonymised,0,51.255388,ok,sentence-transformers/all-MiniLM-L6-v2 (onnx),
MA-R01-MA-02-INST-COMP,MA-R01,MA-02,borderline,institution,comparison,embedding,structured_evidence,0,57.370785,ok,sentence-transformers/all-MiniLM-L6-v2 (onnx),
MA-R01-MA-02-INST-COMP,MA-R01,MA-02,borderline,institution,comparison,embedding_sectioned,none,0,43.606800,ok,sentence-transformers/all-MiniLM-L6-v2 (onnx),
MA-R01-MA-02-INST-COMP,MA-R01,MA-02,borderline,institution,comparison,embedding_sectioned,anonymised,0,43.976536,ok,sentence-transformers/all-MiniLM-L6-v2 (onnx),
MA-R01-MA-02-INST-HIGH,MA-R01,MA-02,borderline,institution,higher_ranked,keyword,none,0,13.333333,ok,,
MA-R01-MA-02-INST-HIGH,MA-R01,MA-02,borderline,institution,higher_ranked,embedding,none,0,48.536046,ok,sentence-transformers/all-MiniLM-L6-v2 (onnx),
MA-R01-MA-02-INST-HIGH,MA-R01,MA-02,borderline,institution,higher_ranked,embedding,anonymised,0,51.150632,ok,sentence-transformers/all-MiniLM-L6-v2 (onnx),
MA-R01-MA-02-INST-HIGH,MA-R01,MA-02,borderline,institution,higher_ranked,embedding,structured_evidence,0,57.370785,ok,sentence-transformers/all-MiniLM-L6-v2 (onnx),
MA-R01-MA-02-INST-HIGH,MA-R01,MA-02,borderline,institution,higher_ranked,embedding_sectioned,none,0,43.130220,ok,sentence-transformers/all-MiniLM-L6-v2 (onnx),
MA-R01-MA-02-INST-HIGH,MA-R01,MA-02,borderline,institution,higher_ranked,embedding_sectioned,anonymised,0,43.499957,ok,sentence-transformers/all-MiniLM-L6-v2 (onnx),
MA-R01-MA-02-NAME-chinese_female,MA-R01,MA-02,borderline,name_cue,chinese_female,keyword,none,0,13.333333,ok,,
MA-R01-MA-02-NAME-chinese_female,MA-R01,MA-02,borderline,name_cue,chinese_female,embedding,none,0,48.660845,ok,sentence-transformers/all-MiniLM-L6-v2 (onnx),
MA-R01-MA-02-NAME-chinese_female,MA-R01,MA-02,borderline,name_cue,chinese_female,embedding,anonymised,0,51.150632,ok,sentence-transformers/all-MiniLM-L6-v2 (onnx),
MA-R01-MA-02-NAME-chinese_female,MA-R01,MA-02,borderline,name_cue,chinese_female,embedding,structured_evidence,0,57.370785,ok,sentence-transformers/all-MiniLM-L6-v2 (onnx),
MA-R01-MA-02-NAME-chinese_female,MA-R01,MA-02,borderline,name_cue,chinese_female,embedding_sectioned,none,0,43.494069,ok,sentence-transformers/all-MiniLM-L6-v2 (onnx),
MA-R01-MA-02-NAME-chinese_female,MA-R01,MA-02,borderline,name_cue,chinese_female,embedding_sectioned,anonymised,0,43.499957,ok,sentence-transformers/all-MiniLM-L6-v2 (onnx),
MA-R01-MA-02-NAME-chinese_male,MA-R01,MA-02,borderline,name_cue,chinese_male,keyword,none,0,13.333333,ok,,
MA-R01-MA-02-NAME-chinese_male,MA-R01,MA-02,borderline,name_cue,chinese_male,embedding,none,0,50.796044,ok,sentence-transformers/all-MiniLM-L6-v2 (onnx),
MA-R01-MA-02-NAME-chinese_male,MA-R01,MA-02,borderline,name_cue,chinese_male,embedding,anonymised,0,51.150632,ok,sentence-transformers/all-MiniLM-L6-v2 (onnx),
MA-R01-MA-02-NAME-chinese_male,MA-R01,MA-02,borderline,name_cue,chinese_male,embedding,structured_evidence,0,57.370785,ok,sentence-transformers/all-MiniLM-L6-v2 (onnx),
MA-R01-MA-02-NAME-chinese_male,MA-R01,MA-02,borderline,name_cue,chinese_male,embedding_sectioned,none,0,43.525338,ok,sentence-transformers/all-MiniLM-L6-v2 (onnx),
MA-R01-MA-02-NAME-chinese_male,MA-R01,MA-02,borderline,name_cue,chinese_male,embedding_sectioned,anonymised,0,43.499957,ok,sentence-transformers/all-MiniLM-L6-v2 (onnx),
MA-R01-MA-02-NAME-indian_female,MA-R01,MA-02,borderline,name_cue,indian_female,keyword,none,0,13.333333,ok,,
MA-R01-MA-02-NAME-indian_female,MA-R01,MA-02,borderline,name_cue,indian_female,embedding,none,0,48.636133,ok,sentence-transformers/all-MiniLM-L6-v2 (onnx),
MA-R01-MA-02-NAME-indian_female,MA-R01,MA-02,borderline,name_cue,indian_female,embedding,anonymised,0,51.150632,ok,sentence-transformers/all-MiniLM-L6-v2 (onnx),
MA-R01-MA-02-NAME-indian_female,MA-R01,MA-02,borderline,name_cue,indian_female,embedding,structured_evidence,0,57.370785,ok,sentence-transformers/all-MiniLM-L6-v2 (onnx),
MA-R01-MA-02-NAME-indian_female,MA-R01,MA-02,borderline,name_cue,indian_female,embedding_sectioned,none,0,43.417521,ok,sentence-transformers/all-MiniLM-L6-v2 (onnx),
MA-R01-MA-02-NAME-indian_female,MA-R01,MA-02,borderline,name_cue,indian_female,embedding_sectioned,anonymised,0,43.499957,ok,sentence-transformers/all-MiniLM-L6-v2 (onnx),
MA-R01-MA-02-NAME-indian_male,MA-R01,MA-02,borderline,name_cue,indian_male,keyword,none,0,13.333333,ok,,
MA-R01-MA-02-NAME-indian_male,MA-R01,MA-02,borderline,name_cue,indian_male,embedding,none,0,49.850249,ok,sentence-transformers/all-MiniLM-L6-v2 (onnx),
MA-R01-MA-02-NAME-indian_male,MA-R01,MA-02,borderline,name_cue,indian_male,embedding,anonymised,0,51.150632,ok,sentence-transformers/all-MiniLM-L6-v2 (onnx),
MA-R01-MA-02-NAME-indian_male,MA-R01,MA-02,borderline,name_cue,indian_male,embedding,structured_evidence,0,57.370785,ok,sentence-transformers/all-MiniLM-L6-v2 (onnx),
MA-R01-MA-02-NAME-indian_male,MA-R01,MA-02,borderline,name_cue,indian_male,embedding_sectioned,none,0,43.709728,ok,sentence-transformers/all-MiniLM-L6-v2 (onnx),
MA-R01-MA-02-NAME-indian_male,MA-R01,MA-02,borderline,name_cue,indian_male,embedding_sectioned,anonymised,0,43.499957,ok,sentence-transformers/all-MiniLM-L6-v2 (onnx),
MA-R01-MA-02-NAME-malay_male,MA-R01,MA-02,borderline,name_cue,malay_male,keyword,none,0,13.333333,ok,,
MA-R01-MA-02-NAME-malay_male,MA-R01,MA-02,borderline,name_cue,malay_male,embedding,none,0,49.541176,ok,sentence-transformers/all-MiniLM-L6-v2 (onnx),
MA-R01-MA-02-NAME-malay_male,MA-R01,MA-02,borderline,name_cue,malay_male,embedding,anonymised,0,51.150632,ok,sentence-transformers/all-MiniLM-L6-v2 (onnx),
MA-R01-MA-02-NAME-malay_male,MA-R01,MA-02,borderline,name_cue,malay_male,embedding,structured_evidence,0,57.370785,ok,sentence-transformers/all-MiniLM-L6-v2 (onnx),
MA-R01-MA-02-NAME-malay_male,MA-R01,MA-02,borderline,name_cue,malay_male,embedding_sectioned,none,0,43.335483,ok,sentence-transformers/all-MiniLM-L6-v2 (onnx),
MA-R01-MA-02-NAME-malay_male,MA-R01,MA-02,borderline,name_cue,malay_male,embedding_sectioned,anonymised,0,43.499957,ok,sentence-transformers/all-MiniLM-L6-v2 (onnx),
MA-R01-MA-02-REF,MA-R01,MA-02,borderline,none,malay_female,keyword,none,0,13.333333,ok,,
MA-R01-MA-02-REF,MA-R01,MA-02,borderline,none,malay_female,embedding,none,0,48.536046,ok,sentence-transformers/all-MiniLM-L6-v2 (onnx),
MA-R01-MA-02-REF,MA-R01,MA-02,borderline,none,malay_female,embedding,anonymised,0,51.150632,ok,sentence-transformers/all-MiniLM-L6-v2 (onnx),
MA-R01-MA-02-REF,MA-R01,MA-02,borderline,none,malay_female,embedding,structured_evidence,0,57.370785,ok,sentence-transformers/all-MiniLM-L6-v2 (onnx),
MA-R01-MA-02-REF,MA-R01,MA-02,borderline,none,malay_female,embedding_sectioned,none,0,43.130220,ok,sentence-transformers/all-MiniLM-L6-v2 (onnx),
MA-R01-MA-02-REF,MA-R01,MA-02,borderline,none,malay_female,embedding_sectioned,anonymised,0,43.499957,ok,sentence-transformers/all-MiniLM-L6-v2 (onnx),
MA-R02-MA-01-FMT-ALT,MA-R02,MA-01,strong,formatting,alternative,keyword,none,0,73.333333,ok,,
MA-R02-MA-01-FMT-ALT,MA-R02,MA-01,strong,formatting,alternative,embedding,none,0,66.584991,ok,sentence-transformers/all-MiniLM-L6-v2 (onnx),
MA-R02-MA-01-FMT-ALT,MA-R02,MA-01,strong,formatting,alternative,embedding,anonymised,0,65.499227,ok,sentence-transformers/all-MiniLM-L6-v2 (onnx),
MA-R02-MA-01-FMT-ALT,MA-R02,MA-01,strong,formatting,alternative,embedding,structured_evidence,0,64.088941,ok,sentence-transformers/all-MiniLM-L6-v2 (onnx),
MA-R02-MA-01-FMT-ALT,MA-R02,MA-01,strong,formatting,alternative,embedding_sectioned,none,0,50.604542,ok,sentence-transformers/all-MiniLM-L6-v2 (onnx),
MA-R02-MA-01-FMT-ALT,MA-R02,MA-01,strong,formatting,alternative,embedding_sectioned,anonymised,0,51.168831,ok,sentence-transformers/all-MiniLM-L6-v2 (onnx),
MA-R02-MA-01-GAP,MA-R02,MA-01,strong,career_gap,12 month break,keyword,none,0,73.333333,ok,,
MA-R02-MA-01-GAP,MA-R02,MA-01,strong,career_gap,12 month break,embedding,none,0,67.646636,ok,sentence-transformers/all-MiniLM-L6-v2 (onnx),
MA-R02-MA-01-GAP,MA-R02,MA-01,strong,career_gap,12 month break,embedding,anonymised,0,65.685051,ok,sentence-transformers/all-MiniLM-L6-v2 (onnx),
MA-R02-MA-01-GAP,MA-R02,MA-01,strong,career_gap,12 month break,embedding,structured_evidence,0,64.088941,ok,sentence-transformers/all-MiniLM-L6-v2 (onnx),
MA-R02-MA-01-GAP,MA-R02,MA-01,strong,career_gap,12 month break,embedding_sectioned,none,0,51.933487,ok,sentence-transformers/all-MiniLM-L6-v2 (onnx),
MA-R02-MA-01-GAP,MA-R02,MA-01,strong,career_gap,12 month break,embedding_sectioned,anonymised,0,52.497776,ok,sentence-transformers/all-MiniLM-L6-v2 (onnx),
MA-R02-MA-01-INST-COMP,MA-R02,MA-01,strong,institution,comparison,keyword,none,0,73.333333,ok,,
MA-R02-MA-01-INST-COMP,MA-R02,MA-01,strong,institution,comparison,embedding,none,0,67.082753,ok,sentence-transformers/all-MiniLM-L6-v2 (onnx),
MA-R02-MA-01-INST-COMP,MA-R02,MA-01,strong,institution,comparison,embedding,anonymised,0,66.213441,ok,sentence-transformers/all-MiniLM-L6-v2 (onnx),
MA-R02-MA-01-INST-COMP,MA-R02,MA-01,strong,institution,comparison,embedding,structured_evidence,0,64.088941,ok,sentence-transformers/all-MiniLM-L6-v2 (onnx),
MA-R02-MA-01-INST-COMP,MA-R02,MA-01,strong,institution,comparison,embedding_sectioned,none,0,51.647077,ok,sentence-transformers/all-MiniLM-L6-v2 (onnx),
MA-R02-MA-01-INST-COMP,MA-R02,MA-01,strong,institution,comparison,embedding_sectioned,anonymised,0,52.211365,ok,sentence-transformers/all-MiniLM-L6-v2 (onnx),
MA-R02-MA-01-INST-HIGH,MA-R02,MA-01,strong,institution,higher_ranked,keyword,none,0,73.333333,ok,,
MA-R02-MA-01-INST-HIGH,MA-R02,MA-01,strong,institution,higher_ranked,embedding,none,0,67.319894,ok,sentence-transformers/all-MiniLM-L6-v2 (onnx),
MA-R02-MA-01-INST-HIGH,MA-R02,MA-01,strong,institution,higher_ranked,embedding,anonymised,0,66.344017,ok,sentence-transformers/all-MiniLM-L6-v2 (onnx),
MA-R02-MA-01-INST-HIGH,MA-R02,MA-01,strong,institution,higher_ranked,embedding,structured_evidence,0,64.088941,ok,sentence-transformers/all-MiniLM-L6-v2 (onnx),
MA-R02-MA-01-INST-HIGH,MA-R02,MA-01,strong,institution,higher_ranked,embedding_sectioned,none,0,51.502034,ok,sentence-transformers/all-MiniLM-L6-v2 (onnx),
MA-R02-MA-01-INST-HIGH,MA-R02,MA-01,strong,institution,higher_ranked,embedding_sectioned,anonymised,0,52.066322,ok,sentence-transformers/all-MiniLM-L6-v2 (onnx),
MA-R02-MA-01-NAME-chinese_female,MA-R02,MA-01,strong,name_cue,chinese_female,keyword,none,0,73.333333,ok,,
MA-R02-MA-01-NAME-chinese_female,MA-R02,MA-01,strong,name_cue,chinese_female,embedding,none,0,66.780256,ok,sentence-transformers/all-MiniLM-L6-v2 (onnx),
MA-R02-MA-01-NAME-chinese_female,MA-R02,MA-01,strong,name_cue,chinese_female,embedding,anonymised,0,66.396271,ok,sentence-transformers/all-MiniLM-L6-v2 (onnx),
MA-R02-MA-01-NAME-chinese_female,MA-R02,MA-01,strong,name_cue,chinese_female,embedding,structured_evidence,0,64.088941,ok,sentence-transformers/all-MiniLM-L6-v2 (onnx),
MA-R02-MA-01-NAME-chinese_female,MA-R02,MA-01,strong,name_cue,chinese_female,embedding_sectioned,none,0,51.412627,ok,sentence-transformers/all-MiniLM-L6-v2 (onnx),
MA-R02-MA-01-NAME-chinese_female,MA-R02,MA-01,strong,name_cue,chinese_female,embedding_sectioned,anonymised,0,52.001184,ok,sentence-transformers/all-MiniLM-L6-v2 (onnx),
MA-R02-MA-01-NAME-chinese_male,MA-R02,MA-01,strong,name_cue,chinese_male,keyword,none,0,73.333333,ok,,
MA-R02-MA-01-NAME-chinese_male,MA-R02,MA-01,strong,name_cue,chinese_male,embedding,none,0,67.531131,ok,sentence-transformers/all-MiniLM-L6-v2 (onnx),
MA-R02-MA-01-NAME-chinese_male,MA-R02,MA-01,strong,name_cue,chinese_male,embedding,anonymised,0,66.396271,ok,sentence-transformers/all-MiniLM-L6-v2 (onnx),
MA-R02-MA-01-NAME-chinese_male,MA-R02,MA-01,strong,name_cue,chinese_male,embedding,structured_evidence,0,64.088941,ok,sentence-transformers/all-MiniLM-L6-v2 (onnx),
MA-R02-MA-01-NAME-chinese_male,MA-R02,MA-01,strong,name_cue,chinese_male,embedding_sectioned,none,0,51.459889,ok,sentence-transformers/all-MiniLM-L6-v2 (onnx),
MA-R02-MA-01-NAME-chinese_male,MA-R02,MA-01,strong,name_cue,chinese_male,embedding_sectioned,anonymised,0,52.001184,ok,sentence-transformers/all-MiniLM-L6-v2 (onnx),
MA-R02-MA-01-NAME-indian_female,MA-R02,MA-01,strong,name_cue,indian_female,keyword,none,0,73.333333,ok,,
MA-R02-MA-01-NAME-indian_female,MA-R02,MA-01,strong,name_cue,indian_female,embedding,none,0,69.338372,ok,sentence-transformers/all-MiniLM-L6-v2 (onnx),
MA-R02-MA-01-NAME-indian_female,MA-R02,MA-01,strong,name_cue,indian_female,embedding,anonymised,0,66.396271,ok,sentence-transformers/all-MiniLM-L6-v2 (onnx),
MA-R02-MA-01-NAME-indian_female,MA-R02,MA-01,strong,name_cue,indian_female,embedding,structured_evidence,0,64.088941,ok,sentence-transformers/all-MiniLM-L6-v2 (onnx),
MA-R02-MA-01-NAME-indian_female,MA-R02,MA-01,strong,name_cue,indian_female,embedding_sectioned,none,0,51.870331,ok,sentence-transformers/all-MiniLM-L6-v2 (onnx),
MA-R02-MA-01-NAME-indian_female,MA-R02,MA-01,strong,name_cue,indian_female,embedding_sectioned,anonymised,0,52.001184,ok,sentence-transformers/all-MiniLM-L6-v2 (onnx),
MA-R02-MA-01-NAME-indian_male,MA-R02,MA-01,strong,name_cue,indian_male,keyword,none,0,73.333333,ok,,
MA-R02-MA-01-NAME-indian_male,MA-R02,MA-01,strong,name_cue,indian_male,embedding,none,0,70.031792,ok,sentence-transformers/all-MiniLM-L6-v2 (onnx),
MA-R02-MA-01-NAME-indian_male,MA-R02,MA-01,strong,name_cue,indian_male,embedding,anonymised,0,66.396271,ok,sentence-transformers/all-MiniLM-L6-v2 (onnx),
MA-R02-MA-01-NAME-indian_male,MA-R02,MA-01,strong,name_cue,indian_male,embedding,structured_evidence,0,64.088941,ok,sentence-transformers/all-MiniLM-L6-v2 (onnx),
MA-R02-MA-01-NAME-indian_male,MA-R02,MA-01,strong,name_cue,indian_male,embedding_sectioned,none,0,51.870673,ok,sentence-transformers/all-MiniLM-L6-v2 (onnx),
MA-R02-MA-01-NAME-indian_male,MA-R02,MA-01,strong,name_cue,indian_male,embedding_sectioned,anonymised,0,52.001184,ok,sentence-transformers/all-MiniLM-L6-v2 (onnx),
MA-R02-MA-01-NAME-malay_female,MA-R02,MA-01,strong,name_cue,malay_female,keyword,none,0,73.333333,ok,,
MA-R02-MA-01-NAME-malay_female,MA-R02,MA-01,strong,name_cue,malay_female,embedding,none,0,67.666930,ok,sentence-transformers/all-MiniLM-L6-v2 (onnx),
MA-R02-MA-01-NAME-malay_female,MA-R02,MA-01,strong,name_cue,malay_female,embedding,anonymised,0,66.396271,ok,sentence-transformers/all-MiniLM-L6-v2 (onnx),
MA-R02-MA-01-NAME-malay_female,MA-R02,MA-01,strong,name_cue,malay_female,embedding,structured_evidence,0,64.088941,ok,sentence-transformers/all-MiniLM-L6-v2 (onnx),
MA-R02-MA-01-NAME-malay_female,MA-R02,MA-01,strong,name_cue,malay_female,embedding_sectioned,none,0,51.312298,ok,sentence-transformers/all-MiniLM-L6-v2 (onnx),
MA-R02-MA-01-NAME-malay_female,MA-R02,MA-01,strong,name_cue,malay_female,embedding_sectioned,anonymised,0,52.001184,ok,sentence-transformers/all-MiniLM-L6-v2 (onnx),
MA-R02-MA-01-REF,MA-R02,MA-01,strong,none,malay_male,keyword,none,0,73.333333,ok,,
MA-R02-MA-01-REF,MA-R02,MA-01,strong,none,malay_male,embedding,none,0,67.446939,ok,sentence-transformers/all-MiniLM-L6-v2 (onnx),
MA-R02-MA-01-REF,MA-R02,MA-01,strong,none,malay_male,embedding,anonymised,0,66.396271,ok,sentence-transformers/all-MiniLM-L6-v2 (onnx),
MA-R02-MA-01-REF,MA-R02,MA-01,strong,none,malay_male,embedding,structured_evidence,0,64.088941,ok,sentence-transformers/all-MiniLM-L6-v2 (onnx),
MA-R02-MA-01-REF,MA-R02,MA-01,strong,none,malay_male,embedding_sectioned,none,0,51.436896,ok,sentence-transformers/all-MiniLM-L6-v2 (onnx),
MA-R02-MA-01-REF,MA-R02,MA-01,strong,none,malay_male,embedding_sectioned,anonymised,0,52.001184,ok,sentence-transformers/all-MiniLM-L6-v2 (onnx),
MA-R02-MA-02-FMT-ALT,MA-R02,MA-02,good,formatting,alternative,keyword,none,0,56.666667,ok,,
MA-R02-MA-02-FMT-ALT,MA-R02,MA-02,good,formatting,alternative,embedding,none,0,54.391842,ok,sentence-transformers/all-MiniLM-L6-v2 (onnx),
MA-R02-MA-02-FMT-ALT,MA-R02,MA-02,good,formatting,alternative,embedding,anonymised,0,52.031522,ok,sentence-transformers/all-MiniLM-L6-v2 (onnx),
MA-R02-MA-02-FMT-ALT,MA-R02,MA-02,good,formatting,alternative,embedding,structured_evidence,0,63.414970,ok,sentence-transformers/all-MiniLM-L6-v2 (onnx),
MA-R02-MA-02-FMT-ALT,MA-R02,MA-02,good,formatting,alternative,embedding_sectioned,none,0,41.952183,ok,sentence-transformers/all-MiniLM-L6-v2 (onnx),
MA-R02-MA-02-FMT-ALT,MA-R02,MA-02,good,formatting,alternative,embedding_sectioned,anonymised,0,41.736498,ok,sentence-transformers/all-MiniLM-L6-v2 (onnx),
MA-R02-MA-02-GAP,MA-R02,MA-02,good,career_gap,12 month break,keyword,none,0,56.666667,ok,,
MA-R02-MA-02-GAP,MA-R02,MA-02,good,career_gap,12 month break,embedding,none,0,56.113759,ok,sentence-transformers/all-MiniLM-L6-v2 (onnx),
MA-R02-MA-02-GAP,MA-R02,MA-02,good,career_gap,12 month break,embedding,anonymised,0,51.816243,ok,sentence-transformers/all-MiniLM-L6-v2 (onnx),
MA-R02-MA-02-GAP,MA-R02,MA-02,good,career_gap,12 month break,embedding,structured_evidence,0,63.414970,ok,sentence-transformers/all-MiniLM-L6-v2 (onnx),
MA-R02-MA-02-GAP,MA-R02,MA-02,good,career_gap,12 month break,embedding_sectioned,none,0,42.888047,ok,sentence-transformers/all-MiniLM-L6-v2 (onnx),
MA-R02-MA-02-GAP,MA-R02,MA-02,good,career_gap,12 month break,embedding_sectioned,anonymised,0,42.672361,ok,sentence-transformers/all-MiniLM-L6-v2 (onnx),
MA-R02-MA-02-INST-COMP,MA-R02,MA-02,good,institution,comparison,keyword,none,0,56.666667,ok,,
MA-R02-MA-02-INST-COMP,MA-R02,MA-02,good,institution,comparison,embedding,none,0,55.593748,ok,sentence-transformers/all-MiniLM-L6-v2 (onnx),
MA-R02-MA-02-INST-COMP,MA-R02,MA-02,good,institution,comparison,embedding,anonymised,0,52.130147,ok,sentence-transformers/all-MiniLM-L6-v2 (onnx),
MA-R02-MA-02-INST-COMP,MA-R02,MA-02,good,institution,comparison,embedding,structured_evidence,0,63.414970,ok,sentence-transformers/all-MiniLM-L6-v2 (onnx),
MA-R02-MA-02-INST-COMP,MA-R02,MA-02,good,institution,comparison,embedding_sectioned,none,0,42.876154,ok,sentence-transformers/all-MiniLM-L6-v2 (onnx),
MA-R02-MA-02-INST-COMP,MA-R02,MA-02,good,institution,comparison,embedding_sectioned,anonymised,0,42.660468,ok,sentence-transformers/all-MiniLM-L6-v2 (onnx),
MA-R02-MA-02-INST-HIGH,MA-R02,MA-02,good,institution,higher_ranked,keyword,none,0,56.666667,ok,,
MA-R02-MA-02-INST-HIGH,MA-R02,MA-02,good,institution,higher_ranked,embedding,none,0,55.996207,ok,sentence-transformers/all-MiniLM-L6-v2 (onnx),
MA-R02-MA-02-INST-HIGH,MA-R02,MA-02,good,institution,higher_ranked,embedding,anonymised,0,52.435222,ok,sentence-transformers/all-MiniLM-L6-v2 (onnx),
MA-R02-MA-02-INST-HIGH,MA-R02,MA-02,good,institution,higher_ranked,embedding,structured_evidence,0,63.414970,ok,sentence-transformers/all-MiniLM-L6-v2 (onnx),
MA-R02-MA-02-INST-HIGH,MA-R02,MA-02,good,institution,higher_ranked,embedding_sectioned,none,0,42.879595,ok,sentence-transformers/all-MiniLM-L6-v2 (onnx),
MA-R02-MA-02-INST-HIGH,MA-R02,MA-02,good,institution,higher_ranked,embedding_sectioned,anonymised,0,42.663910,ok,sentence-transformers/all-MiniLM-L6-v2 (onnx),
MA-R02-MA-02-NAME-chinese_female,MA-R02,MA-02,good,name_cue,chinese_female,keyword,none,0,56.666667,ok,,
MA-R02-MA-02-NAME-chinese_female,MA-R02,MA-02,good,name_cue,chinese_female,embedding,none,0,52.306058,ok,sentence-transformers/all-MiniLM-L6-v2 (onnx),
MA-R02-MA-02-NAME-chinese_female,MA-R02,MA-02,good,name_cue,chinese_female,embedding,anonymised,0,52.797176,ok,sentence-transformers/all-MiniLM-L6-v2 (onnx),
MA-R02-MA-02-NAME-chinese_female,MA-R02,MA-02,good,name_cue,chinese_female,embedding,structured_evidence,0,63.414970,ok,sentence-transformers/all-MiniLM-L6-v2 (onnx),
MA-R02-MA-02-NAME-chinese_female,MA-R02,MA-02,good,name_cue,chinese_female,embedding_sectioned,none,0,42.438246,ok,sentence-transformers/all-MiniLM-L6-v2 (onnx),
MA-R02-MA-02-NAME-chinese_female,MA-R02,MA-02,good,name_cue,chinese_female,embedding_sectioned,anonymised,0,42.651537,ok,sentence-transformers/all-MiniLM-L6-v2 (onnx),
MA-R02-MA-02-NAME-chinese_male,MA-R02,MA-02,good,name_cue,chinese_male,keyword,none,0,56.666667,ok,,
MA-R02-MA-02-NAME-chinese_male,MA-R02,MA-02,good,name_cue,chinese_male,embedding,none,0,54.552426,ok,sentence-transformers/all-MiniLM-L6-v2 (onnx),
MA-R02-MA-02-NAME-chinese_male,MA-R02,MA-02,good,name_cue,chinese_male,embedding,anonymised,0,52.797176,ok,sentence-transformers/all-MiniLM-L6-v2 (onnx),
MA-R02-MA-02-NAME-chinese_male,MA-R02,MA-02,good,name_cue,chinese_male,embedding,structured_evidence,0,63.414970,ok,sentence-transformers/all-MiniLM-L6-v2 (onnx),
MA-R02-MA-02-NAME-chinese_male,MA-R02,MA-02,good,name_cue,chinese_male,embedding_sectioned,none,0,42.533940,ok,sentence-transformers/all-MiniLM-L6-v2 (onnx),
MA-R02-MA-02-NAME-chinese_male,MA-R02,MA-02,good,name_cue,chinese_male,embedding_sectioned,anonymised,0,42.651537,ok,sentence-transformers/all-MiniLM-L6-v2 (onnx),
MA-R02-MA-02-NAME-indian_female,MA-R02,MA-02,good,name_cue,indian_female,keyword,none,0,56.666667,ok,,
MA-R02-MA-02-NAME-indian_female,MA-R02,MA-02,good,name_cue,indian_female,embedding,none,0,56.052972,ok,sentence-transformers/all-MiniLM-L6-v2 (onnx),
MA-R02-MA-02-NAME-indian_female,MA-R02,MA-02,good,name_cue,indian_female,embedding,anonymised,0,52.797176,ok,sentence-transformers/all-MiniLM-L6-v2 (onnx),
MA-R02-MA-02-NAME-indian_female,MA-R02,MA-02,good,name_cue,indian_female,embedding,structured_evidence,0,63.414970,ok,sentence-transformers/all-MiniLM-L6-v2 (onnx),
MA-R02-MA-02-NAME-indian_female,MA-R02,MA-02,good,name_cue,indian_female,embedding_sectioned,none,0,42.736154,ok,sentence-transformers/all-MiniLM-L6-v2 (onnx),
MA-R02-MA-02-NAME-indian_female,MA-R02,MA-02,good,name_cue,indian_female,embedding_sectioned,anonymised,0,42.651537,ok,sentence-transformers/all-MiniLM-L6-v2 (onnx),
MA-R02-MA-02-NAME-indian_male,MA-R02,MA-02,good,name_cue,indian_male,keyword,none,0,56.666667,ok,,
MA-R02-MA-02-NAME-indian_male,MA-R02,MA-02,good,name_cue,indian_male,embedding,none,0,56.383258,ok,sentence-transformers/all-MiniLM-L6-v2 (onnx),
MA-R02-MA-02-NAME-indian_male,MA-R02,MA-02,good,name_cue,indian_male,embedding,anonymised,0,52.797176,ok,sentence-transformers/all-MiniLM-L6-v2 (onnx),
MA-R02-MA-02-NAME-indian_male,MA-R02,MA-02,good,name_cue,indian_male,embedding,structured_evidence,0,63.414970,ok,sentence-transformers/all-MiniLM-L6-v2 (onnx),
MA-R02-MA-02-NAME-indian_male,MA-R02,MA-02,good,name_cue,indian_male,embedding_sectioned,none,0,42.781146,ok,sentence-transformers/all-MiniLM-L6-v2 (onnx),
MA-R02-MA-02-NAME-indian_male,MA-R02,MA-02,good,name_cue,indian_male,embedding_sectioned,anonymised,0,42.651537,ok,sentence-transformers/all-MiniLM-L6-v2 (onnx),
MA-R02-MA-02-NAME-malay_female,MA-R02,MA-02,good,name_cue,malay_female,keyword,none,0,56.666667,ok,,
MA-R02-MA-02-NAME-malay_female,MA-R02,MA-02,good,name_cue,malay_female,embedding,none,0,55.505313,ok,sentence-transformers/all-MiniLM-L6-v2 (onnx),
MA-R02-MA-02-NAME-malay_female,MA-R02,MA-02,good,name_cue,malay_female,embedding,anonymised,0,52.797176,ok,sentence-transformers/all-MiniLM-L6-v2 (onnx),
MA-R02-MA-02-NAME-malay_female,MA-R02,MA-02,good,name_cue,malay_female,embedding,structured_evidence,0,63.414970,ok,sentence-transformers/all-MiniLM-L6-v2 (onnx),
MA-R02-MA-02-NAME-malay_female,MA-R02,MA-02,good,name_cue,malay_female,embedding_sectioned,none,0,42.610071,ok,sentence-transformers/all-MiniLM-L6-v2 (onnx),
MA-R02-MA-02-NAME-malay_female,MA-R02,MA-02,good,name_cue,malay_female,embedding_sectioned,anonymised,0,42.651537,ok,sentence-transformers/all-MiniLM-L6-v2 (onnx),
MA-R02-MA-02-REF,MA-R02,MA-02,good,none,malay_male,keyword,none,0,56.666667,ok,,
MA-R02-MA-02-REF,MA-R02,MA-02,good,none,malay_male,embedding,none,0,56.215285,ok,sentence-transformers/all-MiniLM-L6-v2 (onnx),
MA-R02-MA-02-REF,MA-R02,MA-02,good,none,malay_male,embedding,anonymised,0,52.797176,ok,sentence-transformers/all-MiniLM-L6-v2 (onnx),
MA-R02-MA-02-REF,MA-R02,MA-02,good,none,malay_male,embedding,structured_evidence,0,63.414970,ok,sentence-transformers/all-MiniLM-L6-v2 (onnx),
MA-R02-MA-02-REF,MA-R02,MA-02,good,none,malay_male,embedding_sectioned,none,0,42.867222,ok,sentence-transformers/all-MiniLM-L6-v2 (onnx),
MA-R02-MA-02-REF,MA-R02,MA-02,good,none,malay_male,embedding_sectioned,anonymised,0,42.651537,ok,sentence-transformers/all-MiniLM-L6-v2 (onnx),
MA-R03-MA-01-FMT-ALT,MA-R03,MA-01,good,formatting,alternative,keyword,none,0,41.666667,ok,,
MA-R03-MA-01-FMT-ALT,MA-R03,MA-01,good,formatting,alternative,embedding,none,0,61.434730,ok,sentence-transformers/all-MiniLM-L6-v2 (onnx),
MA-R03-MA-01-FMT-ALT,MA-R03,MA-01,good,formatting,alternative,embedding,anonymised,0,61.918346,ok,sentence-transformers/all-MiniLM-L6-v2 (onnx),
MA-R03-MA-01-FMT-ALT,MA-R03,MA-01,good,formatting,alternative,embedding,structured_evidence,0,58.814131,ok,sentence-transformers/all-MiniLM-L6-v2 (onnx),
MA-R03-MA-01-FMT-ALT,MA-R03,MA-01,good,formatting,alternative,embedding_sectioned,none,0,50.549772,ok,sentence-transformers/all-MiniLM-L6-v2 (onnx),
MA-R03-MA-01-FMT-ALT,MA-R03,MA-01,good,formatting,alternative,embedding_sectioned,anonymised,0,50.807515,ok,sentence-transformers/all-MiniLM-L6-v2 (onnx),
MA-R03-MA-01-GAP,MA-R03,MA-01,good,career_gap,12 month break,keyword,none,0,41.666667,ok,,
MA-R03-MA-01-GAP,MA-R03,MA-01,good,career_gap,12 month break,embedding,none,0,63.404574,ok,sentence-transformers/all-MiniLM-L6-v2 (onnx),
MA-R03-MA-01-GAP,MA-R03,MA-01,good,career_gap,12 month break,embedding,anonymised,0,60.782992,ok,sentence-transformers/all-MiniLM-L6-v2 (onnx),
MA-R03-MA-01-GAP,MA-R03,MA-01,good,career_gap,12 month break,embedding,structured_evidence,0,58.814131,ok,sentence-transformers/all-MiniLM-L6-v2 (onnx),
MA-R03-MA-01-GAP,MA-R03,MA-01,good,career_gap,12 month break,embedding_sectioned,none,0,51.702761,ok,sentence-transformers/all-MiniLM-L6-v2 (onnx),
MA-R03-MA-01-GAP,MA-R03,MA-01,good,career_gap,12 month break,embedding_sectioned,anonymised,0,51.960505,ok,sentence-transformers/all-MiniLM-L6-v2 (onnx),
MA-R03-MA-01-INST-COMP,MA-R03,MA-01,good,institution,comparison,keyword,none,0,41.666667,ok,,
MA-R03-MA-01-INST-COMP,MA-R03,MA-01,good,institution,comparison,embedding,none,0,62.750513,ok,sentence-transformers/all-MiniLM-L6-v2 (onnx),
MA-R03-MA-01-INST-COMP,MA-R03,MA-01,good,institution,comparison,embedding,anonymised,0,61.556929,ok,sentence-transformers/all-MiniLM-L6-v2 (onnx),
MA-R03-MA-01-INST-COMP,MA-R03,MA-01,good,institution,comparison,embedding,structured_evidence,0,58.814131,ok,sentence-transformers/all-MiniLM-L6-v2 (onnx),
MA-R03-MA-01-INST-COMP,MA-R03,MA-01,good,institution,comparison,embedding_sectioned,none,0,51.218318,ok,sentence-transformers/all-MiniLM-L6-v2 (onnx),
MA-R03-MA-01-INST-COMP,MA-R03,MA-01,good,institution,comparison,embedding_sectioned,anonymised,0,51.476062,ok,sentence-transformers/all-MiniLM-L6-v2 (onnx),
MA-R03-MA-01-INST-HIGH,MA-R03,MA-01,good,institution,higher_ranked,keyword,none,0,41.666667,ok,,
MA-R03-MA-01-INST-HIGH,MA-R03,MA-01,good,institution,higher_ranked,embedding,none,0,63.136569,ok,sentence-transformers/all-MiniLM-L6-v2 (onnx),
MA-R03-MA-01-INST-HIGH,MA-R03,MA-01,good,institution,higher_ranked,embedding,anonymised,0,61.904065,ok,sentence-transformers/all-MiniLM-L6-v2 (onnx),
MA-R03-MA-01-INST-HIGH,MA-R03,MA-01,good,institution,higher_ranked,embedding,structured_evidence,0,58.814131,ok,sentence-transformers/all-MiniLM-L6-v2 (onnx),
MA-R03-MA-01-INST-HIGH,MA-R03,MA-01,good,institution,higher_ranked,embedding_sectioned,none,0,50.943132,ok,sentence-transformers/all-MiniLM-L6-v2 (onnx),
MA-R03-MA-01-INST-HIGH,MA-R03,MA-01,good,institution,higher_ranked,embedding_sectioned,anonymised,0,51.200876,ok,sentence-transformers/all-MiniLM-L6-v2 (onnx),
MA-R03-MA-01-NAME-chinese_female,MA-R03,MA-01,good,name_cue,chinese_female,keyword,none,0,41.666667,ok,,
MA-R03-MA-01-NAME-chinese_female,MA-R03,MA-01,good,name_cue,chinese_female,embedding,none,0,62.908479,ok,sentence-transformers/all-MiniLM-L6-v2 (onnx),
MA-R03-MA-01-NAME-chinese_female,MA-R03,MA-01,good,name_cue,chinese_female,embedding,anonymised,0,62.013732,ok,sentence-transformers/all-MiniLM-L6-v2 (onnx),
MA-R03-MA-01-NAME-chinese_female,MA-R03,MA-01,good,name_cue,chinese_female,embedding,structured_evidence,0,58.814131,ok,sentence-transformers/all-MiniLM-L6-v2 (onnx),
MA-R03-MA-01-NAME-chinese_female,MA-R03,MA-01,good,name_cue,chinese_female,embedding_sectioned,none,0,51.120786,ok,sentence-transformers/all-MiniLM-L6-v2 (onnx),
MA-R03-MA-01-NAME-chinese_female,MA-R03,MA-01,good,name_cue,chinese_female,embedding_sectioned,anonymised,0,51.617396,ok,sentence-transformers/all-MiniLM-L6-v2 (onnx),
MA-R03-MA-01-NAME-chinese_male,MA-R03,MA-01,good,name_cue,chinese_male,keyword,none,0,41.666667,ok,,
MA-R03-MA-01-NAME-chinese_male,MA-R03,MA-01,good,name_cue,chinese_male,embedding,none,0,62.127941,ok,sentence-transformers/all-MiniLM-L6-v2 (onnx),
MA-R03-MA-01-NAME-chinese_male,MA-R03,MA-01,good,name_cue,chinese_male,embedding,anonymised,0,62.013732,ok,sentence-transformers/all-MiniLM-L6-v2 (onnx),
MA-R03-MA-01-NAME-chinese_male,MA-R03,MA-01,good,name_cue,chinese_male,embedding,structured_evidence,0,58.814131,ok,sentence-transformers/all-MiniLM-L6-v2 (onnx),
MA-R03-MA-01-NAME-chinese_male,MA-R03,MA-01,good,name_cue,chinese_male,embedding_sectioned,none,0,51.200982,ok,sentence-transformers/all-MiniLM-L6-v2 (onnx),
MA-R03-MA-01-NAME-chinese_male,MA-R03,MA-01,good,name_cue,chinese_male,embedding_sectioned,anonymised,0,51.617396,ok,sentence-transformers/all-MiniLM-L6-v2 (onnx),
MA-R03-MA-01-NAME-indian_male,MA-R03,MA-01,good,name_cue,indian_male,keyword,none,0,41.666667,ok,,
MA-R03-MA-01-NAME-indian_male,MA-R03,MA-01,good,name_cue,indian_male,embedding,none,0,62.340770,ok,sentence-transformers/all-MiniLM-L6-v2 (onnx),
MA-R03-MA-01-NAME-indian_male,MA-R03,MA-01,good,name_cue,indian_male,embedding,anonymised,0,62.013732,ok,sentence-transformers/all-MiniLM-L6-v2 (onnx),
MA-R03-MA-01-NAME-indian_male,MA-R03,MA-01,good,name_cue,indian_male,embedding,structured_evidence,0,58.814131,ok,sentence-transformers/all-MiniLM-L6-v2 (onnx),
MA-R03-MA-01-NAME-indian_male,MA-R03,MA-01,good,name_cue,indian_male,embedding_sectioned,none,0,51.305833,ok,sentence-transformers/all-MiniLM-L6-v2 (onnx),
MA-R03-MA-01-NAME-indian_male,MA-R03,MA-01,good,name_cue,indian_male,embedding_sectioned,anonymised,0,51.617396,ok,sentence-transformers/all-MiniLM-L6-v2 (onnx),
MA-R03-MA-01-NAME-malay_female,MA-R03,MA-01,good,name_cue,malay_female,keyword,none,0,41.666667,ok,,
MA-R03-MA-01-NAME-malay_female,MA-R03,MA-01,good,name_cue,malay_female,embedding,none,0,62.326368,ok,sentence-transformers/all-MiniLM-L6-v2 (onnx),
MA-R03-MA-01-NAME-malay_female,MA-R03,MA-01,good,name_cue,malay_female,embedding,anonymised,0,62.013732,ok,sentence-transformers/all-MiniLM-L6-v2 (onnx),
MA-R03-MA-01-NAME-malay_female,MA-R03,MA-01,good,name_cue,malay_female,embedding,structured_evidence,0,58.814131,ok,sentence-transformers/all-MiniLM-L6-v2 (onnx),
MA-R03-MA-01-NAME-malay_female,MA-R03,MA-01,good,name_cue,malay_female,embedding_sectioned,none,0,51.571198,ok,sentence-transformers/all-MiniLM-L6-v2 (onnx),
MA-R03-MA-01-NAME-malay_female,MA-R03,MA-01,good,name_cue,malay_female,embedding_sectioned,anonymised,0,51.617396,ok,sentence-transformers/all-MiniLM-L6-v2 (onnx),
MA-R03-MA-01-NAME-malay_male,MA-R03,MA-01,good,name_cue,malay_male,keyword,none,0,41.666667,ok,,
MA-R03-MA-01-NAME-malay_male,MA-R03,MA-01,good,name_cue,malay_male,embedding,none,0,63.722544,ok,sentence-transformers/all-MiniLM-L6-v2 (onnx),
MA-R03-MA-01-NAME-malay_male,MA-R03,MA-01,good,name_cue,malay_male,embedding,anonymised,0,62.013732,ok,sentence-transformers/all-MiniLM-L6-v2 (onnx),
MA-R03-MA-01-NAME-malay_male,MA-R03,MA-01,good,name_cue,malay_male,embedding,structured_evidence,0,58.814131,ok,sentence-transformers/all-MiniLM-L6-v2 (onnx),
MA-R03-MA-01-NAME-malay_male,MA-R03,MA-01,good,name_cue,malay_male,embedding_sectioned,none,0,51.159784,ok,sentence-transformers/all-MiniLM-L6-v2 (onnx),
MA-R03-MA-01-NAME-malay_male,MA-R03,MA-01,good,name_cue,malay_male,embedding_sectioned,anonymised,0,51.617396,ok,sentence-transformers/all-MiniLM-L6-v2 (onnx),
MA-R03-MA-01-REF,MA-R03,MA-01,good,none,indian_female,keyword,none,0,41.666667,ok,,
MA-R03-MA-01-REF,MA-R03,MA-01,good,none,indian_female,embedding,none,0,63.179457,ok,sentence-transformers/all-MiniLM-L6-v2 (onnx),
MA-R03-MA-01-REF,MA-R03,MA-01,good,none,indian_female,embedding,anonymised,0,62.013732,ok,sentence-transformers/all-MiniLM-L6-v2 (onnx),
MA-R03-MA-01-REF,MA-R03,MA-01,good,none,indian_female,embedding,structured_evidence,0,58.814131,ok,sentence-transformers/all-MiniLM-L6-v2 (onnx),
MA-R03-MA-01-REF,MA-R03,MA-01,good,none,indian_female,embedding_sectioned,none,0,51.359652,ok,sentence-transformers/all-MiniLM-L6-v2 (onnx),
MA-R03-MA-01-REF,MA-R03,MA-01,good,none,indian_female,embedding_sectioned,anonymised,0,51.617396,ok,sentence-transformers/all-MiniLM-L6-v2 (onnx),
MA-R03-MA-02-FMT-ALT,MA-R03,MA-02,strong,formatting,alternative,keyword,none,0,68.333333,ok,,
MA-R03-MA-02-FMT-ALT,MA-R03,MA-02,strong,formatting,alternative,embedding,none,0,64.507759,ok,sentence-transformers/all-MiniLM-L6-v2 (onnx),
MA-R03-MA-02-FMT-ALT,MA-R03,MA-02,strong,formatting,alternative,embedding,anonymised,0,66.785235,ok,sentence-transformers/all-MiniLM-L6-v2 (onnx),
MA-R03-MA-02-FMT-ALT,MA-R03,MA-02,strong,formatting,alternative,embedding,structured_evidence,0,67.763781,ok,sentence-transformers/all-MiniLM-L6-v2 (onnx),
MA-R03-MA-02-FMT-ALT,MA-R03,MA-02,strong,formatting,alternative,embedding_sectioned,none,0,51.834895,ok,sentence-transformers/all-MiniLM-L6-v2 (onnx),
MA-R03-MA-02-FMT-ALT,MA-R03,MA-02,strong,formatting,alternative,embedding_sectioned,anonymised,0,51.658286,ok,sentence-transformers/all-MiniLM-L6-v2 (onnx),
MA-R03-MA-02-GAP,MA-R03,MA-02,strong,career_gap,12 month break,keyword,none,0,68.333333,ok,,
MA-R03-MA-02-GAP,MA-R03,MA-02,strong,career_gap,12 month break,embedding,none,0,64.140702,ok,sentence-transformers/all-MiniLM-L6-v2 (onnx),
MA-R03-MA-02-GAP,MA-R03,MA-02,strong,career_gap,12 month break,embedding,anonymised,0,66.604712,ok,sentence-transformers/all-MiniLM-L6-v2 (onnx),
MA-R03-MA-02-GAP,MA-R03,MA-02,strong,career_gap,12 month break,embedding,structured_evidence,0,67.763781,ok,sentence-transformers/all-MiniLM-L6-v2 (onnx),
MA-R03-MA-02-GAP,MA-R03,MA-02,strong,career_gap,12 month break,embedding_sectioned,none,0,53.762572,ok,sentence-transformers/all-MiniLM-L6-v2 (onnx),
MA-R03-MA-02-GAP,MA-R03,MA-02,strong,career_gap,12 month break,embedding_sectioned,anonymised,0,53.585962,ok,sentence-transformers/all-MiniLM-L6-v2 (onnx),
MA-R03-MA-02-INST-COMP,MA-R03,MA-02,strong,institution,comparison,keyword,none,0,68.333333,ok,,
MA-R03-MA-02-INST-COMP,MA-R03,MA-02,strong,institution,comparison,embedding,none,0,63.562514,ok,sentence-transformers/all-MiniLM-L6-v2 (onnx),
MA-R03-MA-02-INST-COMP,MA-R03,MA-02,strong,institution,comparison,embedding,anonymised,0,64.776267,ok,sentence-transformers/all-MiniLM-L6-v2 (onnx),
MA-R03-MA-02-INST-COMP,MA-R03,MA-02,strong,institution,comparison,embedding,structured_evidence,0,67.763781,ok,sentence-transformers/all-MiniLM-L6-v2 (onnx),
MA-R03-MA-02-INST-COMP,MA-R03,MA-02,strong,institution,comparison,embedding_sectioned,none,0,53.351280,ok,sentence-transformers/all-MiniLM-L6-v2 (onnx),
MA-R03-MA-02-INST-COMP,MA-R03,MA-02,strong,institution,comparison,embedding_sectioned,anonymised,0,53.174670,ok,sentence-transformers/all-MiniLM-L6-v2 (onnx),
MA-R03-MA-02-INST-HIGH,MA-R03,MA-02,strong,institution,higher_ranked,keyword,none,0,68.333333,ok,,
MA-R03-MA-02-INST-HIGH,MA-R03,MA-02,strong,institution,higher_ranked,embedding,none,0,63.639646,ok,sentence-transformers/all-MiniLM-L6-v2 (onnx),
MA-R03-MA-02-INST-HIGH,MA-R03,MA-02,strong,institution,higher_ranked,embedding,anonymised,0,64.707343,ok,sentence-transformers/all-MiniLM-L6-v2 (onnx),
MA-R03-MA-02-INST-HIGH,MA-R03,MA-02,strong,institution,higher_ranked,embedding,structured_evidence,0,67.763781,ok,sentence-transformers/all-MiniLM-L6-v2 (onnx),
MA-R03-MA-02-INST-HIGH,MA-R03,MA-02,strong,institution,higher_ranked,embedding_sectioned,none,0,52.922687,ok,sentence-transformers/all-MiniLM-L6-v2 (onnx),
MA-R03-MA-02-INST-HIGH,MA-R03,MA-02,strong,institution,higher_ranked,embedding_sectioned,anonymised,0,52.746077,ok,sentence-transformers/all-MiniLM-L6-v2 (onnx),
MA-R03-MA-02-NAME-chinese_female,MA-R03,MA-02,strong,name_cue,chinese_female,keyword,none,0,68.333333,ok,,
MA-R03-MA-02-NAME-chinese_female,MA-R03,MA-02,strong,name_cue,chinese_female,embedding,none,0,64.015946,ok,sentence-transformers/all-MiniLM-L6-v2 (onnx),
MA-R03-MA-02-NAME-chinese_female,MA-R03,MA-02,strong,name_cue,chinese_female,embedding,anonymised,0,64.794982,ok,sentence-transformers/all-MiniLM-L6-v2 (onnx),
MA-R03-MA-02-NAME-chinese_female,MA-R03,MA-02,strong,name_cue,chinese_female,embedding,structured_evidence,0,67.763781,ok,sentence-transformers/all-MiniLM-L6-v2 (onnx),
MA-R03-MA-02-NAME-chinese_female,MA-R03,MA-02,strong,name_cue,chinese_female,embedding_sectioned,none,0,52.965606,ok,sentence-transformers/all-MiniLM-L6-v2 (onnx),
MA-R03-MA-02-NAME-chinese_female,MA-R03,MA-02,strong,name_cue,chinese_female,embedding_sectioned,anonymised,0,53.199432,ok,sentence-transformers/all-MiniLM-L6-v2 (onnx),
MA-R03-MA-02-NAME-chinese_male,MA-R03,MA-02,strong,name_cue,chinese_male,keyword,none,0,68.333333,ok,,
MA-R03-MA-02-NAME-chinese_male,MA-R03,MA-02,strong,name_cue,chinese_male,embedding,none,0,60.501305,ok,sentence-transformers/all-MiniLM-L6-v2 (onnx),
MA-R03-MA-02-NAME-chinese_male,MA-R03,MA-02,strong,name_cue,chinese_male,embedding,anonymised,0,64.794982,ok,sentence-transformers/all-MiniLM-L6-v2 (onnx),
MA-R03-MA-02-NAME-chinese_male,MA-R03,MA-02,strong,name_cue,chinese_male,embedding,structured_evidence,0,67.763781,ok,sentence-transformers/all-MiniLM-L6-v2 (onnx),
MA-R03-MA-02-NAME-chinese_male,MA-R03,MA-02,strong,name_cue,chinese_male,embedding_sectioned,none,0,53.025564,ok,sentence-transformers/all-MiniLM-L6-v2 (onnx),
MA-R03-MA-02-NAME-chinese_male,MA-R03,MA-02,strong,name_cue,chinese_male,embedding_sectioned,anonymised,0,53.199432,ok,sentence-transformers/all-MiniLM-L6-v2 (onnx),
MA-R03-MA-02-NAME-indian_male,MA-R03,MA-02,strong,name_cue,indian_male,keyword,none,0,68.333333,ok,,
MA-R03-MA-02-NAME-indian_male,MA-R03,MA-02,strong,name_cue,indian_male,embedding,none,0,63.490979,ok,sentence-transformers/all-MiniLM-L6-v2 (onnx),
MA-R03-MA-02-NAME-indian_male,MA-R03,MA-02,strong,name_cue,indian_male,embedding,anonymised,0,64.794982,ok,sentence-transformers/all-MiniLM-L6-v2 (onnx),
MA-R03-MA-02-NAME-indian_male,MA-R03,MA-02,strong,name_cue,indian_male,embedding,structured_evidence,0,67.763781,ok,sentence-transformers/all-MiniLM-L6-v2 (onnx),
MA-R03-MA-02-NAME-indian_male,MA-R03,MA-02,strong,name_cue,indian_male,embedding_sectioned,none,0,53.385527,ok,sentence-transformers/all-MiniLM-L6-v2 (onnx),
MA-R03-MA-02-NAME-indian_male,MA-R03,MA-02,strong,name_cue,indian_male,embedding_sectioned,anonymised,0,53.199432,ok,sentence-transformers/all-MiniLM-L6-v2 (onnx),
MA-R03-MA-02-NAME-malay_female,MA-R03,MA-02,strong,name_cue,malay_female,keyword,none,0,68.333333,ok,,
MA-R03-MA-02-NAME-malay_female,MA-R03,MA-02,strong,name_cue,malay_female,embedding,none,0,61.650810,ok,sentence-transformers/all-MiniLM-L6-v2 (onnx),
MA-R03-MA-02-NAME-malay_female,MA-R03,MA-02,strong,name_cue,malay_female,embedding,anonymised,0,64.794982,ok,sentence-transformers/all-MiniLM-L6-v2 (onnx),
MA-R03-MA-02-NAME-malay_female,MA-R03,MA-02,strong,name_cue,malay_female,embedding,structured_evidence,0,67.763781,ok,sentence-transformers/all-MiniLM-L6-v2 (onnx),
MA-R03-MA-02-NAME-malay_female,MA-R03,MA-02,strong,name_cue,malay_female,embedding_sectioned,none,0,53.394571,ok,sentence-transformers/all-MiniLM-L6-v2 (onnx),
MA-R03-MA-02-NAME-malay_female,MA-R03,MA-02,strong,name_cue,malay_female,embedding_sectioned,anonymised,0,53.199432,ok,sentence-transformers/all-MiniLM-L6-v2 (onnx),
MA-R03-MA-02-NAME-malay_male,MA-R03,MA-02,strong,name_cue,malay_male,keyword,none,0,68.333333,ok,,
MA-R03-MA-02-NAME-malay_male,MA-R03,MA-02,strong,name_cue,malay_male,embedding,none,0,65.019556,ok,sentence-transformers/all-MiniLM-L6-v2 (onnx),
MA-R03-MA-02-NAME-malay_male,MA-R03,MA-02,strong,name_cue,malay_male,embedding,anonymised,0,64.794982,ok,sentence-transformers/all-MiniLM-L6-v2 (onnx),
MA-R03-MA-02-NAME-malay_male,MA-R03,MA-02,strong,name_cue,malay_male,embedding,structured_evidence,0,67.763781,ok,sentence-transformers/all-MiniLM-L6-v2 (onnx),
MA-R03-MA-02-NAME-malay_male,MA-R03,MA-02,strong,name_cue,malay_male,embedding_sectioned,none,0,53.321728,ok,sentence-transformers/all-MiniLM-L6-v2 (onnx),
MA-R03-MA-02-NAME-malay_male,MA-R03,MA-02,strong,name_cue,malay_male,embedding_sectioned,anonymised,0,53.199432,ok,sentence-transformers/all-MiniLM-L6-v2 (onnx),
MA-R03-MA-02-REF,MA-R03,MA-02,strong,none,indian_female,keyword,none,0,68.333333,ok,,
MA-R03-MA-02-REF,MA-R03,MA-02,strong,none,indian_female,embedding,none,0,63.768849,ok,sentence-transformers/all-MiniLM-L6-v2 (onnx),
MA-R03-MA-02-REF,MA-R03,MA-02,strong,none,indian_female,embedding,anonymised,0,64.794982,ok,sentence-transformers/all-MiniLM-L6-v2 (onnx),
MA-R03-MA-02-REF,MA-R03,MA-02,strong,none,indian_female,embedding,structured_evidence,0,67.763781,ok,sentence-transformers/all-MiniLM-L6-v2 (onnx),
MA-R03-MA-02-REF,MA-R03,MA-02,strong,none,indian_female,embedding_sectioned,none,0,53.376042,ok,sentence-transformers/all-MiniLM-L6-v2 (onnx),
MA-R03-MA-02-REF,MA-R03,MA-02,strong,none,indian_female,embedding_sectioned,anonymised,0,53.199432,ok,sentence-transformers/all-MiniLM-L6-v2 (onnx),
MA-R04-MA-01-FMT-ALT,MA-R04,MA-01,weak,formatting,alternative,keyword,none,0,13.333333,ok,,
MA-R04-MA-01-FMT-ALT,MA-R04,MA-01,weak,formatting,alternative,embedding,none,0,59.028753,ok,sentence-transformers/all-MiniLM-L6-v2 (onnx),
MA-R04-MA-01-FMT-ALT,MA-R04,MA-01,weak,formatting,alternative,embedding,anonymised,0,58.554480,ok,sentence-transformers/all-MiniLM-L6-v2 (onnx),
MA-R04-MA-01-FMT-ALT,MA-R04,MA-01,weak,formatting,alternative,embedding,structured_evidence,0,47.979589,ok,sentence-transformers/all-MiniLM-L6-v2 (onnx),
MA-R04-MA-01-FMT-ALT,MA-R04,MA-01,weak,formatting,alternative,embedding_sectioned,none,0,46.959904,ok,sentence-transformers/all-MiniLM-L6-v2 (onnx),
MA-R04-MA-01-FMT-ALT,MA-R04,MA-01,weak,formatting,alternative,embedding_sectioned,anonymised,0,47.086609,ok,sentence-transformers/all-MiniLM-L6-v2 (onnx),
MA-R04-MA-01-GAP,MA-R04,MA-01,weak,career_gap,12 month break,keyword,none,0,13.333333,ok,,
MA-R04-MA-01-GAP,MA-R04,MA-01,weak,career_gap,12 month break,embedding,none,0,60.205963,ok,sentence-transformers/all-MiniLM-L6-v2 (onnx),
MA-R04-MA-01-GAP,MA-R04,MA-01,weak,career_gap,12 month break,embedding,anonymised,0,59.285819,ok,sentence-transformers/all-MiniLM-L6-v2 (onnx),
MA-R04-MA-01-GAP,MA-R04,MA-01,weak,career_gap,12 month break,embedding,structured_evidence,0,47.979589,ok,sentence-transformers/all-MiniLM-L6-v2 (onnx),
MA-R04-MA-01-GAP,MA-R04,MA-01,weak,career_gap,12 month break,embedding_sectioned,none,0,47.432668,ok,sentence-transformers/all-MiniLM-L6-v2 (onnx),
MA-R04-MA-01-GAP,MA-R04,MA-01,weak,career_gap,12 month break,embedding_sectioned,anonymised,0,47.559372,ok,sentence-transformers/all-MiniLM-L6-v2 (onnx),
MA-R04-MA-01-INST-COMP,MA-R04,MA-01,weak,institution,comparison,keyword,none,0,13.333333,ok,,
MA-R04-MA-01-INST-COMP,MA-R04,MA-01,weak,institution,comparison,embedding,none,0,59.469095,ok,sentence-transformers/all-MiniLM-L6-v2 (onnx),
MA-R04-MA-01-INST-COMP,MA-R04,MA-01,weak,institution,comparison,embedding,anonymised,0,59.351432,ok,sentence-transformers/all-MiniLM-L6-v2 (onnx),
MA-R04-MA-01-INST-COMP,MA-R04,MA-01,weak,institution,comparison,embedding,structured_evidence,0,47.979589,ok,sentence-transformers/all-MiniLM-L6-v2 (onnx),
MA-R04-MA-01-INST-COMP,MA-R04,MA-01,weak,institution,comparison,embedding_sectioned,none,0,46.962404,ok,sentence-transformers/all-MiniLM-L6-v2 (onnx),
MA-R04-MA-01-INST-COMP,MA-R04,MA-01,weak,institution,comparison,embedding_sectioned,anonymised,0,47.089108,ok,sentence-transformers/all-MiniLM-L6-v2 (onnx),
MA-R04-MA-01-INST-HIGH,MA-R04,MA-01,weak,institution,higher_ranked,keyword,none,0,13.333333,ok,,
MA-R04-MA-01-INST-HIGH,MA-R04,MA-01,weak,institution,higher_ranked,embedding,none,0,59.361203,ok,sentence-transformers/all-MiniLM-L6-v2 (onnx),
MA-R04-MA-01-INST-HIGH,MA-R04,MA-01,weak,institution,higher_ranked,embedding,anonymised,0,59.486858,ok,sentence-transformers/all-MiniLM-L6-v2 (onnx),
MA-R04-MA-01-INST-HIGH,MA-R04,MA-01,weak,institution,higher_ranked,embedding,structured_evidence,0,47.979589,ok,sentence-transformers/all-MiniLM-L6-v2 (onnx),
MA-R04-MA-01-INST-HIGH,MA-R04,MA-01,weak,institution,higher_ranked,embedding_sectioned,none,0,46.888057,ok,sentence-transformers/all-MiniLM-L6-v2 (onnx),
MA-R04-MA-01-INST-HIGH,MA-R04,MA-01,weak,institution,higher_ranked,embedding_sectioned,anonymised,0,47.014761,ok,sentence-transformers/all-MiniLM-L6-v2 (onnx),
MA-R04-MA-01-NAME-chinese_female,MA-R04,MA-01,weak,name_cue,chinese_female,keyword,none,0,13.333333,ok,,
MA-R04-MA-01-NAME-chinese_female,MA-R04,MA-01,weak,name_cue,chinese_female,embedding,none,0,58.927187,ok,sentence-transformers/all-MiniLM-L6-v2 (onnx),
MA-R04-MA-01-NAME-chinese_female,MA-R04,MA-01,weak,name_cue,chinese_female,embedding,anonymised,0,59.161771,ok,sentence-transformers/all-MiniLM-L6-v2 (onnx),
MA-R04-MA-01-NAME-chinese_female,MA-R04,MA-01,weak,name_cue,chinese_female,embedding,structured_evidence,0,47.979589,ok,sentence-transformers/all-MiniLM-L6-v2 (onnx),
MA-R04-MA-01-NAME-chinese_female,MA-R04,MA-01,weak,name_cue,chinese_female,embedding_sectioned,none,0,46.739836,ok,sentence-transformers/all-MiniLM-L6-v2 (onnx),
MA-R04-MA-01-NAME-chinese_female,MA-R04,MA-01,weak,name_cue,chinese_female,embedding_sectioned,anonymised,0,46.837764,ok,sentence-transformers/all-MiniLM-L6-v2 (onnx),
MA-R04-MA-01-NAME-chinese_male,MA-R04,MA-01,weak,name_cue,chinese_male,keyword,none,0,13.333333,ok,,
MA-R04-MA-01-NAME-chinese_male,MA-R04,MA-01,weak,name_cue,chinese_male,embedding,none,0,58.319343,ok,sentence-transformers/all-MiniLM-L6-v2 (onnx),
MA-R04-MA-01-NAME-chinese_male,MA-R04,MA-01,weak,name_cue,chinese_male,embedding,anonymised,0,59.161771,ok,sentence-transformers/all-MiniLM-L6-v2 (onnx),
MA-R04-MA-01-NAME-chinese_male,MA-R04,MA-01,weak,name_cue,chinese_male,embedding,structured_evidence,0,47.979589,ok,sentence-transformers/all-MiniLM-L6-v2 (onnx),
MA-R04-MA-01-NAME-chinese_male,MA-R04,MA-01,weak,name_cue,chinese_male,embedding_sectioned,none,0,46.618469,ok,sentence-transformers/all-MiniLM-L6-v2 (onnx),
MA-R04-MA-01-NAME-chinese_male,MA-R04,MA-01,weak,name_cue,chinese_male,embedding_sectioned,anonymised,0,46.837764,ok,sentence-transformers/all-MiniLM-L6-v2 (onnx),
MA-R04-MA-01-NAME-indian_female,MA-R04,MA-01,weak,name_cue,indian_female,keyword,none,0,13.333333,ok,,
MA-R04-MA-01-NAME-indian_female,MA-R04,MA-01,weak,name_cue,indian_female,embedding,none,0,60.742933,ok,sentence-transformers/all-MiniLM-L6-v2 (onnx),
MA-R04-MA-01-NAME-indian_female,MA-R04,MA-01,weak,name_cue,indian_female,embedding,anonymised,0,59.161771,ok,sentence-transformers/all-MiniLM-L6-v2 (onnx),
MA-R04-MA-01-NAME-indian_female,MA-R04,MA-01,weak,name_cue,indian_female,embedding,structured_evidence,0,47.979589,ok,sentence-transformers/all-MiniLM-L6-v2 (onnx),
MA-R04-MA-01-NAME-indian_female,MA-R04,MA-01,weak,name_cue,indian_female,embedding_sectioned,none,0,46.794580,ok,sentence-transformers/all-MiniLM-L6-v2 (onnx),
MA-R04-MA-01-NAME-indian_female,MA-R04,MA-01,weak,name_cue,indian_female,embedding_sectioned,anonymised,0,46.837764,ok,sentence-transformers/all-MiniLM-L6-v2 (onnx),
MA-R04-MA-01-NAME-malay_female,MA-R04,MA-01,weak,name_cue,malay_female,keyword,none,0,13.333333,ok,,
MA-R04-MA-01-NAME-malay_female,MA-R04,MA-01,weak,name_cue,malay_female,embedding,none,0,58.087346,ok,sentence-transformers/all-MiniLM-L6-v2 (onnx),
MA-R04-MA-01-NAME-malay_female,MA-R04,MA-01,weak,name_cue,malay_female,embedding,anonymised,0,59.161771,ok,sentence-transformers/all-MiniLM-L6-v2 (onnx),
MA-R04-MA-01-NAME-malay_female,MA-R04,MA-01,weak,name_cue,malay_female,embedding,structured_evidence,0,47.979589,ok,sentence-transformers/all-MiniLM-L6-v2 (onnx),
MA-R04-MA-01-NAME-malay_female,MA-R04,MA-01,weak,name_cue,malay_female,embedding_sectioned,none,0,46.210357,ok,sentence-transformers/all-MiniLM-L6-v2 (onnx),
MA-R04-MA-01-NAME-malay_female,MA-R04,MA-01,weak,name_cue,malay_female,embedding_sectioned,anonymised,0,46.837764,ok,sentence-transformers/all-MiniLM-L6-v2 (onnx),
MA-R04-MA-01-NAME-malay_male,MA-R04,MA-01,weak,name_cue,malay_male,keyword,none,0,13.333333,ok,,
MA-R04-MA-01-NAME-malay_male,MA-R04,MA-01,weak,name_cue,malay_male,embedding,none,0,55.623484,ok,sentence-transformers/all-MiniLM-L6-v2 (onnx),
MA-R04-MA-01-NAME-malay_male,MA-R04,MA-01,weak,name_cue,malay_male,embedding,anonymised,0,59.161771,ok,sentence-transformers/all-MiniLM-L6-v2 (onnx),
MA-R04-MA-01-NAME-malay_male,MA-R04,MA-01,weak,name_cue,malay_male,embedding,structured_evidence,0,47.979589,ok,sentence-transformers/all-MiniLM-L6-v2 (onnx),
MA-R04-MA-01-NAME-malay_male,MA-R04,MA-01,weak,name_cue,malay_male,embedding_sectioned,none,0,46.045359,ok,sentence-transformers/all-MiniLM-L6-v2 (onnx),
MA-R04-MA-01-NAME-malay_male,MA-R04,MA-01,weak,name_cue,malay_male,embedding_sectioned,anonymised,0,46.837764,ok,sentence-transformers/all-MiniLM-L6-v2 (onnx),
MA-R04-MA-01-REF,MA-R04,MA-01,weak,none,indian_male,keyword,none,0,13.333333,ok,,
MA-R04-MA-01-REF,MA-R04,MA-01,weak,none,indian_male,embedding,none,0,59.075728,ok,sentence-transformers/all-MiniLM-L6-v2 (onnx),
MA-R04-MA-01-REF,MA-R04,MA-01,weak,none,indian_male,embedding,anonymised,0,59.161771,ok,sentence-transformers/all-MiniLM-L6-v2 (onnx),
MA-R04-MA-01-REF,MA-R04,MA-01,weak,none,indian_male,embedding,structured_evidence,0,47.979589,ok,sentence-transformers/all-MiniLM-L6-v2 (onnx),
MA-R04-MA-01-REF,MA-R04,MA-01,weak,none,indian_male,embedding_sectioned,none,0,46.711060,ok,sentence-transformers/all-MiniLM-L6-v2 (onnx),
MA-R04-MA-01-REF,MA-R04,MA-01,weak,none,indian_male,embedding_sectioned,anonymised,0,46.837764,ok,sentence-transformers/all-MiniLM-L6-v2 (onnx),
MA-R04-MA-02-FMT-ALT,MA-R04,MA-02,strong,formatting,alternative,keyword,none,0,83.333333,ok,,
MA-R04-MA-02-FMT-ALT,MA-R04,MA-02,strong,formatting,alternative,embedding,none,0,72.239764,ok,sentence-transformers/all-MiniLM-L6-v2 (onnx),
MA-R04-MA-02-FMT-ALT,MA-R04,MA-02,strong,formatting,alternative,embedding,anonymised,0,71.927532,ok,sentence-transformers/all-MiniLM-L6-v2 (onnx),
MA-R04-MA-02-FMT-ALT,MA-R04,MA-02,strong,formatting,alternative,embedding,structured_evidence,0,64.921692,ok,sentence-transformers/all-MiniLM-L6-v2 (onnx),
MA-R04-MA-02-FMT-ALT,MA-R04,MA-02,strong,formatting,alternative,embedding_sectioned,none,0,56.653160,ok,sentence-transformers/all-MiniLM-L6-v2 (onnx),
MA-R04-MA-02-FMT-ALT,MA-R04,MA-02,strong,formatting,alternative,embedding_sectioned,anonymised,0,56.443389,ok,sentence-transformers/all-MiniLM-L6-v2 (onnx),
MA-R04-MA-02-GAP,MA-R04,MA-02,strong,career_gap,12 month break,keyword,none,0,83.333333,ok,,
MA-R04-MA-02-GAP,MA-R04,MA-02,strong,career_gap,12 month break,embedding,none,0,69.962830,ok,sentence-transformers/all-MiniLM-L6-v2 (onnx),
MA-R04-MA-02-GAP,MA-R04,MA-02,strong,career_gap,12 month break,embedding,anonymised,0,68.025535,ok,sentence-transformers/all-MiniLM-L6-v2 (onnx),
MA-R04-MA-02-GAP,MA-R04,MA-02,strong,career_gap,12 month break,embedding,structured_evidence,0,64.921692,ok,sentence-transformers/all-MiniLM-L6-v2 (onnx),
MA-R04-MA-02-GAP,MA-R04,MA-02,strong,career_gap,12 month break,embedding_sectioned,none,0,55.089070,ok,sentence-transformers/all-MiniLM-L6-v2 (onnx),
MA-R04-MA-02-GAP,MA-R04,MA-02,strong,career_gap,12 month break,embedding_sectioned,anonymised,0,54.879299,ok,sentence-transformers/all-MiniLM-L6-v2 (onnx),
MA-R04-MA-02-INST-COMP,MA-R04,MA-02,strong,institution,comparison,keyword,none,0,83.333333,ok,,
MA-R04-MA-02-INST-COMP,MA-R04,MA-02,strong,institution,comparison,embedding,none,0,71.508257,ok,sentence-transformers/all-MiniLM-L6-v2 (onnx),
MA-R04-MA-02-INST-COMP,MA-R04,MA-02,strong,institution,comparison,embedding,anonymised,0,70.165135,ok,sentence-transformers/all-MiniLM-L6-v2 (onnx),
MA-R04-MA-02-INST-COMP,MA-R04,MA-02,strong,institution,comparison,embedding,structured_evidence,0,64.921692,ok,sentence-transformers/all-MiniLM-L6-v2 (onnx),
MA-R04-MA-02-INST-COMP,MA-R04,MA-02,strong,institution,comparison,embedding_sectioned,none,0,56.819951,ok,sentence-transformers/all-MiniLM-L6-v2 (onnx),
MA-R04-MA-02-INST-COMP,MA-R04,MA-02,strong,institution,comparison,embedding_sectioned,anonymised,0,56.610180,ok,sentence-transformers/all-MiniLM-L6-v2 (onnx),
MA-R04-MA-02-INST-HIGH,MA-R04,MA-02,strong,institution,higher_ranked,keyword,none,0,83.333333,ok,,
MA-R04-MA-02-INST-HIGH,MA-R04,MA-02,strong,institution,higher_ranked,embedding,none,0,71.853155,ok,sentence-transformers/all-MiniLM-L6-v2 (onnx),
MA-R04-MA-02-INST-HIGH,MA-R04,MA-02,strong,institution,higher_ranked,embedding,anonymised,0,70.666759,ok,sentence-transformers/all-MiniLM-L6-v2 (onnx),
MA-R04-MA-02-INST-HIGH,MA-R04,MA-02,strong,institution,higher_ranked,embedding,structured_evidence,0,64.921692,ok,sentence-transformers/all-MiniLM-L6-v2 (onnx),
MA-R04-MA-02-INST-HIGH,MA-R04,MA-02,strong,institution,higher_ranked,embedding_sectioned,none,0,56.785861,ok,sentence-transformers/all-MiniLM-L6-v2 (onnx),
MA-R04-MA-02-INST-HIGH,MA-R04,MA-02,strong,institution,higher_ranked,embedding_sectioned,anonymised,0,56.576089,ok,sentence-transformers/all-MiniLM-L6-v2 (onnx),
MA-R04-MA-02-NAME-chinese_female,MA-R04,MA-02,strong,name_cue,chinese_female,keyword,none,0,83.333333,ok,,
MA-R04-MA-02-NAME-chinese_female,MA-R04,MA-02,strong,name_cue,chinese_female,embedding,none,0,68.611625,ok,sentence-transformers/all-MiniLM-L6-v2 (onnx),
MA-R04-MA-02-NAME-chinese_female,MA-R04,MA-02,strong,name_cue,chinese_female,embedding,anonymised,0,70.252770,ok,sentence-transformers/all-MiniLM-L6-v2 (onnx),
MA-R04-MA-02-NAME-chinese_female,MA-R04,MA-02,strong,name_cue,chinese_female,embedding,structured_evidence,0,64.921692,ok,sentence-transformers/all-MiniLM-L6-v2 (onnx),
MA-R04-MA-02-NAME-chinese_female,MA-R04,MA-02,strong,name_cue,chinese_female,embedding_sectioned,none,0,56.417315,ok,sentence-transformers/all-MiniLM-L6-v2 (onnx),
MA-R04-MA-02-NAME-chinese_female,MA-R04,MA-02,strong,name_cue,chinese_female,embedding_sectioned,anonymised,0,56.423203,ok,sentence-transformers/all-MiniLM-L6-v2 (onnx),
MA-R04-MA-02-NAME-chinese_male,MA-R04,MA-02,strong,name_cue,chinese_male,keyword,none,0,83.333333,ok,,
MA-R04-MA-02-NAME-chinese_male,MA-R04,MA-02,strong,name_cue,chinese_male,embedding,none,0,69.483794,ok,sentence-transformers/all-MiniLM-L6-v2 (onnx),
MA-R04-MA-02-NAME-chinese_male,MA-R04,MA-02,strong,name_cue,chinese_male,embedding,anonymised,0,70.252770,ok,sentence-transformers/all-MiniLM-L6-v2 (onnx),
MA-R04-MA-02-NAME-chinese_male,MA-R04,MA-02,strong,name_cue,chinese_male,embedding,structured_evidence,0,64.921692,ok,sentence-transformers/all-MiniLM-L6-v2 (onnx),
MA-R04-MA-02-NAME-chinese_male,MA-R04,MA-02,strong,name_cue,chinese_male,embedding_sectioned,none,0,56.448584,ok,sentence-transformers/all-MiniLM-L6-v2 (onnx),
MA-R04-MA-02-NAME-chinese_male,MA-R04,MA-02,strong,name_cue,chinese_male,embedding_sectioned,anonymised,0,56.423203,ok,sentence-transformers/all-MiniLM-L6-v2 (onnx),
MA-R04-MA-02-NAME-indian_female,MA-R04,MA-02,strong,name_cue,indian_female,keyword,none,0,83.333333,ok,,
MA-R04-MA-02-NAME-indian_female,MA-R04,MA-02,strong,name_cue,indian_female,embedding,none,0,69.597377,ok,sentence-transformers/all-MiniLM-L6-v2 (onnx),
MA-R04-MA-02-NAME-indian_female,MA-R04,MA-02,strong,name_cue,indian_female,embedding,anonymised,0,70.252770,ok,sentence-transformers/all-MiniLM-L6-v2 (onnx),
MA-R04-MA-02-NAME-indian_female,MA-R04,MA-02,strong,name_cue,indian_female,embedding,structured_evidence,0,64.921692,ok,sentence-transformers/all-MiniLM-L6-v2 (onnx),
MA-R04-MA-02-NAME-indian_female,MA-R04,MA-02,strong,name_cue,indian_female,embedding_sectioned,none,0,56.340767,ok,sentence-transformers/all-MiniLM-L6-v2 (onnx),
MA-R04-MA-02-NAME-indian_female,MA-R04,MA-02,strong,name_cue,indian_female,embedding_sectioned,anonymised,0,56.423203,ok,sentence-transformers/all-MiniLM-L6-v2 (onnx),
MA-R04-MA-02-NAME-malay_female,MA-R04,MA-02,strong,name_cue,malay_female,keyword,none,0,83.333333,ok,,
MA-R04-MA-02-NAME-malay_female,MA-R04,MA-02,strong,name_cue,malay_female,embedding,none,0,69.167734,ok,sentence-transformers/all-MiniLM-L6-v2 (onnx),
MA-R04-MA-02-NAME-malay_female,MA-R04,MA-02,strong,name_cue,malay_female,embedding,anonymised,0,70.252770,ok,sentence-transformers/all-MiniLM-L6-v2 (onnx),
MA-R04-MA-02-NAME-malay_female,MA-R04,MA-02,strong,name_cue,malay_female,embedding,structured_evidence,0,64.921692,ok,sentence-transformers/all-MiniLM-L6-v2 (onnx),
MA-R04-MA-02-NAME-malay_female,MA-R04,MA-02,strong,name_cue,malay_female,embedding_sectioned,none,0,56.053466,ok,sentence-transformers/all-MiniLM-L6-v2 (onnx),
MA-R04-MA-02-NAME-malay_female,MA-R04,MA-02,strong,name_cue,malay_female,embedding_sectioned,anonymised,0,56.423203,ok,sentence-transformers/all-MiniLM-L6-v2 (onnx),
MA-R04-MA-02-NAME-malay_male,MA-R04,MA-02,strong,name_cue,malay_male,keyword,none,0,83.333333,ok,,
MA-R04-MA-02-NAME-malay_male,MA-R04,MA-02,strong,name_cue,malay_male,embedding,none,0,70.110478,ok,sentence-transformers/all-MiniLM-L6-v2 (onnx),
MA-R04-MA-02-NAME-malay_male,MA-R04,MA-02,strong,name_cue,malay_male,embedding,anonymised,0,70.252770,ok,sentence-transformers/all-MiniLM-L6-v2 (onnx),
MA-R04-MA-02-NAME-malay_male,MA-R04,MA-02,strong,name_cue,malay_male,embedding,structured_evidence,0,64.921692,ok,sentence-transformers/all-MiniLM-L6-v2 (onnx),
MA-R04-MA-02-NAME-malay_male,MA-R04,MA-02,strong,name_cue,malay_male,embedding_sectioned,none,0,56.258728,ok,sentence-transformers/all-MiniLM-L6-v2 (onnx),
MA-R04-MA-02-NAME-malay_male,MA-R04,MA-02,strong,name_cue,malay_male,embedding_sectioned,anonymised,0,56.423203,ok,sentence-transformers/all-MiniLM-L6-v2 (onnx),
MA-R04-MA-02-REF,MA-R04,MA-02,strong,none,indian_male,keyword,none,0,83.333333,ok,,
MA-R04-MA-02-REF,MA-R04,MA-02,strong,none,indian_male,embedding,none,0,71.795100,ok,sentence-transformers/all-MiniLM-L6-v2 (onnx),
MA-R04-MA-02-REF,MA-R04,MA-02,strong,none,indian_male,embedding,anonymised,0,70.252770,ok,sentence-transformers/all-MiniLM-L6-v2 (onnx),
MA-R04-MA-02-REF,MA-R04,MA-02,strong,none,indian_male,embedding,structured_evidence,0,64.921692,ok,sentence-transformers/all-MiniLM-L6-v2 (onnx),
MA-R04-MA-02-REF,MA-R04,MA-02,strong,none,indian_male,embedding_sectioned,none,0,56.632974,ok,sentence-transformers/all-MiniLM-L6-v2 (onnx),
MA-R04-MA-02-REF,MA-R04,MA-02,strong,none,indian_male,embedding_sectioned,anonymised,0,56.423203,ok,sentence-transformers/all-MiniLM-L6-v2 (onnx),
MA-R05-MA-01-FMT-ALT,MA-R05,MA-01,good,formatting,alternative,keyword,none,0,51.666667,ok,,
MA-R05-MA-01-FMT-ALT,MA-R05,MA-01,good,formatting,alternative,embedding,none,0,58.830768,ok,sentence-transformers/all-MiniLM-L6-v2 (onnx),
MA-R05-MA-01-FMT-ALT,MA-R05,MA-01,good,formatting,alternative,embedding,anonymised,0,59.198054,ok,sentence-transformers/all-MiniLM-L6-v2 (onnx),
MA-R05-MA-01-FMT-ALT,MA-R05,MA-01,good,formatting,alternative,embedding,structured_evidence,0,68.196833,ok,sentence-transformers/all-MiniLM-L6-v2 (onnx),
MA-R05-MA-01-FMT-ALT,MA-R05,MA-01,good,formatting,alternative,embedding_sectioned,none,0,43.871521,ok,sentence-transformers/all-MiniLM-L6-v2 (onnx),
MA-R05-MA-01-FMT-ALT,MA-R05,MA-01,good,formatting,alternative,embedding_sectioned,anonymised,0,44.368131,ok,sentence-transformers/all-MiniLM-L6-v2 (onnx),
MA-R05-MA-01-GAP,MA-R05,MA-01,good,career_gap,12 month break,keyword,none,0,51.666667,ok,,
MA-R05-MA-01-GAP,MA-R05,MA-01,good,career_gap,12 month break,embedding,none,0,56.999517,ok,sentence-transformers/all-MiniLM-L6-v2 (onnx),
MA-R05-MA-01-GAP,MA-R05,MA-01,good,career_gap,12 month break,embedding,anonymised,0,56.694151,ok,sentence-transformers/all-MiniLM-L6-v2 (onnx),
MA-R05-MA-01-GAP,MA-R05,MA-01,good,career_gap,12 month break,embedding,structured_evidence,0,68.196833,ok,sentence-transformers/all-MiniLM-L6-v2 (onnx),
MA-R05-MA-01-GAP,MA-R05,MA-01,good,career_gap,12 month break,embedding_sectioned,none,0,47.005242,ok,sentence-transformers/all-MiniLM-L6-v2 (onnx),
MA-R05-MA-01-GAP,MA-R05,MA-01,good,career_gap,12 month break,embedding_sectioned,anonymised,0,47.501852,ok,sentence-transformers/all-MiniLM-L6-v2 (onnx),
MA-R05-MA-01-INST-COMP,MA-R05,MA-01,good,institution,comparison,keyword,none,0,51.666667,ok,,
MA-R05-MA-01-INST-COMP,MA-R05,MA-01,good,institution,comparison,embedding,none,0,56.491886,ok,sentence-transformers/all-MiniLM-L6-v2 (onnx),
MA-R05-MA-01-INST-COMP,MA-R05,MA-01,good,institution,comparison,embedding,anonymised,0,59.945307,ok,sentence-transformers/all-MiniLM-L6-v2 (onnx),
MA-R05-MA-01-INST-COMP,MA-R05,MA-01,good,institution,comparison,embedding,structured_evidence,0,68.196833,ok,sentence-transformers/all-MiniLM-L6-v2 (onnx),
MA-R05-MA-01-INST-COMP,MA-R05,MA-01,good,institution,comparison,embedding_sectioned,none,0,46.095927,ok,sentence-transformers/all-MiniLM-L6-v2 (onnx),
MA-R05-MA-01-INST-COMP,MA-R05,MA-01,good,institution,comparison,embedding_sectioned,anonymised,0,46.592536,ok,sentence-transformers/all-MiniLM-L6-v2 (onnx),
MA-R05-MA-01-INST-HIGH,MA-R05,MA-01,good,institution,higher_ranked,keyword,none,0,51.666667,ok,,
MA-R05-MA-01-INST-HIGH,MA-R05,MA-01,good,institution,higher_ranked,embedding,none,0,55.422580,ok,sentence-transformers/all-MiniLM-L6-v2 (onnx),
MA-R05-MA-01-INST-HIGH,MA-R05,MA-01,good,institution,higher_ranked,embedding,anonymised,0,59.187685,ok,sentence-transformers/all-MiniLM-L6-v2 (onnx),
MA-R05-MA-01-INST-HIGH,MA-R05,MA-01,good,institution,higher_ranked,embedding,structured_evidence,0,68.196833,ok,sentence-transformers/all-MiniLM-L6-v2 (onnx),
MA-R05-MA-01-INST-HIGH,MA-R05,MA-01,good,institution,higher_ranked,embedding_sectioned,none,0,45.858944,ok,sentence-transformers/all-MiniLM-L6-v2 (onnx),
MA-R05-MA-01-INST-HIGH,MA-R05,MA-01,good,institution,higher_ranked,embedding_sectioned,anonymised,0,46.355554,ok,sentence-transformers/all-MiniLM-L6-v2 (onnx),
MA-R05-MA-01-NAME-chinese_male,MA-R05,MA-01,good,name_cue,chinese_male,keyword,none,0,51.666667,ok,,
MA-R05-MA-01-NAME-chinese_male,MA-R05,MA-01,good,name_cue,chinese_male,embedding,none,0,57.164220,ok,sentence-transformers/all-MiniLM-L6-v2 (onnx),
MA-R05-MA-01-NAME-chinese_male,MA-R05,MA-01,good,name_cue,chinese_male,embedding,anonymised,0,59.187685,ok,sentence-transformers/all-MiniLM-L6-v2 (onnx),
MA-R05-MA-01-NAME-chinese_male,MA-R05,MA-01,good,name_cue,chinese_male,embedding,structured_evidence,0,68.196833,ok,sentence-transformers/all-MiniLM-L6-v2 (onnx),
MA-R05-MA-01-NAME-chinese_male,MA-R05,MA-01,good,name_cue,chinese_male,embedding_sectioned,none,0,45.939140,ok,sentence-transformers/all-MiniLM-L6-v2 (onnx),
MA-R05-MA-01-NAME-chinese_male,MA-R05,MA-01,good,name_cue,chinese_male,embedding_sectioned,anonymised,0,46.355554,ok,sentence-transformers/all-MiniLM-L6-v2 (onnx),
MA-R05-MA-01-NAME-indian_female,MA-R05,MA-01,good,name_cue,indian_female,keyword,none,0,51.666667,ok,,
MA-R05-MA-01-NAME-indian_female,MA-R05,MA-01,good,name_cue,indian_female,embedding,none,0,59.023632,ok,sentence-transformers/all-MiniLM-L6-v2 (onnx),
MA-R05-MA-01-NAME-indian_female,MA-R05,MA-01,good,name_cue,indian_female,embedding,anonymised,0,59.187685,ok,sentence-transformers/all-MiniLM-L6-v2 (onnx),
MA-R05-MA-01-NAME-indian_female,MA-R05,MA-01,good,name_cue,indian_female,embedding,structured_evidence,0,68.196833,ok,sentence-transformers/all-MiniLM-L6-v2 (onnx),
MA-R05-MA-01-NAME-indian_female,MA-R05,MA-01,good,name_cue,indian_female,embedding_sectioned,none,0,46.097810,ok,sentence-transformers/all-MiniLM-L6-v2 (onnx),
MA-R05-MA-01-NAME-indian_female,MA-R05,MA-01,good,name_cue,indian_female,embedding_sectioned,anonymised,0,46.355554,ok,sentence-transformers/all-MiniLM-L6-v2 (onnx),
MA-R05-MA-01-NAME-indian_male,MA-R05,MA-01,good,name_cue,indian_male,keyword,none,0,51.666667,ok,,
MA-R05-MA-01-NAME-indian_male,MA-R05,MA-01,good,name_cue,indian_male,embedding,none,0,55.830080,ok,sentence-transformers/all-MiniLM-L6-v2 (onnx),
MA-R05-MA-01-NAME-indian_male,MA-R05,MA-01,good,name_cue,indian_male,embedding,anonymised,0,59.187685,ok,sentence-transformers/all-MiniLM-L6-v2 (onnx),
MA-R05-MA-01-NAME-indian_male,MA-R05,MA-01,good,name_cue,indian_male,embedding,structured_evidence,0,68.196833,ok,sentence-transformers/all-MiniLM-L6-v2 (onnx),
MA-R05-MA-01-NAME-indian_male,MA-R05,MA-01,good,name_cue,indian_male,embedding_sectioned,none,0,46.043990,ok,sentence-transformers/all-MiniLM-L6-v2 (onnx),
MA-R05-MA-01-NAME-indian_male,MA-R05,MA-01,good,name_cue,indian_male,embedding_sectioned,anonymised,0,46.355554,ok,sentence-transformers/all-MiniLM-L6-v2 (onnx),
MA-R05-MA-01-NAME-malay_female,MA-R05,MA-01,good,name_cue,malay_female,keyword,none,0,51.666667,ok,,
MA-R05-MA-01-NAME-malay_female,MA-R05,MA-01,good,name_cue,malay_female,embedding,none,0,58.272843,ok,sentence-transformers/all-MiniLM-L6-v2 (onnx),
MA-R05-MA-01-NAME-malay_female,MA-R05,MA-01,good,name_cue,malay_female,embedding,anonymised,0,59.187685,ok,sentence-transformers/all-MiniLM-L6-v2 (onnx),
MA-R05-MA-01-NAME-malay_female,MA-R05,MA-01,good,name_cue,malay_female,embedding,structured_evidence,0,68.196833,ok,sentence-transformers/all-MiniLM-L6-v2 (onnx),
MA-R05-MA-01-NAME-malay_female,MA-R05,MA-01,good,name_cue,malay_female,embedding_sectioned,none,0,46.309356,ok,sentence-transformers/all-MiniLM-L6-v2 (onnx),
MA-R05-MA-01-NAME-malay_female,MA-R05,MA-01,good,name_cue,malay_female,embedding_sectioned,anonymised,0,46.355554,ok,sentence-transformers/all-MiniLM-L6-v2 (onnx),
MA-R05-MA-01-NAME-malay_male,MA-R05,MA-01,good,name_cue,malay_male,keyword,none,0,51.666667,ok,,
MA-R05-MA-01-NAME-malay_male,MA-R05,MA-01,good,name_cue,malay_male,embedding,none,0,55.221192,ok,sentence-transformers/all-MiniLM-L6-v2 (onnx),
MA-R05-MA-01-NAME-malay_male,MA-R05,MA-01,good,name_cue,malay_male,embedding,anonymised,0,59.187685,ok,sentence-transformers/all-MiniLM-L6-v2 (onnx),
MA-R05-MA-01-NAME-malay_male,MA-R05,MA-01,good,name_cue,malay_male,embedding,structured_evidence,0,68.196833,ok,sentence-transformers/all-MiniLM-L6-v2 (onnx),
MA-R05-MA-01-NAME-malay_male,MA-R05,MA-01,good,name_cue,malay_male,embedding_sectioned,none,0,45.897942,ok,sentence-transformers/all-MiniLM-L6-v2 (onnx),
MA-R05-MA-01-NAME-malay_male,MA-R05,MA-01,good,name_cue,malay_male,embedding_sectioned,anonymised,0,46.355554,ok,sentence-transformers/all-MiniLM-L6-v2 (onnx),
MA-R05-MA-01-REF,MA-R05,MA-01,good,none,chinese_female,keyword,none,0,51.666667,ok,,
MA-R05-MA-01-REF,MA-R05,MA-01,good,none,chinese_female,embedding,none,0,55.422580,ok,sentence-transformers/all-MiniLM-L6-v2 (onnx),
MA-R05-MA-01-REF,MA-R05,MA-01,good,none,chinese_female,embedding,anonymised,0,59.187685,ok,sentence-transformers/all-MiniLM-L6-v2 (onnx),
MA-R05-MA-01-REF,MA-R05,MA-01,good,none,chinese_female,embedding,structured_evidence,0,68.196833,ok,sentence-transformers/all-MiniLM-L6-v2 (onnx),
MA-R05-MA-01-REF,MA-R05,MA-01,good,none,chinese_female,embedding_sectioned,none,0,45.858944,ok,sentence-transformers/all-MiniLM-L6-v2 (onnx),
MA-R05-MA-01-REF,MA-R05,MA-01,good,none,chinese_female,embedding_sectioned,anonymised,0,46.355554,ok,sentence-transformers/all-MiniLM-L6-v2 (onnx),
MA-R05-MA-02-FMT-ALT,MA-R05,MA-02,weak,formatting,alternative,keyword,none,0,13.333333,ok,,
MA-R05-MA-02-FMT-ALT,MA-R05,MA-02,weak,formatting,alternative,embedding,none,0,33.799781,ok,sentence-transformers/all-MiniLM-L6-v2 (onnx),
MA-R05-MA-02-FMT-ALT,MA-R05,MA-02,weak,formatting,alternative,embedding,anonymised,0,36.734093,ok,sentence-transformers/all-MiniLM-L6-v2 (onnx),
MA-R05-MA-02-FMT-ALT,MA-R05,MA-02,weak,formatting,alternative,embedding,structured_evidence,0,59.917955,ok,sentence-transformers/all-MiniLM-L6-v2 (onnx),
MA-R05-MA-02-FMT-ALT,MA-R05,MA-02,weak,formatting,alternative,embedding_sectioned,none,0,29.870849,ok,sentence-transformers/all-MiniLM-L6-v2 (onnx),
MA-R05-MA-02-FMT-ALT,MA-R05,MA-02,weak,formatting,alternative,embedding_sectioned,anonymised,0,30.104675,ok,sentence-transformers/all-MiniLM-L6-v2 (onnx),
MA-R05-MA-02-GAP,MA-R05,MA-02,weak,career_gap,12 month break,keyword,none,0,13.333333,ok,,
MA-R05-MA-02-GAP,MA-R05,MA-02,weak,career_gap,12 month break,embedding,none,0,33.421558,ok,sentence-transformers/all-MiniLM-L6-v2 (onnx),
MA-R05-MA-02-GAP,MA-R05,MA-02,weak,career_gap,12 month break,embedding,anonymised,0,35.766632,ok,sentence-transformers/all-MiniLM-L6-v2 (onnx),
MA-R05-MA-02-GAP,MA-R05,MA-02,weak,career_gap,12 month break,embedding,structured_evidence,0,59.917955,ok,sentence-transformers/all-MiniLM-L6-v2 (onnx),
MA-R05-MA-02-GAP,MA-R05,MA-02,weak,career_gap,12 month break,embedding_sectioned,none,0,31.044333,ok,sentence-transformers/all-MiniLM-L6-v2 (onnx),
MA-R05-MA-02-GAP,MA-R05,MA-02,weak,career_gap,12 month break,embedding_sectioned,anonymised,0,31.278159,ok,sentence-transformers/all-MiniLM-L6-v2 (onnx),
MA-R05-MA-02-INST-COMP,MA-R05,MA-02,weak,institution,comparison,keyword,none,0,13.333333,ok,,
MA-R05-MA-02-INST-COMP,MA-R05,MA-02,weak,institution,comparison,embedding,none,0,32.965362,ok,sentence-transformers/all-MiniLM-L6-v2 (onnx),
MA-R05-MA-02-INST-COMP,MA-R05,MA-02,weak,institution,comparison,embedding,anonymised,0,36.854881,ok,sentence-transformers/all-MiniLM-L6-v2 (onnx),
MA-R05-MA-02-INST-COMP,MA-R05,MA-02,weak,institution,comparison,embedding,structured_evidence,0,59.917955,ok,sentence-transformers/all-MiniLM-L6-v2 (onnx),
MA-R05-MA-02-INST-COMP,MA-R05,MA-02,weak,institution,comparison,embedding_sectioned,none,0,30.549424,ok,sentence-transformers/all-MiniLM-L6-v2 (onnx),
MA-R05-MA-02-INST-COMP,MA-R05,MA-02,weak,institution,comparison,embedding_sectioned,anonymised,0,30.783250,ok,sentence-transformers/all-MiniLM-L6-v2 (onnx),
MA-R05-MA-02-INST-HIGH,MA-R05,MA-02,weak,institution,higher_ranked,keyword,none,0,13.333333,ok,,
MA-R05-MA-02-INST-HIGH,MA-R05,MA-02,weak,institution,higher_ranked,embedding,none,0,32.086748,ok,sentence-transformers/all-MiniLM-L6-v2 (onnx),
MA-R05-MA-02-INST-HIGH,MA-R05,MA-02,weak,institution,higher_ranked,embedding,anonymised,0,36.297543,ok,sentence-transformers/all-MiniLM-L6-v2 (onnx),
MA-R05-MA-02-INST-HIGH,MA-R05,MA-02,weak,institution,higher_ranked,embedding,structured_evidence,0,59.917955,ok,sentence-transformers/all-MiniLM-L6-v2 (onnx),
MA-R05-MA-02-INST-HIGH,MA-R05,MA-02,weak,institution,higher_ranked,embedding_sectioned,none,0,30.299591,ok,sentence-transformers/all-MiniLM-L6-v2 (onnx),
MA-R05-MA-02-INST-HIGH,MA-R05,MA-02,weak,institution,higher_ranked,embedding_sectioned,anonymised,0,30.533417,ok,sentence-transformers/all-MiniLM-L6-v2 (onnx),
MA-R05-MA-02-NAME-chinese_male,MA-R05,MA-02,weak,name_cue,chinese_male,keyword,none,0,13.333333,ok,,
MA-R05-MA-02-NAME-chinese_male,MA-R05,MA-02,weak,name_cue,chinese_male,embedding,none,0,33.281763,ok,sentence-transformers/all-MiniLM-L6-v2 (onnx),
MA-R05-MA-02-NAME-chinese_male,MA-R05,MA-02,weak,name_cue,chinese_male,embedding,anonymised,0,36.297543,ok,sentence-transformers/all-MiniLM-L6-v2 (onnx),
MA-R05-MA-02-NAME-chinese_male,MA-R05,MA-02,weak,name_cue,chinese_male,embedding,structured_evidence,0,59.917955,ok,sentence-transformers/all-MiniLM-L6-v2 (onnx),
MA-R05-MA-02-NAME-chinese_male,MA-R05,MA-02,weak,name_cue,chinese_male,embedding_sectioned,none,0,30.359549,ok,sentence-transformers/all-MiniLM-L6-v2 (onnx),
MA-R05-MA-02-NAME-chinese_male,MA-R05,MA-02,weak,name_cue,chinese_male,embedding_sectioned,anonymised,0,30.533417,ok,sentence-transformers/all-MiniLM-L6-v2 (onnx),
MA-R05-MA-02-NAME-indian_female,MA-R05,MA-02,weak,name_cue,indian_female,keyword,none,0,13.333333,ok,,
MA-R05-MA-02-NAME-indian_female,MA-R05,MA-02,weak,name_cue,indian_female,embedding,none,0,38.653516,ok,sentence-transformers/all-MiniLM-L6-v2 (onnx),
MA-R05-MA-02-NAME-indian_female,MA-R05,MA-02,weak,name_cue,indian_female,embedding,anonymised,0,36.297543,ok,sentence-transformers/all-MiniLM-L6-v2 (onnx),
MA-R05-MA-02-NAME-indian_female,MA-R05,MA-02,weak,name_cue,indian_female,embedding,structured_evidence,0,59.917955,ok,sentence-transformers/all-MiniLM-L6-v2 (onnx),
MA-R05-MA-02-NAME-indian_female,MA-R05,MA-02,weak,name_cue,indian_female,embedding_sectioned,none,0,30.710027,ok,sentence-transformers/all-MiniLM-L6-v2 (onnx),
MA-R05-MA-02-NAME-indian_female,MA-R05,MA-02,weak,name_cue,indian_female,embedding_sectioned,anonymised,0,30.533417,ok,sentence-transformers/all-MiniLM-L6-v2 (onnx),
MA-R05-MA-02-NAME-indian_male,MA-R05,MA-02,weak,name_cue,indian_male,keyword,none,0,13.333333,ok,,
MA-R05-MA-02-NAME-indian_male,MA-R05,MA-02,weak,name_cue,indian_male,embedding,none,0,36.419814,ok,sentence-transformers/all-MiniLM-L6-v2 (onnx),
MA-R05-MA-02-NAME-indian_male,MA-R05,MA-02,weak,name_cue,indian_male,embedding,anonymised,0,36.297543,ok,sentence-transformers/all-MiniLM-L6-v2 (onnx),
MA-R05-MA-02-NAME-indian_male,MA-R05,MA-02,weak,name_cue,indian_male,embedding,structured_evidence,0,59.917955,ok,sentence-transformers/all-MiniLM-L6-v2 (onnx),
MA-R05-MA-02-NAME-indian_male,MA-R05,MA-02,weak,name_cue,indian_male,embedding_sectioned,none,0,30.719511,ok,sentence-transformers/all-MiniLM-L6-v2 (onnx),
MA-R05-MA-02-NAME-indian_male,MA-R05,MA-02,weak,name_cue,indian_male,embedding_sectioned,anonymised,0,30.533417,ok,sentence-transformers/all-MiniLM-L6-v2 (onnx),
MA-R05-MA-02-NAME-malay_female,MA-R05,MA-02,weak,name_cue,malay_female,keyword,none,0,13.333333,ok,,
MA-R05-MA-02-NAME-malay_female,MA-R05,MA-02,weak,name_cue,malay_female,embedding,none,0,36.431068,ok,sentence-transformers/all-MiniLM-L6-v2 (onnx),
MA-R05-MA-02-NAME-malay_female,MA-R05,MA-02,weak,name_cue,malay_female,embedding,anonymised,0,36.297543,ok,sentence-transformers/all-MiniLM-L6-v2 (onnx),
MA-R05-MA-02-NAME-malay_female,MA-R05,MA-02,weak,name_cue,malay_female,embedding,structured_evidence,0,59.917955,ok,sentence-transformers/all-MiniLM-L6-v2 (onnx),
MA-R05-MA-02-NAME-malay_female,MA-R05,MA-02,weak,name_cue,malay_female,embedding_sectioned,none,0,30.728556,ok,sentence-transformers/all-MiniLM-L6-v2 (onnx),
MA-R05-MA-02-NAME-malay_female,MA-R05,MA-02,weak,name_cue,malay_female,embedding_sectioned,anonymised,0,30.533417,ok,sentence-transformers/all-MiniLM-L6-v2 (onnx),
MA-R05-MA-02-NAME-malay_male,MA-R05,MA-02,weak,name_cue,malay_male,keyword,none,0,13.333333,ok,,
MA-R05-MA-02-NAME-malay_male,MA-R05,MA-02,weak,name_cue,malay_male,embedding,none,0,35.392932,ok,sentence-transformers/all-MiniLM-L6-v2 (onnx),
MA-R05-MA-02-NAME-malay_male,MA-R05,MA-02,weak,name_cue,malay_male,embedding,anonymised,0,36.297543,ok,sentence-transformers/all-MiniLM-L6-v2 (onnx),
MA-R05-MA-02-NAME-malay_male,MA-R05,MA-02,weak,name_cue,malay_male,embedding,structured_evidence,0,59.917955,ok,sentence-transformers/all-MiniLM-L6-v2 (onnx),
MA-R05-MA-02-NAME-malay_male,MA-R05,MA-02,weak,name_cue,malay_male,embedding_sectioned,none,0,30.655712,ok,sentence-transformers/all-MiniLM-L6-v2 (onnx),
MA-R05-MA-02-NAME-malay_male,MA-R05,MA-02,weak,name_cue,malay_male,embedding_sectioned,anonymised,0,30.533417,ok,sentence-transformers/all-MiniLM-L6-v2 (onnx),
MA-R05-MA-02-REF,MA-R05,MA-02,weak,none,chinese_female,keyword,none,0,13.333333,ok,,
MA-R05-MA-02-REF,MA-R05,MA-02,weak,none,chinese_female,embedding,none,0,32.086748,ok,sentence-transformers/all-MiniLM-L6-v2 (onnx),
MA-R05-MA-02-REF,MA-R05,MA-02,weak,none,chinese_female,embedding,anonymised,0,36.297543,ok,sentence-transformers/all-MiniLM-L6-v2 (onnx),
MA-R05-MA-02-REF,MA-R05,MA-02,weak,none,chinese_female,embedding,structured_evidence,0,59.917955,ok,sentence-transformers/all-MiniLM-L6-v2 (onnx),
MA-R05-MA-02-REF,MA-R05,MA-02,weak,none,chinese_female,embedding_sectioned,none,0,30.299591,ok,sentence-transformers/all-MiniLM-L6-v2 (onnx),
MA-R05-MA-02-REF,MA-R05,MA-02,weak,none,chinese_female,embedding_sectioned,anonymised,0,30.533417,ok,sentence-transformers/all-MiniLM-L6-v2 (onnx),
MA-R06-MA-01-FMT-ALT,MA-R06,MA-01,borderline,formatting,alternative,keyword,none,0,10.000000,ok,,
MA-R06-MA-01-FMT-ALT,MA-R06,MA-01,borderline,formatting,alternative,embedding,none,0,49.981424,ok,sentence-transformers/all-MiniLM-L6-v2 (onnx),
MA-R06-MA-01-FMT-ALT,MA-R06,MA-01,borderline,formatting,alternative,embedding,anonymised,0,52.165636,ok,sentence-transformers/all-MiniLM-L6-v2 (onnx),
MA-R06-MA-01-FMT-ALT,MA-R06,MA-01,borderline,formatting,alternative,embedding,structured_evidence,0,46.401390,ok,sentence-transformers/all-MiniLM-L6-v2 (onnx),
MA-R06-MA-01-FMT-ALT,MA-R06,MA-01,borderline,formatting,alternative,embedding_sectioned,none,0,35.729832,ok,sentence-transformers/all-MiniLM-L6-v2 (onnx),
MA-R06-MA-01-FMT-ALT,MA-R06,MA-01,borderline,formatting,alternative,embedding_sectioned,anonymised,0,35.949128,ok,sentence-transformers/all-MiniLM-L6-v2 (onnx),
MA-R06-MA-01-GAP,MA-R06,MA-01,borderline,career_gap,12 month break,keyword,none,0,10.000000,ok,,
MA-R06-MA-01-GAP,MA-R06,MA-01,borderline,career_gap,12 month break,embedding,none,0,51.332121,ok,sentence-transformers/all-MiniLM-L6-v2 (onnx),
MA-R06-MA-01-GAP,MA-R06,MA-01,borderline,career_gap,12 month break,embedding,anonymised,0,56.726395,ok,sentence-transformers/all-MiniLM-L6-v2 (onnx),
MA-R06-MA-01-GAP,MA-R06,MA-01,borderline,career_gap,12 month break,embedding,structured_evidence,0,46.401390,ok,sentence-transformers/all-MiniLM-L6-v2 (onnx),
MA-R06-MA-01-GAP,MA-R06,MA-01,borderline,career_gap,12 month break,embedding_sectioned,none,0,38.354717,ok,sentence-transformers/all-MiniLM-L6-v2 (onnx),
MA-R06-MA-01-GAP,MA-R06,MA-01,borderline,career_gap,12 month break,embedding_sectioned,anonymised,0,38.574013,ok,sentence-transformers/all-MiniLM-L6-v2 (onnx),
MA-R06-MA-01-INST-COMP,MA-R06,MA-01,borderline,institution,comparison,keyword,none,0,10.000000,ok,,
MA-R06-MA-01-INST-COMP,MA-R06,MA-01,borderline,institution,comparison,embedding,none,0,51.744402,ok,sentence-transformers/all-MiniLM-L6-v2 (onnx),
MA-R06-MA-01-INST-COMP,MA-R06,MA-01,borderline,institution,comparison,embedding,anonymised,0,55.661855,ok,sentence-transformers/all-MiniLM-L6-v2 (onnx),
MA-R06-MA-01-INST-COMP,MA-R06,MA-01,borderline,institution,comparison,embedding,structured_evidence,0,46.401390,ok,sentence-transformers/all-MiniLM-L6-v2 (onnx),
MA-R06-MA-01-INST-COMP,MA-R06,MA-01,borderline,institution,comparison,embedding_sectioned,none,0,37.111619,ok,sentence-transformers/all-MiniLM-L6-v2 (onnx),
MA-R06-MA-01-INST-COMP,MA-R06,MA-01,borderline,institution,comparison,embedding_sectioned,anonymised,0,37.330915,ok,sentence-transformers/all-MiniLM-L6-v2 (onnx),
MA-R06-MA-01-INST-HIGH,MA-R06,MA-01,borderline,institution,higher_ranked,keyword,none,0,10.000000,ok,,
MA-R06-MA-01-INST-HIGH,MA-R06,MA-01,borderline,institution,higher_ranked,embedding,none,0,52.232436,ok,sentence-transformers/all-MiniLM-L6-v2 (onnx),
MA-R06-MA-01-INST-HIGH,MA-R06,MA-01,borderline,institution,higher_ranked,embedding,anonymised,0,56.155154,ok,sentence-transformers/all-MiniLM-L6-v2 (onnx),
MA-R06-MA-01-INST-HIGH,MA-R06,MA-01,borderline,institution,higher_ranked,embedding,structured_evidence,0,46.401390,ok,sentence-transformers/all-MiniLM-L6-v2 (onnx),
MA-R06-MA-01-INST-HIGH,MA-R06,MA-01,borderline,institution,higher_ranked,embedding_sectioned,none,0,36.398962,ok,sentence-transformers/all-MiniLM-L6-v2 (onnx),
MA-R06-MA-01-INST-HIGH,MA-R06,MA-01,borderline,institution,higher_ranked,embedding_sectioned,anonymised,0,36.618257,ok,sentence-transformers/all-MiniLM-L6-v2 (onnx),
MA-R06-MA-01-NAME-chinese_female,MA-R06,MA-01,borderline,name_cue,chinese_female,keyword,none,0,10.000000,ok,,
MA-R06-MA-01-NAME-chinese_female,MA-R06,MA-01,borderline,name_cue,chinese_female,embedding,none,0,51.285867,ok,sentence-transformers/all-MiniLM-L6-v2 (onnx),
MA-R06-MA-01-NAME-chinese_female,MA-R06,MA-01,borderline,name_cue,chinese_female,embedding,anonymised,0,55.902068,ok,sentence-transformers/all-MiniLM-L6-v2 (onnx),
MA-R06-MA-01-NAME-chinese_female,MA-R06,MA-01,borderline,name_cue,chinese_female,embedding,structured_evidence,0,46.401390,ok,sentence-transformers/all-MiniLM-L6-v2 (onnx),
MA-R06-MA-01-NAME-chinese_female,MA-R06,MA-01,borderline,name_cue,chinese_female,embedding_sectioned,none,0,37.201246,ok,sentence-transformers/all-MiniLM-L6-v2 (onnx),
MA-R06-MA-01-NAME-chinese_female,MA-R06,MA-01,borderline,name_cue,chinese_female,embedding_sectioned,anonymised,0,37.299173,ok,sentence-transformers/all-MiniLM-L6-v2 (onnx),
MA-R06-MA-01-NAME-indian_female,MA-R06,MA-01,borderline,name_cue,indian_female,keyword,none,0,10.000000,ok,,
MA-R06-MA-01-NAME-indian_female,MA-R06,MA-01,borderline,name_cue,indian_female,embedding,none,0,56.583011,ok,sentence-transformers/all-MiniLM-L6-v2 (onnx),
MA-R06-MA-01-NAME-indian_female,MA-R06,MA-01,borderline,name_cue,indian_female,embedding,anonymised,0,55.902068,ok,sentence-transformers/all-MiniLM-L6-v2 (onnx),
MA-R06-MA-01-NAME-indian_female,MA-R06,MA-01,borderline,name_cue,indian_female,embedding,structured_evidence,0,46.401390,ok,sentence-transformers/all-MiniLM-L6-v2 (onnx),
MA-R06-MA-01-NAME-indian_female,MA-R06,MA-01,borderline,name_cue,indian_female,embedding_sectioned,none,0,37.255989,ok,sentence-transformers/all-MiniLM-L6-v2 (onnx),
MA-R06-MA-01-NAME-indian_female,MA-R06,MA-01,borderline,name_cue,indian_female,embedding_sectioned,anonymised,0,37.299173,ok,sentence-transformers/all-MiniLM-L6-v2 (onnx),
MA-R06-MA-01-NAME-indian_male,MA-R06,MA-01,borderline,name_cue,indian_male,keyword,none,0,10.000000,ok,,
MA-R06-MA-01-NAME-indian_male,MA-R06,MA-01,borderline,name_cue,indian_male,embedding,none,0,55.357792,ok,sentence-transformers/all-MiniLM-L6-v2 (onnx),
MA-R06-MA-01-NAME-indian_male,MA-R06,MA-01,borderline,name_cue,indian_male,embedding,anonymised,0,55.902068,ok,sentence-transformers/all-MiniLM-L6-v2 (onnx),
MA-R06-MA-01-NAME-indian_male,MA-R06,MA-01,borderline,name_cue,indian_male,embedding,structured_evidence,0,46.401390,ok,sentence-transformers/all-MiniLM-L6-v2 (onnx),
MA-R06-MA-01-NAME-indian_male,MA-R06,MA-01,borderline,name_cue,indian_male,embedding_sectioned,none,0,37.172469,ok,sentence-transformers/all-MiniLM-L6-v2 (onnx),
MA-R06-MA-01-NAME-indian_male,MA-R06,MA-01,borderline,name_cue,indian_male,embedding_sectioned,anonymised,0,37.299173,ok,sentence-transformers/all-MiniLM-L6-v2 (onnx),
MA-R06-MA-01-NAME-malay_female,MA-R06,MA-01,borderline,name_cue,malay_female,keyword,none,0,10.000000,ok,,
MA-R06-MA-01-NAME-malay_female,MA-R06,MA-01,borderline,name_cue,malay_female,embedding,none,0,51.979692,ok,sentence-transformers/all-MiniLM-L6-v2 (onnx),
MA-R06-MA-01-NAME-malay_female,MA-R06,MA-01,borderline,name_cue,malay_female,embedding,anonymised,0,55.902068,ok,sentence-transformers/all-MiniLM-L6-v2 (onnx),
MA-R06-MA-01-NAME-malay_female,MA-R06,MA-01,borderline,name_cue,malay_female,embedding,structured_evidence,0,46.401390,ok,sentence-transformers/all-MiniLM-L6-v2 (onnx),
MA-R06-MA-01-NAME-malay_female,MA-R06,MA-01,borderline,name_cue,malay_female,embedding_sectioned,none,0,36.671767,ok,sentence-transformers/all-MiniLM-L6-v2 (onnx),
MA-R06-MA-01-NAME-malay_female,MA-R06,MA-01,borderline,name_cue,malay_female,embedding_sectioned,anonymised,0,37.299173,ok,sentence-transformers/all-MiniLM-L6-v2 (onnx),
MA-R06-MA-01-NAME-malay_male,MA-R06,MA-01,borderline,name_cue,malay_male,keyword,none,0,10.000000,ok,,
MA-R06-MA-01-NAME-malay_male,MA-R06,MA-01,borderline,name_cue,malay_male,embedding,none,0,47.395633,ok,sentence-transformers/all-MiniLM-L6-v2 (onnx),
MA-R06-MA-01-NAME-malay_male,MA-R06,MA-01,borderline,name_cue,malay_male,embedding,anonymised,0,55.902068,ok,sentence-transformers/all-MiniLM-L6-v2 (onnx),
MA-R06-MA-01-NAME-malay_male,MA-R06,MA-01,borderline,name_cue,malay_male,embedding,structured_evidence,0,46.401390,ok,sentence-transformers/all-MiniLM-L6-v2 (onnx),
MA-R06-MA-01-NAME-malay_male,MA-R06,MA-01,borderline,name_cue,malay_male,embedding_sectioned,none,0,36.506768,ok,sentence-transformers/all-MiniLM-L6-v2 (onnx),
MA-R06-MA-01-NAME-malay_male,MA-R06,MA-01,borderline,name_cue,malay_male,embedding_sectioned,anonymised,0,37.299173,ok,sentence-transformers/all-MiniLM-L6-v2 (onnx),
MA-R06-MA-01-REF,MA-R06,MA-01,borderline,none,chinese_male,keyword,none,0,10.000000,ok,,
MA-R06-MA-01-REF,MA-R06,MA-01,borderline,none,chinese_male,embedding,none,0,51.953417,ok,sentence-transformers/all-MiniLM-L6-v2 (onnx),
MA-R06-MA-01-REF,MA-R06,MA-01,borderline,none,chinese_male,embedding,anonymised,0,55.902068,ok,sentence-transformers/all-MiniLM-L6-v2 (onnx),
MA-R06-MA-01-REF,MA-R06,MA-01,borderline,none,chinese_male,embedding,structured_evidence,0,46.401390,ok,sentence-transformers/all-MiniLM-L6-v2 (onnx),
MA-R06-MA-01-REF,MA-R06,MA-01,borderline,none,chinese_male,embedding_sectioned,none,0,37.079878,ok,sentence-transformers/all-MiniLM-L6-v2 (onnx),
MA-R06-MA-01-REF,MA-R06,MA-01,borderline,none,chinese_male,embedding_sectioned,anonymised,0,37.299173,ok,sentence-transformers/all-MiniLM-L6-v2 (onnx),
MA-R06-MA-02-FMT-ALT,MA-R06,MA-02,good,formatting,alternative,keyword,none,0,35.000000,ok,,
MA-R06-MA-02-FMT-ALT,MA-R06,MA-02,good,formatting,alternative,embedding,none,0,41.299490,ok,sentence-transformers/all-MiniLM-L6-v2 (onnx),
MA-R06-MA-02-FMT-ALT,MA-R06,MA-02,good,formatting,alternative,embedding,anonymised,0,42.733161,ok,sentence-transformers/all-MiniLM-L6-v2 (onnx),
MA-R06-MA-02-FMT-ALT,MA-R06,MA-02,good,formatting,alternative,embedding,structured_evidence,0,55.001953,ok,sentence-transformers/all-MiniLM-L6-v2 (onnx),
MA-R06-MA-02-FMT-ALT,MA-R06,MA-02,good,formatting,alternative,embedding_sectioned,none,0,31.803192,ok,sentence-transformers/all-MiniLM-L6-v2 (onnx),
MA-R06-MA-02-FMT-ALT,MA-R06,MA-02,good,formatting,alternative,embedding_sectioned,anonymised,0,31.777811,ok,sentence-transformers/all-MiniLM-L6-v2 (onnx),
MA-R06-MA-02-GAP,MA-R06,MA-02,good,career_gap,12 month break,keyword,none,0,35.000000,ok,,
MA-R06-MA-02-GAP,MA-R06,MA-02,good,career_gap,12 month break,embedding,none,0,41.136115,ok,sentence-transformers/all-MiniLM-L6-v2 (onnx),
MA-R06-MA-02-GAP,MA-R06,MA-02,good,career_gap,12 month break,embedding,anonymised,0,49.207103,ok,sentence-transformers/all-MiniLM-L6-v2 (onnx),
MA-R06-MA-02-GAP,MA-R06,MA-02,good,career_gap,12 month break,embedding,structured_evidence,0,55.001953,ok,sentence-transformers/all-MiniLM-L6-v2 (onnx),
MA-R06-MA-02-GAP,MA-R06,MA-02,good,career_gap,12 month break,embedding_sectioned,none,0,34.781100,ok,sentence-transformers/all-MiniLM-L6-v2 (onnx),
MA-R06-MA-02-GAP,MA-R06,MA-02,good,career_gap,12 month break,embedding_sectioned,anonymised,0,34.755719,ok,sentence-transformers/all-MiniLM-L6-v2 (onnx),
MA-R06-MA-02-INST-COMP,MA-R06,MA-02,good,institution,comparison,keyword,none,0,35.000000,ok,,
MA-R06-MA-02-INST-COMP,MA-R06,MA-02,good,institution,comparison,embedding,none,0,42.561106,ok,sentence-transformers/all-MiniLM-L6-v2 (onnx),
MA-R06-MA-02-INST-COMP,MA-R06,MA-02,good,institution,comparison,embedding,anonymised,0,48.106045,ok,sentence-transformers/all-MiniLM-L6-v2 (onnx),
MA-R06-MA-02-INST-COMP,MA-R06,MA-02,good,institution,comparison,embedding,structured_evidence,0,55.001953,ok,sentence-transformers/all-MiniLM-L6-v2 (onnx),
MA-R06-MA-02-INST-COMP,MA-R06,MA-02,good,institution,comparison,embedding_sectioned,none,0,33.446206,ok,sentence-transformers/all-MiniLM-L6-v2 (onnx),
MA-R06-MA-02-INST-COMP,MA-R06,MA-02,good,institution,comparison,embedding_sectioned,anonymised,0,33.420825,ok,sentence-transformers/all-MiniLM-L6-v2 (onnx),
MA-R06-MA-02-INST-HIGH,MA-R06,MA-02,good,institution,higher_ranked,keyword,none,0,35.000000,ok,,
MA-R06-MA-02-INST-HIGH,MA-R06,MA-02,good,institution,higher_ranked,embedding,none,0,43.049386,ok,sentence-transformers/all-MiniLM-L6-v2 (onnx),
MA-R06-MA-02-INST-HIGH,MA-R06,MA-02,good,institution,higher_ranked,embedding,anonymised,0,48.583339,ok,sentence-transformers/all-MiniLM-L6-v2 (onnx),
MA-R06-MA-02-INST-HIGH,MA-R06,MA-02,good,institution,higher_ranked,embedding,structured_evidence,0,55.001953,ok,sentence-transformers/all-MiniLM-L6-v2 (onnx),
MA-R06-MA-02-INST-HIGH,MA-R06,MA-02,good,institution,higher_ranked,embedding_sectioned,none,0,32.745525,ok,sentence-transformers/all-MiniLM-L6-v2 (onnx),
MA-R06-MA-02-INST-HIGH,MA-R06,MA-02,good,institution,higher_ranked,embedding_sectioned,anonymised,0,32.720144,ok,sentence-transformers/all-MiniLM-L6-v2 (onnx),
MA-R06-MA-02-NAME-chinese_female,MA-R06,MA-02,good,name_cue,chinese_female,keyword,none,0,35.000000,ok,,
MA-R06-MA-02-NAME-chinese_female,MA-R06,MA-02,good,name_cue,chinese_female,embedding,none,0,41.738233,ok,sentence-transformers/all-MiniLM-L6-v2 (onnx),
MA-R06-MA-02-NAME-chinese_female,MA-R06,MA-02,good,name_cue,chinese_female,embedding,anonymised,0,48.345721,ok,sentence-transformers/all-MiniLM-L6-v2 (onnx),
MA-R06-MA-02-NAME-chinese_female,MA-R06,MA-02,good,name_cue,chinese_female,embedding,structured_evidence,0,55.001953,ok,sentence-transformers/all-MiniLM-L6-v2 (onnx),
MA-R06-MA-02-NAME-chinese_female,MA-R06,MA-02,good,name_cue,chinese_female,embedding_sectioned,none,0,33.565968,ok,sentence-transformers/all-MiniLM-L6-v2 (onnx),
MA-R06-MA-02-NAME-chinese_female,MA-R06,MA-02,good,name_cue,chinese_female,embedding_sectioned,anonymised,0,33.571856,ok,sentence-transformers/all-MiniLM-L6-v2 (onnx),
MA-R06-MA-02-NAME-indian_female,MA-R06,MA-02,good,name_cue,indian_female,keyword,none,0,35.000000,ok,,
MA-R06-MA-02-NAME-indian_female,MA-R06,MA-02,good,name_cue,indian_female,embedding,none,0,44.352759,ok,sentence-transformers/all-MiniLM-L6-v2 (onnx),
MA-R06-MA-02-NAME-indian_female,MA-R06,MA-02,good,name_cue,indian_female,embedding,anonymised,0,48.345721,ok,sentence-transformers/all-MiniLM-L6-v2 (onnx),
MA-R06-MA-02-NAME-indian_female,MA-R06,MA-02,good,name_cue,indian_female,embedding,structured_evidence,0,55.001953,ok,sentence-transformers/all-MiniLM-L6-v2 (onnx),
MA-R06-MA-02-NAME-indian_female,MA-R06,MA-02,good,name_cue,indian_female,embedding_sectioned,none,0,33.489420,ok,sentence-transformers/all-MiniLM-L6-v2 (onnx),
MA-R06-MA-02-NAME-indian_female,MA-R06,MA-02,good,name_cue,indian_female,embedding_sectioned,anonymised,0,33.571856,ok,sentence-transformers/all-MiniLM-L6-v2 (onnx),
MA-R06-MA-02-NAME-indian_male,MA-R06,MA-02,good,name_cue,indian_male,keyword,none,0,35.000000,ok,,
MA-R06-MA-02-NAME-indian_male,MA-R06,MA-02,good,name_cue,indian_male,embedding,none,0,47.693758,ok,sentence-transformers/all-MiniLM-L6-v2 (onnx),
MA-R06-MA-02-NAME-indian_male,MA-R06,MA-02,good,name_cue,indian_male,embedding,anonymised,0,48.345721,ok,sentence-transformers/all-MiniLM-L6-v2 (onnx),
MA-R06-MA-02-NAME-indian_male,MA-R06,MA-02,good,name_cue,indian_male,embedding,structured_evidence,0,55.001953,ok,sentence-transformers/all-MiniLM-L6-v2 (onnx),
MA-R06-MA-02-NAME-indian_male,MA-R06,MA-02,good,name_cue,indian_male,embedding_sectioned,none,0,33.781628,ok,sentence-transformers/all-MiniLM-L6-v2 (onnx),
MA-R06-MA-02-NAME-indian_male,MA-R06,MA-02,good,name_cue,indian_male,embedding_sectioned,anonymised,0,33.571856,ok,sentence-transformers/all-MiniLM-L6-v2 (onnx),
MA-R06-MA-02-NAME-malay_female,MA-R06,MA-02,good,name_cue,malay_female,keyword,none,0,35.000000,ok,,
MA-R06-MA-02-NAME-malay_female,MA-R06,MA-02,good,name_cue,malay_female,embedding,none,0,42.685652,ok,sentence-transformers/all-MiniLM-L6-v2 (onnx),
MA-R06-MA-02-NAME-malay_female,MA-R06,MA-02,good,name_cue,malay_female,embedding,anonymised,0,48.345721,ok,sentence-transformers/all-MiniLM-L6-v2 (onnx),
MA-R06-MA-02-NAME-malay_female,MA-R06,MA-02,good,name_cue,malay_female,embedding,structured_evidence,0,55.001953,ok,sentence-transformers/all-MiniLM-L6-v2 (onnx),
MA-R06-MA-02-NAME-malay_female,MA-R06,MA-02,good,name_cue,malay_female,embedding_sectioned,none,0,33.202120,ok,sentence-transformers/all-MiniLM-L6-v2 (onnx),
MA-R06-MA-02-NAME-malay_female,MA-R06,MA-02,good,name_cue,malay_female,embedding_sectioned,anonymised,0,33.571856,ok,sentence-transformers/all-MiniLM-L6-v2 (onnx),
MA-R06-MA-02-NAME-malay_male,MA-R06,MA-02,good,name_cue,malay_male,keyword,none,0,35.000000,ok,,
MA-R06-MA-02-NAME-malay_male,MA-R06,MA-02,good,name_cue,malay_male,embedding,none,0,43.212951,ok,sentence-transformers/all-MiniLM-L6-v2 (onnx),
MA-R06-MA-02-NAME-malay_male,MA-R06,MA-02,good,name_cue,malay_male,embedding,anonymised,0,48.345721,ok,sentence-transformers/all-MiniLM-L6-v2 (onnx),
MA-R06-MA-02-NAME-malay_male,MA-R06,MA-02,good,name_cue,malay_male,embedding,structured_evidence,0,55.001953,ok,sentence-transformers/all-MiniLM-L6-v2 (onnx),
MA-R06-MA-02-NAME-malay_male,MA-R06,MA-02,good,name_cue,malay_male,embedding_sectioned,none,0,33.407382,ok,sentence-transformers/all-MiniLM-L6-v2 (onnx),
MA-R06-MA-02-NAME-malay_male,MA-R06,MA-02,good,name_cue,malay_male,embedding_sectioned,anonymised,0,33.571856,ok,sentence-transformers/all-MiniLM-L6-v2 (onnx),
MA-R06-MA-02-REF,MA-R06,MA-02,good,none,chinese_male,keyword,none,0,35.000000,ok,,
MA-R06-MA-02-REF,MA-R06,MA-02,good,none,chinese_male,embedding,none,0,42.497835,ok,sentence-transformers/all-MiniLM-L6-v2 (onnx),
MA-R06-MA-02-REF,MA-R06,MA-02,good,none,chinese_male,embedding,anonymised,0,48.345721,ok,sentence-transformers/all-MiniLM-L6-v2 (onnx),
MA-R06-MA-02-REF,MA-R06,MA-02,good,none,chinese_male,embedding,structured_evidence,0,55.001953,ok,sentence-transformers/all-MiniLM-L6-v2 (onnx),
MA-R06-MA-02-REF,MA-R06,MA-02,good,none,chinese_male,embedding_sectioned,none,0,33.597238,ok,sentence-transformers/all-MiniLM-L6-v2 (onnx),
MA-R06-MA-02-REF,MA-R06,MA-02,good,none,chinese_male,embedding_sectioned,anonymised,0,33.571856,ok,sentence-transformers/all-MiniLM-L6-v2 (onnx),
MA-R07-MA-01-FMT-ALT,MA-R07,MA-01,borderline,formatting,alternative,keyword,none,0,10.000000,ok,,
MA-R07-MA-01-FMT-ALT,MA-R07,MA-01,borderline,formatting,alternative,embedding,none,0,35.303127,ok,sentence-transformers/all-MiniLM-L6-v2 (onnx),
MA-R07-MA-01-FMT-ALT,MA-R07,MA-01,borderline,formatting,alternative,embedding,anonymised,0,42.427397,ok,sentence-transformers/all-MiniLM-L6-v2 (onnx),
MA-R07-MA-01-FMT-ALT,MA-R07,MA-01,borderline,formatting,alternative,embedding,structured_evidence,0,43.306770,ok,sentence-transformers/all-MiniLM-L6-v2 (onnx),
MA-R07-MA-01-FMT-ALT,MA-R07,MA-01,borderline,formatting,alternative,embedding_sectioned,none,0,28.273467,ok,sentence-transformers/all-MiniLM-L6-v2 (onnx),
MA-R07-MA-01-FMT-ALT,MA-R07,MA-01,borderline,formatting,alternative,embedding_sectioned,anonymised,0,28.962354,ok,sentence-transformers/all-MiniLM-L6-v2 (onnx),
MA-R07-MA-01-GAP,MA-R07,MA-01,borderline,career_gap,12 month break,keyword,none,0,10.000000,ok,,
MA-R07-MA-01-GAP,MA-R07,MA-01,borderline,career_gap,12 month break,embedding,none,0,37.231631,ok,sentence-transformers/all-MiniLM-L6-v2 (onnx),
MA-R07-MA-01-GAP,MA-R07,MA-01,borderline,career_gap,12 month break,embedding,anonymised,0,43.786850,ok,sentence-transformers/all-MiniLM-L6-v2 (onnx),
MA-R07-MA-01-GAP,MA-R07,MA-01,borderline,career_gap,12 month break,embedding,structured_evidence,0,43.306770,ok,sentence-transformers/all-MiniLM-L6-v2 (onnx),
MA-R07-MA-01-GAP,MA-R07,MA-01,borderline,career_gap,12 month break,embedding_sectioned,none,0,29.345298,ok,sentence-transformers/all-MiniLM-L6-v2 (onnx),
MA-R07-MA-01-GAP,MA-R07,MA-01,borderline,career_gap,12 month break,embedding_sectioned,anonymised,0,30.034185,ok,sentence-transformers/all-MiniLM-L6-v2 (onnx),
MA-R07-MA-01-INST-COMP,MA-R07,MA-01,borderline,institution,comparison,keyword,none,0,10.000000,ok,,
MA-R07-MA-01-INST-COMP,MA-R07,MA-01,borderline,institution,comparison,embedding,none,0,36.871914,ok,sentence-transformers/all-MiniLM-L6-v2 (onnx),
MA-R07-MA-01-INST-COMP,MA-R07,MA-01,borderline,institution,comparison,embedding,anonymised,0,44.559421,ok,sentence-transformers/all-MiniLM-L6-v2 (onnx),
MA-R07-MA-01-INST-COMP,MA-R07,MA-01,borderline,institution,comparison,embedding,structured_evidence,0,43.306770,ok,sentence-transformers/all-MiniLM-L6-v2 (onnx),
MA-R07-MA-01-INST-COMP,MA-R07,MA-01,borderline,institution,comparison,embedding_sectioned,none,0,29.229124,ok,sentence-transformers/all-MiniLM-L6-v2 (onnx),
MA-R07-MA-01-INST-COMP,MA-R07,MA-01,borderline,institution,comparison,embedding_sectioned,anonymised,0,29.918011,ok,sentence-transformers/all-MiniLM-L6-v2 (onnx),
MA-R07-MA-01-INST-HIGH,MA-R07,MA-01,borderline,institution,higher_ranked,keyword,none,0,10.000000,ok,,
MA-R07-MA-01-INST-HIGH,MA-R07,MA-01,borderline,institution,higher_ranked,embedding,none,0,36.217345,ok,sentence-transformers/all-MiniLM-L6-v2 (onnx),
MA-R07-MA-01-INST-HIGH,MA-R07,MA-01,borderline,institution,higher_ranked,embedding,anonymised,0,43.174704,ok,sentence-transformers/all-MiniLM-L6-v2 (onnx),
MA-R07-MA-01-INST-HIGH,MA-R07,MA-01,borderline,institution,higher_ranked,embedding,structured_evidence,0,43.306770,ok,sentence-transformers/all-MiniLM-L6-v2 (onnx),
MA-R07-MA-01-INST-HIGH,MA-R07,MA-01,borderline,institution,higher_ranked,embedding_sectioned,none,0,28.656032,ok,sentence-transformers/all-MiniLM-L6-v2 (onnx),
MA-R07-MA-01-INST-HIGH,MA-R07,MA-01,borderline,institution,higher_ranked,embedding_sectioned,anonymised,0,29.344919,ok,sentence-transformers/all-MiniLM-L6-v2 (onnx),
MA-R07-MA-01-NAME-chinese_female,MA-R07,MA-01,borderline,name_cue,chinese_female,keyword,none,0,10.000000,ok,,
MA-R07-MA-01-NAME-chinese_female,MA-R07,MA-01,borderline,name_cue,chinese_female,embedding,none,0,36.106954,ok,sentence-transformers/all-MiniLM-L6-v2 (onnx),
MA-R07-MA-01-NAME-chinese_female,MA-R07,MA-01,borderline,name_cue,chinese_female,embedding,anonymised,0,43.989516,ok,sentence-transformers/all-MiniLM-L6-v2 (onnx),
MA-R07-MA-01-NAME-chinese_female,MA-R07,MA-01,borderline,name_cue,chinese_female,embedding,structured_evidence,0,43.306770,ok,sentence-transformers/all-MiniLM-L6-v2 (onnx),
MA-R07-MA-01-NAME-chinese_female,MA-R07,MA-01,borderline,name_cue,chinese_female,embedding_sectioned,none,0,29.137660,ok,sentence-transformers/all-MiniLM-L6-v2 (onnx),
MA-R07-MA-01-NAME-chinese_female,MA-R07,MA-01,borderline,name_cue,chinese_female,embedding_sectioned,anonymised,0,29.726217,ok,sentence-transformers/all-MiniLM-L6-v2 (onnx),
MA-R07-MA-01-NAME-chinese_male,MA-R07,MA-01,borderline,name_cue,chinese_male,keyword,none,0,10.000000,ok,,
MA-R07-MA-01-NAME-chinese_male,MA-R07,MA-01,borderline,name_cue,chinese_male,embedding,none,0,39.835073,ok,sentence-transformers/all-MiniLM-L6-v2 (onnx),
MA-R07-MA-01-NAME-chinese_male,MA-R07,MA-01,borderline,name_cue,chinese_male,embedding,anonymised,0,43.989516,ok,sentence-transformers/all-MiniLM-L6-v2 (onnx),
MA-R07-MA-01-NAME-chinese_male,MA-R07,MA-01,borderline,name_cue,chinese_male,embedding,structured_evidence,0,43.306770,ok,sentence-transformers/all-MiniLM-L6-v2 (onnx),
MA-R07-MA-01-NAME-chinese_male,MA-R07,MA-01,borderline,name_cue,chinese_male,embedding_sectioned,none,0,29.184921,ok,sentence-transformers/all-MiniLM-L6-v2 (onnx),
MA-R07-MA-01-NAME-chinese_male,MA-R07,MA-01,borderline,name_cue,chinese_male,embedding_sectioned,anonymised,0,29.726217,ok,sentence-transformers/all-MiniLM-L6-v2 (onnx),
MA-R07-MA-01-NAME-indian_female,MA-R07,MA-01,borderline,name_cue,indian_female,keyword,none,0,10.000000,ok,,
MA-R07-MA-01-NAME-indian_female,MA-R07,MA-01,borderline,name_cue,indian_female,embedding,none,0,39.887751,ok,sentence-transformers/all-MiniLM-L6-v2 (onnx),
MA-R07-MA-01-NAME-indian_female,MA-R07,MA-01,borderline,name_cue,indian_female,embedding,anonymised,0,43.989516,ok,sentence-transformers/all-MiniLM-L6-v2 (onnx),
MA-R07-MA-01-NAME-indian_female,MA-R07,MA-01,borderline,name_cue,indian_female,embedding,structured_evidence,0,43.306770,ok,sentence-transformers/all-MiniLM-L6-v2 (onnx),
MA-R07-MA-01-NAME-indian_female,MA-R07,MA-01,borderline,name_cue,indian_female,embedding_sectioned,none,0,29.595364,ok,sentence-transformers/all-MiniLM-L6-v2 (onnx),
MA-R07-MA-01-NAME-indian_female,MA-R07,MA-01,borderline,name_cue,indian_female,embedding_sectioned,anonymised,0,29.726217,ok,sentence-transformers/all-MiniLM-L6-v2 (onnx),
MA-R07-MA-01-NAME-indian_male,MA-R07,MA-01,borderline,name_cue,indian_male,keyword,none,0,10.000000,ok,,
MA-R07-MA-01-NAME-indian_male,MA-R07,MA-01,borderline,name_cue,indian_male,embedding,none,0,39.127117,ok,sentence-transformers/all-MiniLM-L6-v2 (onnx),
MA-R07-MA-01-NAME-indian_male,MA-R07,MA-01,borderline,name_cue,indian_male,embedding,anonymised,0,43.989516,ok,sentence-transformers/all-MiniLM-L6-v2 (onnx),
MA-R07-MA-01-NAME-indian_male,MA-R07,MA-01,borderline,name_cue,indian_male,embedding,structured_evidence,0,43.306770,ok,sentence-transformers/all-MiniLM-L6-v2 (onnx),
MA-R07-MA-01-NAME-indian_male,MA-R07,MA-01,borderline,name_cue,indian_male,embedding_sectioned,none,0,29.595706,ok,sentence-transformers/all-MiniLM-L6-v2 (onnx),
MA-R07-MA-01-NAME-indian_male,MA-R07,MA-01,borderline,name_cue,indian_male,embedding_sectioned,anonymised,0,29.726217,ok,sentence-transformers/all-MiniLM-L6-v2 (onnx),
MA-R07-MA-01-NAME-malay_male,MA-R07,MA-01,borderline,name_cue,malay_male,keyword,none,0,10.000000,ok,,
MA-R07-MA-01-NAME-malay_male,MA-R07,MA-01,borderline,name_cue,malay_male,embedding,none,0,35.270632,ok,sentence-transformers/all-MiniLM-L6-v2 (onnx),
MA-R07-MA-01-NAME-malay_male,MA-R07,MA-01,borderline,name_cue,malay_male,embedding,anonymised,0,43.989516,ok,sentence-transformers/all-MiniLM-L6-v2 (onnx),
MA-R07-MA-01-NAME-malay_male,MA-R07,MA-01,borderline,name_cue,malay_male,embedding,structured_evidence,0,43.306770,ok,sentence-transformers/all-MiniLM-L6-v2 (onnx),
MA-R07-MA-01-NAME-malay_male,MA-R07,MA-01,borderline,name_cue,malay_male,embedding_sectioned,none,0,29.161929,ok,sentence-transformers/all-MiniLM-L6-v2 (onnx),
MA-R07-MA-01-NAME-malay_male,MA-R07,MA-01,borderline,name_cue,malay_male,embedding_sectioned,anonymised,0,29.726217,ok,sentence-transformers/all-MiniLM-L6-v2 (onnx),
MA-R07-MA-01-REF,MA-R07,MA-01,borderline,none,malay_female,keyword,none,0,10.000000,ok,,
MA-R07-MA-01-REF,MA-R07,MA-01,borderline,none,malay_female,embedding,none,0,36.347976,ok,sentence-transformers/all-MiniLM-L6-v2 (onnx),
MA-R07-MA-01-REF,MA-R07,MA-01,borderline,none,malay_female,embedding,anonymised,0,43.989516,ok,sentence-transformers/all-MiniLM-L6-v2 (onnx),
MA-R07-MA-01-REF,MA-R07,MA-01,borderline,none,malay_female,embedding,structured_evidence,0,43.306770,ok,sentence-transformers/all-MiniLM-L6-v2 (onnx),
MA-R07-MA-01-REF,MA-R07,MA-01,borderline,none,malay_female,embedding_sectioned,none,0,29.037330,ok,sentence-transformers/all-MiniLM-L6-v2 (onnx),
MA-R07-MA-01-REF,MA-R07,MA-01,borderline,none,malay_female,embedding_sectioned,anonymised,0,29.726217,ok,sentence-transformers/all-MiniLM-L6-v2 (onnx),
MA-R07-MA-02-FMT-ALT,MA-R07,MA-02,borderline,formatting,alternative,keyword,none,0,23.333333,ok,,
MA-R07-MA-02-FMT-ALT,MA-R07,MA-02,borderline,formatting,alternative,embedding,none,0,32.676258,ok,sentence-transformers/all-MiniLM-L6-v2 (onnx),
MA-R07-MA-02-FMT-ALT,MA-R07,MA-02,borderline,formatting,alternative,embedding,anonymised,0,36.982576,ok,sentence-transformers/all-MiniLM-L6-v2 (onnx),
MA-R07-MA-02-FMT-ALT,MA-R07,MA-02,borderline,formatting,alternative,embedding,structured_evidence,0,57.522244,ok,sentence-transformers/all-MiniLM-L6-v2 (onnx),
MA-R07-MA-02-FMT-ALT,MA-R07,MA-02,borderline,formatting,alternative,embedding_sectioned,none,0,28.329923,ok,sentence-transformers/all-MiniLM-L6-v2 (onnx),
MA-R07-MA-02-FMT-ALT,MA-R07,MA-02,borderline,formatting,alternative,embedding_sectioned,anonymised,0,28.371389,ok,sentence-transformers/all-MiniLM-L6-v2 (onnx),
MA-R07-MA-02-GAP,MA-R07,MA-02,borderline,career_gap,12 month break,keyword,none,0,23.333333,ok,,
MA-R07-MA-02-GAP,MA-R07,MA-02,borderline,career_gap,12 month break,embedding,none,0,32.995633,ok,sentence-transformers/all-MiniLM-L6-v2 (onnx),
MA-R07-MA-02-GAP,MA-R07,MA-02,borderline,career_gap,12 month break,embedding,anonymised,0,37.423817,ok,sentence-transformers/all-MiniLM-L6-v2 (onnx),
MA-R07-MA-02-GAP,MA-R07,MA-02,borderline,career_gap,12 month break,embedding,structured_evidence,0,57.522244,ok,sentence-transformers/all-MiniLM-L6-v2 (onnx),
MA-R07-MA-02-GAP,MA-R07,MA-02,borderline,career_gap,12 month break,embedding_sectioned,none,0,28.845229,ok,sentence-transformers/all-MiniLM-L6-v2 (onnx),
MA-R07-MA-02-GAP,MA-R07,MA-02,borderline,career_gap,12 month break,embedding_sectioned,anonymised,0,28.886695,ok,sentence-transformers/all-MiniLM-L6-v2 (onnx),
MA-R07-MA-02-INST-COMP,MA-R07,MA-02,borderline,institution,comparison,keyword,none,0,23.333333,ok,,
MA-R07-MA-02-INST-COMP,MA-R07,MA-02,borderline,institution,comparison,embedding,none,0,32.155348,ok,sentence-transformers/all-MiniLM-L6-v2 (onnx),
MA-R07-MA-02-INST-COMP,MA-R07,MA-02,borderline,institution,comparison,embedding,anonymised,0,37.343168,ok,sentence-transformers/all-MiniLM-L6-v2 (onnx),
MA-R07-MA-02-INST-COMP,MA-R07,MA-02,borderline,institution,comparison,embedding,structured_evidence,0,57.522244,ok,sentence-transformers/all-MiniLM-L6-v2 (onnx),
MA-R07-MA-02-INST-COMP,MA-R07,MA-02,borderline,institution,comparison,embedding_sectioned,none,0,28.664259,ok,sentence-transformers/all-MiniLM-L6-v2 (onnx),
MA-R07-MA-02-INST-COMP,MA-R07,MA-02,borderline,institution,comparison,embedding_sectioned,anonymised,0,28.705724,ok,sentence-transformers/all-MiniLM-L6-v2 (onnx),
MA-R07-MA-02-INST-HIGH,MA-R07,MA-02,borderline,institution,higher_ranked,keyword,none,0,23.333333,ok,,
MA-R07-MA-02-INST-HIGH,MA-R07,MA-02,borderline,institution,higher_ranked,embedding,none,0,31.858577,ok,sentence-transformers/all-MiniLM-L6-v2 (onnx),
MA-R07-MA-02-INST-HIGH,MA-R07,MA-02,borderline,institution,higher_ranked,embedding,anonymised,0,36.637979,ok,sentence-transformers/all-MiniLM-L6-v2 (onnx),
MA-R07-MA-02-INST-HIGH,MA-R07,MA-02,borderline,institution,higher_ranked,embedding,structured_evidence,0,57.522244,ok,sentence-transformers/all-MiniLM-L6-v2 (onnx),
MA-R07-MA-02-INST-HIGH,MA-R07,MA-02,borderline,institution,higher_ranked,embedding_sectioned,none,0,28.025427,ok,sentence-transformers/all-MiniLM-L6-v2 (onnx),
MA-R07-MA-02-INST-HIGH,MA-R07,MA-02,borderline,institution,higher_ranked,embedding_sectioned,anonymised,0,28.066893,ok,sentence-transformers/all-MiniLM-L6-v2 (onnx),
MA-R07-MA-02-NAME-chinese_female,MA-R07,MA-02,borderline,name_cue,chinese_female,keyword,none,0,23.333333,ok,,
MA-R07-MA-02-NAME-chinese_female,MA-R07,MA-02,borderline,name_cue,chinese_female,embedding,none,0,28.344281,ok,sentence-transformers/all-MiniLM-L6-v2 (onnx),
MA-R07-MA-02-NAME-chinese_female,MA-R07,MA-02,borderline,name_cue,chinese_female,embedding,anonymised,0,37.470157,ok,sentence-transformers/all-MiniLM-L6-v2 (onnx),
MA-R07-MA-02-NAME-chinese_female,MA-R07,MA-02,borderline,name_cue,chinese_female,embedding,structured_evidence,0,57.522244,ok,sentence-transformers/all-MiniLM-L6-v2 (onnx),
MA-R07-MA-02-NAME-chinese_female,MA-R07,MA-02,borderline,name_cue,chinese_female,embedding_sectioned,none,0,28.560546,ok,sentence-transformers/all-MiniLM-L6-v2 (onnx),
MA-R07-MA-02-NAME-chinese_female,MA-R07,MA-02,borderline,name_cue,chinese_female,embedding_sectioned,anonymised,0,28.773837,ok,sentence-transformers/all-MiniLM-L6-v2 (onnx),
MA-R07-MA-02-NAME-chinese_male,MA-R07,MA-02,borderline,name_cue,chinese_male,keyword,none,0,23.333333,ok,,
MA-R07-MA-02-NAME-chinese_male,MA-R07,MA-02,borderline,name_cue,chinese_male,embedding,none,0,33.552263,ok,sentence-transformers/all-MiniLM-L6-v2 (onnx),
MA-R07-MA-02-NAME-chinese_male,MA-R07,MA-02,borderline,name_cue,chinese_male,embedding,anonymised,0,37.470157,ok,sentence-transformers/all-MiniLM-L6-v2 (onnx),
MA-R07-MA-02-NAME-chinese_male,MA-R07,MA-02,borderline,name_cue,chinese_male,embedding,structured_evidence,0,57.522244,ok,sentence-transformers/all-MiniLM-L6-v2 (onnx),
MA-R07-MA-02-NAME-chinese_male,MA-R07,MA-02,borderline,name_cue,chinese_male,embedding_sectioned,none,0,28.656240,ok,sentence-transformers/all-MiniLM-L6-v2 (onnx),
MA-R07-MA-02-NAME-chinese_male,MA-R07,MA-02,borderline,name_cue,chinese_male,embedding_sectioned,anonymised,0,28.773837,ok,sentence-transformers/all-MiniLM-L6-v2 (onnx),
MA-R07-MA-02-NAME-indian_female,MA-R07,MA-02,borderline,name_cue,indian_female,keyword,none,0,23.333333,ok,,
MA-R07-MA-02-NAME-indian_female,MA-R07,MA-02,borderline,name_cue,indian_female,embedding,none,0,33.010865,ok,sentence-transformers/all-MiniLM-L6-v2 (onnx),
MA-R07-MA-02-NAME-indian_female,MA-R07,MA-02,borderline,name_cue,indian_female,embedding,anonymised,0,37.470157,ok,sentence-transformers/all-MiniLM-L6-v2 (onnx),
MA-R07-MA-02-NAME-indian_female,MA-R07,MA-02,borderline,name_cue,indian_female,embedding,structured_evidence,0,57.522244,ok,sentence-transformers/all-MiniLM-L6-v2 (onnx),
MA-R07-MA-02-NAME-indian_female,MA-R07,MA-02,borderline,name_cue,indian_female,embedding_sectioned,none,0,28.858454,ok,sentence-transformers/all-MiniLM-L6-v2 (onnx),
MA-R07-MA-02-NAME-indian_female,MA-R07,MA-02,borderline,name_cue,indian_female,embedding_sectioned,anonymised,0,28.773837,ok,sentence-transformers/all-MiniLM-L6-v2 (onnx),
MA-R07-MA-02-NAME-indian_male,MA-R07,MA-02,borderline,name_cue,indian_male,keyword,none,0,23.333333,ok,,
MA-R07-MA-02-NAME-indian_male,MA-R07,MA-02,borderline,name_cue,indian_male,embedding,none,0,32.225984,ok,sentence-transformers/all-MiniLM-L6-v2 (onnx),
MA-R07-MA-02-NAME-indian_male,MA-R07,MA-02,borderline,name_cue,indian_male,embedding,anonymised,0,37.470157,ok,sentence-transformers/all-MiniLM-L6-v2 (onnx),
MA-R07-MA-02-NAME-indian_male,MA-R07,MA-02,borderline,name_cue,indian_male,embedding,structured_evidence,0,57.522244,ok,sentence-transformers/all-MiniLM-L6-v2 (onnx),
MA-R07-MA-02-NAME-indian_male,MA-R07,MA-02,borderline,name_cue,indian_male,embedding_sectioned,none,0,28.903446,ok,sentence-transformers/all-MiniLM-L6-v2 (onnx),
MA-R07-MA-02-NAME-indian_male,MA-R07,MA-02,borderline,name_cue,indian_male,embedding_sectioned,anonymised,0,28.773837,ok,sentence-transformers/all-MiniLM-L6-v2 (onnx),
MA-R07-MA-02-NAME-malay_male,MA-R07,MA-02,borderline,name_cue,malay_male,keyword,none,0,23.333333,ok,,
MA-R07-MA-02-NAME-malay_male,MA-R07,MA-02,borderline,name_cue,malay_male,embedding,none,0,33.681106,ok,sentence-transformers/all-MiniLM-L6-v2 (onnx),
MA-R07-MA-02-NAME-malay_male,MA-R07,MA-02,borderline,name_cue,malay_male,embedding,anonymised,0,37.470157,ok,sentence-transformers/all-MiniLM-L6-v2 (onnx),
MA-R07-MA-02-NAME-malay_male,MA-R07,MA-02,borderline,name_cue,malay_male,embedding,structured_evidence,0,57.522244,ok,sentence-transformers/all-MiniLM-L6-v2 (onnx),
MA-R07-MA-02-NAME-malay_male,MA-R07,MA-02,borderline,name_cue,malay_male,embedding_sectioned,none,0,28.989522,ok,sentence-transformers/all-MiniLM-L6-v2 (onnx),
MA-R07-MA-02-NAME-malay_male,MA-R07,MA-02,borderline,name_cue,malay_male,embedding_sectioned,anonymised,0,28.773837,ok,sentence-transformers/all-MiniLM-L6-v2 (onnx),
MA-R07-MA-02-REF,MA-R07,MA-02,borderline,none,malay_female,keyword,none,0,23.333333,ok,,
MA-R07-MA-02-REF,MA-R07,MA-02,borderline,none,malay_female,embedding,none,0,31.933550,ok,sentence-transformers/all-MiniLM-L6-v2 (onnx),
MA-R07-MA-02-REF,MA-R07,MA-02,borderline,none,malay_female,embedding,anonymised,0,37.470157,ok,sentence-transformers/all-MiniLM-L6-v2 (onnx),
MA-R07-MA-02-REF,MA-R07,MA-02,borderline,none,malay_female,embedding,structured_evidence,0,57.522244,ok,sentence-transformers/all-MiniLM-L6-v2 (onnx),
MA-R07-MA-02-REF,MA-R07,MA-02,borderline,none,malay_female,embedding_sectioned,none,0,28.732371,ok,sentence-transformers/all-MiniLM-L6-v2 (onnx),
MA-R07-MA-02-REF,MA-R07,MA-02,borderline,none,malay_female,embedding_sectioned,anonymised,0,28.773837,ok,sentence-transformers/all-MiniLM-L6-v2 (onnx),
MA-R08-MA-01-FMT-ALT,MA-R08,MA-01,weak,formatting,alternative,keyword,none,0,10.000000,ok,,
MA-R08-MA-01-FMT-ALT,MA-R08,MA-01,weak,formatting,alternative,embedding,none,0,45.511829,ok,sentence-transformers/all-MiniLM-L6-v2 (onnx),
MA-R08-MA-01-FMT-ALT,MA-R08,MA-01,weak,formatting,alternative,embedding,anonymised,0,43.929233,ok,sentence-transformers/all-MiniLM-L6-v2 (onnx),
MA-R08-MA-01-FMT-ALT,MA-R08,MA-01,weak,formatting,alternative,embedding,structured_evidence,0,39.079405,ok,sentence-transformers/all-MiniLM-L6-v2 (onnx),
MA-R08-MA-01-FMT-ALT,MA-R08,MA-01,weak,formatting,alternative,embedding_sectioned,none,0,33.149796,ok,sentence-transformers/all-MiniLM-L6-v2 (onnx),
MA-R08-MA-01-FMT-ALT,MA-R08,MA-01,weak,formatting,alternative,embedding_sectioned,anonymised,0,33.607408,ok,sentence-transformers/all-MiniLM-L6-v2 (onnx),
MA-R08-MA-01-GAP,MA-R08,MA-01,weak,career_gap,12 month break,keyword,none,0,10.000000,ok,,
MA-R08-MA-01-GAP,MA-R08,MA-01,weak,career_gap,12 month break,embedding,none,0,47.559218,ok,sentence-transformers/all-MiniLM-L6-v2 (onnx),
MA-R08-MA-01-GAP,MA-R08,MA-01,weak,career_gap,12 month break,embedding,anonymised,0,50.446272,ok,sentence-transformers/all-MiniLM-L6-v2 (onnx),
MA-R08-MA-01-GAP,MA-R08,MA-01,weak,career_gap,12 month break,embedding,structured_evidence,0,39.079405,ok,sentence-transformers/all-MiniLM-L6-v2 (onnx),
MA-R08-MA-01-GAP,MA-R08,MA-01,weak,career_gap,12 month break,embedding_sectioned,none,0,35.546667,ok,sentence-transformers/all-MiniLM-L6-v2 (onnx),
MA-R08-MA-01-GAP,MA-R08,MA-01,weak,career_gap,12 month break,embedding_sectioned,anonymised,0,36.004279,ok,sentence-transformers/all-MiniLM-L6-v2 (onnx),
MA-R08-MA-01-INST-COMP,MA-R08,MA-01,weak,institution,comparison,keyword,none,0,10.000000,ok,,
MA-R08-MA-01-INST-COMP,MA-R08,MA-01,weak,institution,comparison,embedding,none,0,47.846305,ok,sentence-transformers/all-MiniLM-L6-v2 (onnx),
MA-R08-MA-01-INST-COMP,MA-R08,MA-01,weak,institution,comparison,embedding,anonymised,0,51.252066,ok,sentence-transformers/all-MiniLM-L6-v2 (onnx),
MA-R08-MA-01-INST-COMP,MA-R08,MA-01,weak,institution,comparison,embedding,structured_evidence,0,39.079405,ok,sentence-transformers/all-MiniLM-L6-v2 (onnx),
MA-R08-MA-01-INST-COMP,MA-R08,MA-01,weak,institution,comparison,embedding_sectioned,none,0,34.054788,ok,sentence-transformers/all-MiniLM-L6-v2 (onnx),
MA-R08-MA-01-INST-COMP,MA-R08,MA-01,weak,institution,comparison,embedding_sectioned,anonymised,0,34.512400,ok,sentence-transformers/all-MiniLM-L6-v2 (onnx),
MA-R08-MA-01-INST-HIGH,MA-R08,MA-01,weak,institution,higher_ranked,keyword,none,0,10.000000,ok,,
MA-R08-MA-01-INST-HIGH,MA-R08,MA-01,weak,institution,higher_ranked,embedding,none,0,47.938204,ok,sentence-transformers/all-MiniLM-L6-v2 (onnx),
MA-R08-MA-01-INST-HIGH,MA-R08,MA-01,weak,institution,higher_ranked,embedding,anonymised,0,50.937904,ok,sentence-transformers/all-MiniLM-L6-v2 (onnx),
MA-R08-MA-01-INST-HIGH,MA-R08,MA-01,weak,institution,higher_ranked,embedding,structured_evidence,0,39.079405,ok,sentence-transformers/all-MiniLM-L6-v2 (onnx),
MA-R08-MA-01-INST-HIGH,MA-R08,MA-01,weak,institution,higher_ranked,embedding_sectioned,none,0,34.070889,ok,sentence-transformers/all-MiniLM-L6-v2 (onnx),
MA-R08-MA-01-INST-HIGH,MA-R08,MA-01,weak,institution,higher_ranked,embedding_sectioned,anonymised,0,34.528501,ok,sentence-transformers/all-MiniLM-L6-v2 (onnx),
MA-R08-MA-01-NAME-chinese_female,MA-R08,MA-01,weak,name_cue,chinese_female,keyword,none,0,10.000000,ok,,
MA-R08-MA-01-NAME-chinese_female,MA-R08,MA-01,weak,name_cue,chinese_female,embedding,none,0,49.129902,ok,sentence-transformers/all-MiniLM-L6-v2 (onnx),
MA-R08-MA-01-NAME-chinese_female,MA-R08,MA-01,weak,name_cue,chinese_female,embedding,anonymised,0,51.408199,ok,sentence-transformers/all-MiniLM-L6-v2 (onnx),
MA-R08-MA-01-NAME-chinese_female,MA-R08,MA-01,weak,name_cue,chinese_female,embedding,structured_evidence,0,39.079405,ok,sentence-transformers/all-MiniLM-L6-v2 (onnx),
MA-R08-MA-01-NAME-chinese_female,MA-R08,MA-01,weak,name_cue,chinese_female,embedding_sectioned,none,0,33.571889,ok,sentence-transformers/all-MiniLM-L6-v2 (onnx),
MA-R08-MA-01-NAME-chinese_female,MA-R08,MA-01,weak,name_cue,chinese_female,embedding_sectioned,anonymised,0,34.068498,ok,sentence-transformers/all-MiniLM-L6-v2 (onnx),
MA-R08-MA-01-NAME-chinese_male,MA-R08,MA-01,weak,name_cue,chinese_male,keyword,none,0,10.000000,ok,,
MA-R08-MA-01-NAME-chinese_male,MA-R08,MA-01,weak,name_cue,chinese_male,embedding,none,0,50.382114,ok,sentence-transformers/all-MiniLM-L6-v2 (onnx),
MA-R08-MA-01-NAME-chinese_male,MA-R08,MA-01,weak,name_cue,chinese_male,embedding,anonymised,0,51.408199,ok,sentence-transformers/all-MiniLM-L6-v2 (onnx),
MA-R08-MA-01-NAME-chinese_male,MA-R08,MA-01,weak,name_cue,chinese_male,embedding,structured_evidence,0,39.079405,ok,sentence-transformers/all-MiniLM-L6-v2 (onnx),
MA-R08-MA-01-NAME-chinese_male,MA-R08,MA-01,weak,name_cue,chinese_male,embedding_sectioned,none,0,33.652084,ok,sentence-transformers/all-MiniLM-L6-v2 (onnx),
MA-R08-MA-01-NAME-chinese_male,MA-R08,MA-01,weak,name_cue,chinese_male,embedding_sectioned,anonymised,0,34.068498,ok,sentence-transformers/all-MiniLM-L6-v2 (onnx),
MA-R08-MA-01-NAME-indian_female,MA-R08,MA-01,weak,name_cue,indian_female,keyword,none,0,10.000000,ok,,
MA-R08-MA-01-NAME-indian_female,MA-R08,MA-01,weak,name_cue,indian_female,embedding,none,0,50.497548,ok,sentence-transformers/all-MiniLM-L6-v2 (onnx),
MA-R08-MA-01-NAME-indian_female,MA-R08,MA-01,weak,name_cue,indian_female,embedding,anonymised,0,51.408199,ok,sentence-transformers/all-MiniLM-L6-v2 (onnx),
MA-R08-MA-01-NAME-indian_female,MA-R08,MA-01,weak,name_cue,indian_female,embedding,structured_evidence,0,39.079405,ok,sentence-transformers/all-MiniLM-L6-v2 (onnx),
MA-R08-MA-01-NAME-indian_female,MA-R08,MA-01,weak,name_cue,indian_female,embedding_sectioned,none,0,33.810755,ok,sentence-transformers/all-MiniLM-L6-v2 (onnx),
MA-R08-MA-01-NAME-indian_female,MA-R08,MA-01,weak,name_cue,indian_female,embedding_sectioned,anonymised,0,34.068498,ok,sentence-transformers/all-MiniLM-L6-v2 (onnx),
MA-R08-MA-01-NAME-indian_male,MA-R08,MA-01,weak,name_cue,indian_male,keyword,none,0,10.000000,ok,,
MA-R08-MA-01-NAME-indian_male,MA-R08,MA-01,weak,name_cue,indian_male,embedding,none,0,48.810535,ok,sentence-transformers/all-MiniLM-L6-v2 (onnx),
MA-R08-MA-01-NAME-indian_male,MA-R08,MA-01,weak,name_cue,indian_male,embedding,anonymised,0,51.408199,ok,sentence-transformers/all-MiniLM-L6-v2 (onnx),
MA-R08-MA-01-NAME-indian_male,MA-R08,MA-01,weak,name_cue,indian_male,embedding,structured_evidence,0,39.079405,ok,sentence-transformers/all-MiniLM-L6-v2 (onnx),
MA-R08-MA-01-NAME-indian_male,MA-R08,MA-01,weak,name_cue,indian_male,embedding_sectioned,none,0,33.756935,ok,sentence-transformers/all-MiniLM-L6-v2 (onnx),
MA-R08-MA-01-NAME-indian_male,MA-R08,MA-01,weak,name_cue,indian_male,embedding_sectioned,anonymised,0,34.068498,ok,sentence-transformers/all-MiniLM-L6-v2 (onnx),
MA-R08-MA-01-NAME-malay_female,MA-R08,MA-01,weak,name_cue,malay_female,keyword,none,0,10.000000,ok,,
MA-R08-MA-01-NAME-malay_female,MA-R08,MA-01,weak,name_cue,malay_female,embedding,none,0,51.315319,ok,sentence-transformers/all-MiniLM-L6-v2 (onnx),
MA-R08-MA-01-NAME-malay_female,MA-R08,MA-01,weak,name_cue,malay_female,embedding,anonymised,0,51.408199,ok,sentence-transformers/all-MiniLM-L6-v2 (onnx),
MA-R08-MA-01-NAME-malay_female,MA-R08,MA-01,weak,name_cue,malay_female,embedding,structured_evidence,0,39.079405,ok,sentence-transformers/all-MiniLM-L6-v2 (onnx),
MA-R08-MA-01-NAME-malay_female,MA-R08,MA-01,weak,name_cue,malay_female,embedding_sectioned,none,0,34.022300,ok,sentence-transformers/all-MiniLM-L6-v2 (onnx),
MA-R08-MA-01-NAME-malay_female,MA-R08,MA-01,weak,name_cue,malay_female,embedding_sectioned,anonymised,0,34.068498,ok,sentence-transformers/all-MiniLM-L6-v2 (onnx),
MA-R08-MA-01-REF,MA-R08,MA-01,weak,none,malay_male,keyword,none,0,10.000000,ok,,
MA-R08-MA-01-REF,MA-R08,MA-01,weak,none,malay_male,embedding,none,0,49.404379,ok,sentence-transformers/all-MiniLM-L6-v2 (onnx),
MA-R08-MA-01-REF,MA-R08,MA-01,weak,none,malay_male,embedding,anonymised,0,51.408199,ok,sentence-transformers/all-MiniLM-L6-v2 (onnx),
MA-R08-MA-01-REF,MA-R08,MA-01,weak,none,malay_male,embedding,structured_evidence,0,39.079405,ok,sentence-transformers/all-MiniLM-L6-v2 (onnx),
MA-R08-MA-01-REF,MA-R08,MA-01,weak,none,malay_male,embedding_sectioned,none,0,33.610886,ok,sentence-transformers/all-MiniLM-L6-v2 (onnx),
MA-R08-MA-01-REF,MA-R08,MA-01,weak,none,malay_male,embedding_sectioned,anonymised,0,34.068498,ok,sentence-transformers/all-MiniLM-L6-v2 (onnx),
MA-R08-MA-02-FMT-ALT,MA-R08,MA-02,weak,formatting,alternative,keyword,none,0,23.333333,ok,,
MA-R08-MA-02-FMT-ALT,MA-R08,MA-02,weak,formatting,alternative,embedding,none,0,42.558538,ok,sentence-transformers/all-MiniLM-L6-v2 (onnx),
MA-R08-MA-02-FMT-ALT,MA-R08,MA-02,weak,formatting,alternative,embedding,anonymised,0,38.187844,ok,sentence-transformers/all-MiniLM-L6-v2 (onnx),
MA-R08-MA-02-FMT-ALT,MA-R08,MA-02,weak,formatting,alternative,embedding,structured_evidence,0,63.115794,ok,sentence-transformers/all-MiniLM-L6-v2 (onnx),
MA-R08-MA-02-FMT-ALT,MA-R08,MA-02,weak,formatting,alternative,embedding_sectioned,none,0,34.893401,ok,sentence-transformers/all-MiniLM-L6-v2 (onnx),
MA-R08-MA-02-FMT-ALT,MA-R08,MA-02,weak,formatting,alternative,embedding_sectioned,anonymised,0,34.771105,ok,sentence-transformers/all-MiniLM-L6-v2 (onnx),
MA-R08-MA-02-GAP,MA-R08,MA-02,weak,career_gap,12 month break,keyword,none,0,23.333333,ok,,
MA-R08-MA-02-GAP,MA-R08,MA-02,weak,career_gap,12 month break,embedding,none,0,47.196437,ok,sentence-transformers/all-MiniLM-L6-v2 (onnx),
MA-R08-MA-02-GAP,MA-R08,MA-02,weak,career_gap,12 month break,embedding,anonymised,0,46.485122,ok,sentence-transformers/all-MiniLM-L6-v2 (onnx),
MA-R08-MA-02-GAP,MA-R08,MA-02,weak,career_gap,12 month break,embedding,structured_evidence,0,63.115794,ok,sentence-transformers/all-MiniLM-L6-v2 (onnx),
MA-R08-MA-02-GAP,MA-R08,MA-02,weak,career_gap,12 month break,embedding_sectioned,none,0,37.255052,ok,sentence-transformers/all-MiniLM-L6-v2 (onnx),
MA-R08-MA-02-GAP,MA-R08,MA-02,weak,career_gap,12 month break,embedding_sectioned,anonymised,0,37.132756,ok,sentence-transformers/all-MiniLM-L6-v2 (onnx),
MA-R08-MA-02-INST-COMP,MA-R08,MA-02,weak,institution,comparison,keyword,none,0,23.333333,ok,,
MA-R08-MA-02-INST-COMP,MA-R08,MA-02,weak,institution,comparison,embedding,none,0,47.502283,ok,sentence-transformers/all-MiniLM-L6-v2 (onnx),
MA-R08-MA-02-INST-COMP,MA-R08,MA-02,weak,institution,comparison,embedding,anonymised,0,48.124072,ok,sentence-transformers/all-MiniLM-L6-v2 (onnx),
MA-R08-MA-02-INST-COMP,MA-R08,MA-02,weak,institution,comparison,embedding,structured_evidence,0,63.115794,ok,sentence-transformers/all-MiniLM-L6-v2 (onnx),
MA-R08-MA-02-INST-COMP,MA-R08,MA-02,weak,institution,comparison,embedding_sectioned,none,0,36.069943,ok,sentence-transformers/all-MiniLM-L6-v2 (onnx),
MA-R08-MA-02-INST-COMP,MA-R08,MA-02,weak,institution,comparison,embedding_sectioned,anonymised,0,35.947647,ok,sentence-transformers/all-MiniLM-L6-v2 (onnx),
MA-R08-MA-02-INST-HIGH,MA-R08,MA-02,weak,institution,higher_ranked,keyword,none,0,23.333333,ok,,
MA-R08-MA-02-INST-HIGH,MA-R08,MA-02,weak,institution,higher_ranked,embedding,none,0,46.621229,ok,sentence-transformers/all-MiniLM-L6-v2 (onnx),
MA-R08-MA-02-INST-HIGH,MA-R08,MA-02,weak,institution,higher_ranked,embedding,anonymised,0,47.274063,ok,sentence-transformers/all-MiniLM-L6-v2 (onnx),
MA-R08-MA-02-INST-HIGH,MA-R08,MA-02,weak,institution,higher_ranked,embedding,structured_evidence,0,63.115794,ok,sentence-transformers/all-MiniLM-L6-v2 (onnx),
MA-R08-MA-02-INST-HIGH,MA-R08,MA-02,weak,institution,higher_ranked,embedding_sectioned,none,0,36.052555,ok,sentence-transformers/all-MiniLM-L6-v2 (onnx),
MA-R08-MA-02-INST-HIGH,MA-R08,MA-02,weak,institution,higher_ranked,embedding_sectioned,anonymised,0,35.930259,ok,sentence-transformers/all-MiniLM-L6-v2 (onnx),
MA-R08-MA-02-NAME-chinese_female,MA-R08,MA-02,weak,name_cue,chinese_female,keyword,none,0,23.333333,ok,,
MA-R08-MA-02-NAME-chinese_female,MA-R08,MA-02,weak,name_cue,chinese_female,embedding,none,0,44.406042,ok,sentence-transformers/all-MiniLM-L6-v2 (onnx),
MA-R08-MA-02-NAME-chinese_female,MA-R08,MA-02,weak,name_cue,chinese_female,embedding,anonymised,0,47.534668,ok,sentence-transformers/all-MiniLM-L6-v2 (onnx),
MA-R08-MA-02-NAME-chinese_female,MA-R08,MA-02,weak,name_cue,chinese_female,embedding,structured_evidence,0,63.115794,ok,sentence-transformers/all-MiniLM-L6-v2 (onnx),
MA-R08-MA-02-NAME-chinese_female,MA-R08,MA-02,weak,name_cue,chinese_female,embedding_sectioned,none,0,35.006966,ok,sentence-transformers/all-MiniLM-L6-v2 (onnx),
MA-R08-MA-02-NAME-chinese_female,MA-R08,MA-02,weak,name_cue,chinese_female,embedding_sectioned,anonymised,0,35.240792,ok,sentence-transformers/all-MiniLM-L6-v2 (onnx),
MA-R08-MA-02-NAME-chinese_male,MA-R08,MA-02,weak,name_cue,chinese_male,keyword,none,0,23.333333,ok,,
MA-R08-MA-02-NAME-chinese_male,MA-R08,MA-02,weak,name_cue,chinese_male,embedding,none,0,44.696720,ok,sentence-transformers/all-MiniLM-L6-v2 (onnx),
MA-R08-MA-02-NAME-chinese_male,MA-R08,MA-02,weak,name_cue,chinese_male,embedding,anonymised,0,47.534668,ok,sentence-transformers/all-MiniLM-L6-v2 (onnx),
MA-R08-MA-02-NAME-chinese_male,MA-R08,MA-02,weak,name_cue,chinese_male,embedding,structured_evidence,0,63.115794,ok,sentence-transformers/all-MiniLM-L6-v2 (onnx),
MA-R08-MA-02-NAME-chinese_male,MA-R08,MA-02,weak,name_cue,chinese_male,embedding_sectioned,none,0,35.066924,ok,sentence-transformers/all-MiniLM-L6-v2 (onnx),
MA-R08-MA-02-NAME-chinese_male,MA-R08,MA-02,weak,name_cue,chinese_male,embedding_sectioned,anonymised,0,35.240792,ok,sentence-transformers/all-MiniLM-L6-v2 (onnx),
MA-R08-MA-02-NAME-indian_female,MA-R08,MA-02,weak,name_cue,indian_female,keyword,none,0,23.333333,ok,,
MA-R08-MA-02-NAME-indian_female,MA-R08,MA-02,weak,name_cue,indian_female,embedding,none,0,49.173994,ok,sentence-transformers/all-MiniLM-L6-v2 (onnx),
MA-R08-MA-02-NAME-indian_female,MA-R08,MA-02,weak,name_cue,indian_female,embedding,anonymised,0,47.534668,ok,sentence-transformers/all-MiniLM-L6-v2 (onnx),
MA-R08-MA-02-NAME-indian_female,MA-R08,MA-02,weak,name_cue,indian_female,embedding,structured_evidence,0,63.115794,ok,sentence-transformers/all-MiniLM-L6-v2 (onnx),
MA-R08-MA-02-NAME-indian_female,MA-R08,MA-02,weak,name_cue,indian_female,embedding_sectioned,none,0,35.417402,ok,sentence-transformers/all-MiniLM-L6-v2 (onnx),
MA-R08-MA-02-NAME-indian_female,MA-R08,MA-02,weak,name_cue,indian_female,embedding_sectioned,anonymised,0,35.240792,ok,sentence-transformers/all-MiniLM-L6-v2 (onnx),
MA-R08-MA-02-NAME-indian_male,MA-R08,MA-02,weak,name_cue,indian_male,keyword,none,0,23.333333,ok,,
MA-R08-MA-02-NAME-indian_male,MA-R08,MA-02,weak,name_cue,indian_male,embedding,none,0,47.916888,ok,sentence-transformers/all-MiniLM-L6-v2 (onnx),
MA-R08-MA-02-NAME-indian_male,MA-R08,MA-02,weak,name_cue,indian_male,embedding,anonymised,0,47.534668,ok,sentence-transformers/all-MiniLM-L6-v2 (onnx),
MA-R08-MA-02-NAME-indian_male,MA-R08,MA-02,weak,name_cue,indian_male,embedding,structured_evidence,0,63.115794,ok,sentence-transformers/all-MiniLM-L6-v2 (onnx),
MA-R08-MA-02-NAME-indian_male,MA-R08,MA-02,weak,name_cue,indian_male,embedding_sectioned,none,0,35.426886,ok,sentence-transformers/all-MiniLM-L6-v2 (onnx),
MA-R08-MA-02-NAME-indian_male,MA-R08,MA-02,weak,name_cue,indian_male,embedding_sectioned,anonymised,0,35.240792,ok,sentence-transformers/all-MiniLM-L6-v2 (onnx),
MA-R08-MA-02-NAME-malay_female,MA-R08,MA-02,weak,name_cue,malay_female,keyword,none,0,23.333333,ok,,
MA-R08-MA-02-NAME-malay_female,MA-R08,MA-02,weak,name_cue,malay_female,embedding,none,0,47.622692,ok,sentence-transformers/all-MiniLM-L6-v2 (onnx),
MA-R08-MA-02-NAME-malay_female,MA-R08,MA-02,weak,name_cue,malay_female,embedding,anonymised,0,47.534668,ok,sentence-transformers/all-MiniLM-L6-v2 (onnx),
MA-R08-MA-02-NAME-malay_female,MA-R08,MA-02,weak,name_cue,malay_female,embedding,structured_evidence,0,63.115794,ok,sentence-transformers/all-MiniLM-L6-v2 (onnx),
MA-R08-MA-02-NAME-malay_female,MA-R08,MA-02,weak,name_cue,malay_female,embedding_sectioned,none,0,35.435931,ok,sentence-transformers/all-MiniLM-L6-v2 (onnx),
MA-R08-MA-02-NAME-malay_female,MA-R08,MA-02,weak,name_cue,malay_female,embedding_sectioned,anonymised,0,35.240792,ok,sentence-transformers/all-MiniLM-L6-v2 (onnx),
MA-R08-MA-02-REF,MA-R08,MA-02,weak,none,malay_male,keyword,none,0,23.333333,ok,,
MA-R08-MA-02-REF,MA-R08,MA-02,weak,none,malay_male,embedding,none,0,47.959733,ok,sentence-transformers/all-MiniLM-L6-v2 (onnx),
MA-R08-MA-02-REF,MA-R08,MA-02,weak,none,malay_male,embedding,anonymised,0,47.534668,ok,sentence-transformers/all-MiniLM-L6-v2 (onnx),
MA-R08-MA-02-REF,MA-R08,MA-02,weak,none,malay_male,embedding,structured_evidence,0,63.115794,ok,sentence-transformers/all-MiniLM-L6-v2 (onnx),
MA-R08-MA-02-REF,MA-R08,MA-02,weak,none,malay_male,embedding_sectioned,none,0,35.363088,ok,sentence-transformers/all-MiniLM-L6-v2 (onnx),
MA-R08-MA-02-REF,MA-R08,MA-02,weak,none,malay_male,embedding_sectioned,anonymised,0,35.240792,ok,sentence-transformers/all-MiniLM-L6-v2 (onnx),
SE-R01-SE-01-FMT-ALT,SE-R01,SE-01,strong,formatting,alternative,keyword,none,0,83.333333,ok,,
SE-R01-SE-01-FMT-ALT,SE-R01,SE-01,strong,formatting,alternative,embedding,none,0,70.137933,ok,sentence-transformers/all-MiniLM-L6-v2 (onnx),
SE-R01-SE-01-FMT-ALT,SE-R01,SE-01,strong,formatting,alternative,embedding,anonymised,0,69.754276,ok,sentence-transformers/all-MiniLM-L6-v2 (onnx),
SE-R01-SE-01-FMT-ALT,SE-R01,SE-01,strong,formatting,alternative,embedding,structured_evidence,0,74.194849,ok,sentence-transformers/all-MiniLM-L6-v2 (onnx),
SE-R01-SE-01-FMT-ALT,SE-R01,SE-01,strong,formatting,alternative,embedding_sectioned,none,0,56.383021,ok,sentence-transformers/all-MiniLM-L6-v2 (onnx),
SE-R01-SE-01-FMT-ALT,SE-R01,SE-01,strong,formatting,alternative,embedding_sectioned,anonymised,0,56.389415,ok,sentence-transformers/all-MiniLM-L6-v2 (onnx),
SE-R01-SE-01-GAP,SE-R01,SE-01,strong,career_gap,12 month break,keyword,none,0,83.333333,ok,,
SE-R01-SE-01-GAP,SE-R01,SE-01,strong,career_gap,12 month break,embedding,none,0,69.339327,ok,sentence-transformers/all-MiniLM-L6-v2 (onnx),
SE-R01-SE-01-GAP,SE-R01,SE-01,strong,career_gap,12 month break,embedding,anonymised,0,71.029000,ok,sentence-transformers/all-MiniLM-L6-v2 (onnx),
SE-R01-SE-01-GAP,SE-R01,SE-01,strong,career_gap,12 month break,embedding,structured_evidence,0,74.194849,ok,sentence-transformers/all-MiniLM-L6-v2 (onnx),
SE-R01-SE-01-GAP,SE-R01,SE-01,strong,career_gap,12 month break,embedding_sectioned,none,0,57.814880,ok,sentence-transformers/all-MiniLM-L6-v2 (onnx),
SE-R01-SE-01-GAP,SE-R01,SE-01,strong,career_gap,12 month break,embedding_sectioned,anonymised,0,57.821273,ok,sentence-transformers/all-MiniLM-L6-v2 (onnx),
SE-R01-SE-01-INST-COMP,SE-R01,SE-01,strong,institution,comparison,keyword,none,0,83.333333,ok,,
SE-R01-SE-01-INST-COMP,SE-R01,SE-01,strong,institution,comparison,embedding,none,0,68.877917,ok,sentence-transformers/all-MiniLM-L6-v2 (onnx),
SE-R01-SE-01-INST-COMP,SE-R01,SE-01,strong,institution,comparison,embedding,anonymised,0,71.550724,ok,sentence-transformers/all-MiniLM-L6-v2 (onnx),
SE-R01-SE-01-INST-COMP,SE-R01,SE-01,strong,institution,comparison,embedding,structured_evidence,0,74.194849,ok,sentence-transformers/all-MiniLM-L6-v2 (onnx),
SE-R01-SE-01-INST-COMP,SE-R01,SE-01,strong,institution,comparison,embedding_sectioned,none,0,57.109657,ok,sentence-transformers/all-MiniLM-L6-v2 (onnx),
SE-R01-SE-01-INST-COMP,SE-R01,SE-01,strong,institution,comparison,embedding_sectioned,anonymised,0,57.116050,ok,sentence-transformers/all-MiniLM-L6-v2 (onnx),
SE-R01-SE-01-INST-HIGH,SE-R01,SE-01,strong,institution,higher_ranked,keyword,none,0,83.333333,ok,,
SE-R01-SE-01-INST-HIGH,SE-R01,SE-01,strong,institution,higher_ranked,embedding,none,0,69.041061,ok,sentence-transformers/all-MiniLM-L6-v2 (onnx),
SE-R01-SE-01-INST-HIGH,SE-R01,SE-01,strong,institution,higher_ranked,embedding,anonymised,0,71.408922,ok,sentence-transformers/all-MiniLM-L6-v2 (onnx),
SE-R01-SE-01-INST-HIGH,SE-R01,SE-01,strong,institution,higher_ranked,embedding,structured_evidence,0,74.194849,ok,sentence-transformers/all-MiniLM-L6-v2 (onnx),
SE-R01-SE-01-INST-HIGH,SE-R01,SE-01,strong,institution,higher_ranked,embedding_sectioned,none,0,56.659526,ok,sentence-transformers/all-MiniLM-L6-v2 (onnx),
SE-R01-SE-01-INST-HIGH,SE-R01,SE-01,strong,institution,higher_ranked,embedding_sectioned,anonymised,0,56.665919,ok,sentence-transformers/all-MiniLM-L6-v2 (onnx),
SE-R01-SE-01-NAME-chinese_female,SE-R01,SE-01,strong,name_cue,chinese_female,keyword,none,0,83.333333,ok,,
SE-R01-SE-01-NAME-chinese_female,SE-R01,SE-01,strong,name_cue,chinese_female,embedding,none,0,70.392266,ok,sentence-transformers/all-MiniLM-L6-v2 (onnx),
SE-R01-SE-01-NAME-chinese_female,SE-R01,SE-01,strong,name_cue,chinese_female,embedding,anonymised,0,71.214204,ok,sentence-transformers/all-MiniLM-L6-v2 (onnx),
SE-R01-SE-01-NAME-chinese_female,SE-R01,SE-01,strong,name_cue,chinese_female,embedding,structured_evidence,0,74.194849,ok,sentence-transformers/all-MiniLM-L6-v2 (onnx),
SE-R01-SE-01-NAME-chinese_female,SE-R01,SE-01,strong,name_cue,chinese_female,embedding_sectioned,none,0,57.144914,ok,sentence-transformers/all-MiniLM-L6-v2 (onnx),
SE-R01-SE-01-NAME-chinese_female,SE-R01,SE-01,strong,name_cue,chinese_female,embedding_sectioned,anonymised,0,56.878391,ok,sentence-transformers/all-MiniLM-L6-v2 (onnx),
SE-R01-SE-01-NAME-chinese_male,SE-R01,SE-01,strong,name_cue,chinese_male,keyword,none,0,83.333333,ok,,
SE-R01-SE-01-NAME-chinese_male,SE-R01,SE-01,strong,name_cue,chinese_male,embedding,none,0,68.887997,ok,sentence-transformers/all-MiniLM-L6-v2 (onnx),
SE-R01-SE-01-NAME-chinese_male,SE-R01,SE-01,strong,name_cue,chinese_male,embedding,anonymised,0,71.214204,ok,sentence-transformers/all-MiniLM-L6-v2 (onnx),
SE-R01-SE-01-NAME-chinese_male,SE-R01,SE-01,strong,name_cue,chinese_male,embedding,structured_evidence,0,74.194849,ok,sentence-transformers/all-MiniLM-L6-v2 (onnx),
SE-R01-SE-01-NAME-chinese_male,SE-R01,SE-01,strong,name_cue,chinese_male,embedding_sectioned,none,0,56.910622,ok,sentence-transformers/all-MiniLM-L6-v2 (onnx),
SE-R01-SE-01-NAME-chinese_male,SE-R01,SE-01,strong,name_cue,chinese_male,embedding_sectioned,anonymised,0,56.878391,ok,sentence-transformers/all-MiniLM-L6-v2 (onnx),
SE-R01-SE-01-NAME-indian_male,SE-R01,SE-01,strong,name_cue,indian_male,keyword,none,0,83.333333,ok,,
SE-R01-SE-01-NAME-indian_male,SE-R01,SE-01,strong,name_cue,indian_male,embedding,none,0,69.419619,ok,sentence-transformers/all-MiniLM-L6-v2 (onnx),
SE-R01-SE-01-NAME-indian_male,SE-R01,SE-01,strong,name_cue,indian_male,embedding,anonymised,0,71.214204,ok,sentence-transformers/all-MiniLM-L6-v2 (onnx),
SE-R01-SE-01-NAME-indian_male,SE-R01,SE-01,strong,name_cue,indian_male,embedding,structured_evidence,0,74.194849,ok,sentence-transformers/all-MiniLM-L6-v2 (onnx),
SE-R01-SE-01-NAME-indian_male,SE-R01,SE-01,strong,name_cue,indian_male,embedding_sectioned,none,0,56.955118,ok,sentence-transformers/all-MiniLM-L6-v2 (onnx),
SE-R01-SE-01-NAME-indian_male,SE-R01,SE-01,strong,name_cue,indian_male,embedding_sectioned,anonymised,0,56.878391,ok,sentence-transformers/all-MiniLM-L6-v2 (onnx),
SE-R01-SE-01-NAME-malay_female,SE-R01,SE-01,strong,name_cue,malay_female,keyword,none,0,83.333333,ok,,
SE-R01-SE-01-NAME-malay_female,SE-R01,SE-01,strong,name_cue,malay_female,embedding,none,0,67.779733,ok,sentence-transformers/all-MiniLM-L6-v2 (onnx),
SE-R01-SE-01-NAME-malay_female,SE-R01,SE-01,strong,name_cue,malay_female,embedding,anonymised,0,71.214204,ok,sentence-transformers/all-MiniLM-L6-v2 (onnx),
SE-R01-SE-01-NAME-malay_female,SE-R01,SE-01,strong,name_cue,malay_female,embedding,structured_evidence,0,74.194849,ok,sentence-transformers/all-MiniLM-L6-v2 (onnx),
SE-R01-SE-01-NAME-malay_female,SE-R01,SE-01,strong,name_cue,malay_female,embedding_sectioned,none,0,56.826748,ok,sentence-transformers/all-MiniLM-L6-v2 (onnx),
SE-R01-SE-01-NAME-malay_female,SE-R01,SE-01,strong,name_cue,malay_female,embedding_sectioned,anonymised,0,56.878391,ok,sentence-transformers/all-MiniLM-L6-v2 (onnx),
SE-R01-SE-01-NAME-malay_male,SE-R01,SE-01,strong,name_cue,malay_male,keyword,none,0,83.333333,ok,,
SE-R01-SE-01-NAME-malay_male,SE-R01,SE-01,strong,name_cue,malay_male,embedding,none,0,68.187364,ok,sentence-transformers/all-MiniLM-L6-v2 (onnx),
SE-R01-SE-01-NAME-malay_male,SE-R01,SE-01,strong,name_cue,malay_male,embedding,anonymised,0,71.214204,ok,sentence-transformers/all-MiniLM-L6-v2 (onnx),
SE-R01-SE-01-NAME-malay_male,SE-R01,SE-01,strong,name_cue,malay_male,embedding,structured_evidence,0,74.194849,ok,sentence-transformers/all-MiniLM-L6-v2 (onnx),
SE-R01-SE-01-NAME-malay_male,SE-R01,SE-01,strong,name_cue,malay_male,embedding_sectioned,none,0,56.991625,ok,sentence-transformers/all-MiniLM-L6-v2 (onnx),
SE-R01-SE-01-NAME-malay_male,SE-R01,SE-01,strong,name_cue,malay_male,embedding_sectioned,anonymised,0,56.878391,ok,sentence-transformers/all-MiniLM-L6-v2 (onnx),
SE-R01-SE-01-REF,SE-R01,SE-01,strong,none,indian_female,keyword,none,0,83.333333,ok,,
SE-R01-SE-01-REF,SE-R01,SE-01,strong,none,indian_female,embedding,none,0,68.798061,ok,sentence-transformers/all-MiniLM-L6-v2 (onnx),
SE-R01-SE-01-REF,SE-R01,SE-01,strong,none,indian_female,embedding,anonymised,0,71.214204,ok,sentence-transformers/all-MiniLM-L6-v2 (onnx),
SE-R01-SE-01-REF,SE-R01,SE-01,strong,none,indian_female,embedding,structured_evidence,0,74.194849,ok,sentence-transformers/all-MiniLM-L6-v2 (onnx),
SE-R01-SE-01-REF,SE-R01,SE-01,strong,none,indian_female,embedding_sectioned,none,0,56.871997,ok,sentence-transformers/all-MiniLM-L6-v2 (onnx),
SE-R01-SE-01-REF,SE-R01,SE-01,strong,none,indian_female,embedding_sectioned,anonymised,0,56.878391,ok,sentence-transformers/all-MiniLM-L6-v2 (onnx),
SE-R01-SE-02-FMT-ALT,SE-R01,SE-02,borderline,formatting,alternative,keyword,none,0,28.333333,ok,,
SE-R01-SE-02-FMT-ALT,SE-R01,SE-02,borderline,formatting,alternative,embedding,none,0,48.315391,ok,sentence-transformers/all-MiniLM-L6-v2 (onnx),
SE-R01-SE-02-FMT-ALT,SE-R01,SE-02,borderline,formatting,alternative,embedding,anonymised,0,49.251686,ok,sentence-transformers/all-MiniLM-L6-v2 (onnx),
SE-R01-SE-02-FMT-ALT,SE-R01,SE-02,borderline,formatting,alternative,embedding,structured_evidence,0,51.273602,ok,sentence-transformers/all-MiniLM-L6-v2 (onnx),
SE-R01-SE-02-FMT-ALT,SE-R01,SE-02,borderline,formatting,alternative,embedding_sectioned,none,0,42.839226,ok,sentence-transformers/all-MiniLM-L6-v2 (onnx),
SE-R01-SE-02-FMT-ALT,SE-R01,SE-02,borderline,formatting,alternative,embedding_sectioned,anonymised,0,43.034008,ok,sentence-transformers/all-MiniLM-L6-v2 (onnx),
SE-R01-SE-02-GAP,SE-R01,SE-02,borderline,career_gap,12 month break,keyword,none,0,28.333333,ok,,
SE-R01-SE-02-GAP,SE-R01,SE-02,borderline,career_gap,12 month break,embedding,none,0,48.865349,ok,sentence-transformers/all-MiniLM-L6-v2 (onnx),
SE-R01-SE-02-GAP,SE-R01,SE-02,borderline,career_gap,12 month break,embedding,anonymised,0,52.708287,ok,sentence-transformers/all-MiniLM-L6-v2 (onnx),
SE-R01-SE-02-GAP,SE-R01,SE-02,borderline,career_gap,12 month break,embedding,structured_evidence,0,51.273602,ok,sentence-transformers/all-MiniLM-L6-v2 (onnx),
SE-R01-SE-02-GAP,SE-R01,SE-02,borderline,career_gap,12 month break,embedding_sectioned,none,0,44.429767,ok,sentence-transformers/all-MiniLM-L6-v2 (onnx),
SE-R01-SE-02-GAP,SE-R01,SE-02,borderline,career_gap,12 month break,embedding_sectioned,anonymised,0,44.624550,ok,sentence-transformers/all-MiniLM-L6-v2 (onnx),
SE-R01-SE-02-INST-COMP,SE-R01,SE-02,borderline,institution,comparison,keyword,none,0,28.333333,ok,,
SE-R01-SE-02-INST-COMP,SE-R01,SE-02,borderline,institution,comparison,embedding,none,0,49.136149,ok,sentence-transformers/all-MiniLM-L6-v2 (onnx),
SE-R01-SE-02-INST-COMP,SE-R01,SE-02,borderline,institution,comparison,embedding,anonymised,0,50.490989,ok,sentence-transformers/all-MiniLM-L6-v2 (onnx),
SE-R01-SE-02-INST-COMP,SE-R01,SE-02,borderline,institution,comparison,embedding,structured_evidence,0,51.273602,ok,sentence-transformers/all-MiniLM-L6-v2 (onnx),
SE-R01-SE-02-INST-COMP,SE-R01,SE-02,borderline,institution,comparison,embedding_sectioned,none,0,43.866772,ok,sentence-transformers/all-MiniLM-L6-v2 (onnx),
SE-R01-SE-02-INST-COMP,SE-R01,SE-02,borderline,institution,comparison,embedding_sectioned,anonymised,0,44.061555,ok,sentence-transformers/all-MiniLM-L6-v2 (onnx),
SE-R01-SE-02-INST-HIGH,SE-R01,SE-02,borderline,institution,higher_ranked,keyword,none,0,28.333333,ok,,
SE-R01-SE-02-INST-HIGH,SE-R01,SE-02,borderline,institution,higher_ranked,embedding,none,0,49.443916,ok,sentence-transformers/all-MiniLM-L6-v2 (onnx),
SE-R01-SE-02-INST-HIGH,SE-R01,SE-02,borderline,institution,higher_ranked,embedding,anonymised,0,50.179057,ok,sentence-transformers/all-MiniLM-L6-v2 (onnx),
SE-R01-SE-02-INST-HIGH,SE-R01,SE-02,borderline,institution,higher_ranked,embedding,structured_evidence,0,51.273602,ok,sentence-transformers/all-MiniLM-L6-v2 (onnx),
SE-R01-SE-02-INST-HIGH,SE-R01,SE-02,borderline,institution,higher_ranked,embedding_sectioned,none,0,43.369409,ok,sentence-transformers/all-MiniLM-L6-v2 (onnx),
SE-R01-SE-02-INST-HIGH,SE-R01,SE-02,borderline,institution,higher_ranked,embedding_sectioned,anonymised,0,43.564191,ok,sentence-transformers/all-MiniLM-L6-v2 (onnx),
SE-R01-SE-02-NAME-chinese_female,SE-R01,SE-02,borderline,name_cue,chinese_female,keyword,none,0,28.333333,ok,,
SE-R01-SE-02-NAME-chinese_female,SE-R01,SE-02,borderline,name_cue,chinese_female,embedding,none,0,52.654627,ok,sentence-transformers/all-MiniLM-L6-v2 (onnx),
SE-R01-SE-02-NAME-chinese_female,SE-R01,SE-02,borderline,name_cue,chinese_female,embedding,anonymised,0,50.391246,ok,sentence-transformers/all-MiniLM-L6-v2 (onnx),
SE-R01-SE-02-NAME-chinese_female,SE-R01,SE-02,borderline,name_cue,chinese_female,embedding,structured_evidence,0,51.273602,ok,sentence-transformers/all-MiniLM-L6-v2 (onnx),
SE-R01-SE-02-NAME-chinese_female,SE-R01,SE-02,borderline,name_cue,chinese_female,embedding_sectioned,none,0,44.075661,ok,sentence-transformers/all-MiniLM-L6-v2 (onnx),
SE-R01-SE-02-NAME-chinese_female,SE-R01,SE-02,borderline,name_cue,chinese_female,embedding_sectioned,anonymised,0,43.928830,ok,sentence-transformers/all-MiniLM-L6-v2 (onnx),
SE-R01-SE-02-NAME-chinese_male,SE-R01,SE-02,borderline,name_cue,chinese_male,keyword,none,0,28.333333,ok,,
SE-R01-SE-02-NAME-chinese_male,SE-R01,SE-02,borderline,name_cue,chinese_male,embedding,none,0,52.305764,ok,sentence-transformers/all-MiniLM-L6-v2 (onnx),
SE-R01-SE-02-NAME-chinese_male,SE-R01,SE-02,borderline,name_cue,chinese_male,embedding,anonymised,0,50.391246,ok,sentence-transformers/all-MiniLM-L6-v2 (onnx),
SE-R01-SE-02-NAME-chinese_male,SE-R01,SE-02,borderline,name_cue,chinese_male,embedding,structured_evidence,0,51.273602,ok,sentence-transformers/all-MiniLM-L6-v2 (onnx),
SE-R01-SE-02-NAME-chinese_male,SE-R01,SE-02,borderline,name_cue,chinese_male,embedding_sectioned,none,0,44.267760,ok,sentence-transformers/all-MiniLM-L6-v2 (onnx),
SE-R01-SE-02-NAME-chinese_male,SE-R01,SE-02,borderline,name_cue,chinese_male,embedding_sectioned,anonymised,0,43.928830,ok,sentence-transformers/all-MiniLM-L6-v2 (onnx),
SE-R01-SE-02-NAME-indian_male,SE-R01,SE-02,borderline,name_cue,indian_male,keyword,none,0,28.333333,ok,,
SE-R01-SE-02-NAME-indian_male,SE-R01,SE-02,borderline,name_cue,indian_male,embedding,none,0,50.719517,ok,sentence-transformers/all-MiniLM-L6-v2 (onnx),
SE-R01-SE-02-NAME-indian_male,SE-R01,SE-02,borderline,name_cue,indian_male,embedding,anonymised,0,50.391246,ok,sentence-transformers/all-MiniLM-L6-v2 (onnx),
SE-R01-SE-02-NAME-indian_male,SE-R01,SE-02,borderline,name_cue,indian_male,embedding,structured_evidence,0,51.273602,ok,sentence-transformers/all-MiniLM-L6-v2 (onnx),
SE-R01-SE-02-NAME-indian_male,SE-R01,SE-02,borderline,name_cue,indian_male,embedding_sectioned,none,0,44.146522,ok,sentence-transformers/all-MiniLM-L6-v2 (onnx),
SE-R01-SE-02-NAME-indian_male,SE-R01,SE-02,borderline,name_cue,indian_male,embedding_sectioned,anonymised,0,43.928830,ok,sentence-transformers/all-MiniLM-L6-v2 (onnx),
SE-R01-SE-02-NAME-malay_female,SE-R01,SE-02,borderline,name_cue,malay_female,keyword,none,0,28.333333,ok,,
SE-R01-SE-02-NAME-malay_female,SE-R01,SE-02,borderline,name_cue,malay_female,embedding,none,0,49.151496,ok,sentence-transformers/all-MiniLM-L6-v2 (onnx),
SE-R01-SE-02-NAME-malay_female,SE-R01,SE-02,borderline,name_cue,malay_female,embedding,anonymised,0,50.391246,ok,sentence-transformers/all-MiniLM-L6-v2 (onnx),
SE-R01-SE-02-NAME-malay_female,SE-R01,SE-02,borderline,name_cue,malay_female,embedding,structured_evidence,0,51.273602,ok,sentence-transformers/all-MiniLM-L6-v2 (onnx),
SE-R01-SE-02-NAME-malay_female,SE-R01,SE-02,borderline,name_cue,malay_female,embedding_sectioned,none,0,43.802530,ok,sentence-transformers/all-MiniLM-L6-v2 (onnx),
SE-R01-SE-02-NAME-malay_female,SE-R01,SE-02,borderline,name_cue,malay_female,embedding_sectioned,anonymised,0,43.928830,ok,sentence-transformers/all-MiniLM-L6-v2 (onnx),
SE-R01-SE-02-NAME-malay_male,SE-R01,SE-02,borderline,name_cue,malay_male,keyword,none,0,28.333333,ok,,
SE-R01-SE-02-NAME-malay_male,SE-R01,SE-02,borderline,name_cue,malay_male,embedding,none,0,50.032335,ok,sentence-transformers/all-MiniLM-L6-v2 (onnx),
SE-R01-SE-02-NAME-malay_male,SE-R01,SE-02,borderline,name_cue,malay_male,embedding,anonymised,0,50.391246,ok,sentence-transformers/all-MiniLM-L6-v2 (onnx),
SE-R01-SE-02-NAME-malay_male,SE-R01,SE-02,borderline,name_cue,malay_male,embedding,structured_evidence,0,51.273602,ok,sentence-transformers/all-MiniLM-L6-v2 (onnx),
SE-R01-SE-02-NAME-malay_male,SE-R01,SE-02,borderline,name_cue,malay_male,embedding_sectioned,none,0,44.044299,ok,sentence-transformers/all-MiniLM-L6-v2 (onnx),
SE-R01-SE-02-NAME-malay_male,SE-R01,SE-02,borderline,name_cue,malay_male,embedding_sectioned,anonymised,0,43.928830,ok,sentence-transformers/all-MiniLM-L6-v2 (onnx),
SE-R01-SE-02-REF,SE-R01,SE-02,borderline,none,indian_female,keyword,none,0,28.333333,ok,,
SE-R01-SE-02-REF,SE-R01,SE-02,borderline,none,indian_female,embedding,none,0,49.651093,ok,sentence-transformers/all-MiniLM-L6-v2 (onnx),
SE-R01-SE-02-REF,SE-R01,SE-02,borderline,none,indian_female,embedding,anonymised,0,50.391246,ok,sentence-transformers/all-MiniLM-L6-v2 (onnx),
SE-R01-SE-02-REF,SE-R01,SE-02,borderline,none,indian_female,embedding,structured_evidence,0,51.273602,ok,sentence-transformers/all-MiniLM-L6-v2 (onnx),
SE-R01-SE-02-REF,SE-R01,SE-02,borderline,none,indian_female,embedding_sectioned,none,0,43.734048,ok,sentence-transformers/all-MiniLM-L6-v2 (onnx),
SE-R01-SE-02-REF,SE-R01,SE-02,borderline,none,indian_female,embedding_sectioned,anonymised,0,43.928830,ok,sentence-transformers/all-MiniLM-L6-v2 (onnx),
SE-R02-SE-01-FMT-ALT,SE-R02,SE-01,strong,formatting,alternative,keyword,none,0,76.666667,ok,,
SE-R02-SE-01-FMT-ALT,SE-R02,SE-01,strong,formatting,alternative,embedding,none,0,57.444514,ok,sentence-transformers/all-MiniLM-L6-v2 (onnx),
SE-R02-SE-01-FMT-ALT,SE-R02,SE-01,strong,formatting,alternative,embedding,anonymised,0,56.640491,ok,sentence-transformers/all-MiniLM-L6-v2 (onnx),
SE-R02-SE-01-FMT-ALT,SE-R02,SE-01,strong,formatting,alternative,embedding,structured_evidence,0,67.209147,ok,sentence-transformers/all-MiniLM-L6-v2 (onnx),
SE-R02-SE-01-FMT-ALT,SE-R02,SE-01,strong,formatting,alternative,embedding_sectioned,none,0,47.337918,ok,sentence-transformers/all-MiniLM-L6-v2 (onnx),
SE-R02-SE-01-FMT-ALT,SE-R02,SE-01,strong,formatting,alternative,embedding_sectioned,anonymised,0,47.360308,ok,sentence-transformers/all-MiniLM-L6-v2 (onnx),
SE-R02-SE-01-GAP,SE-R02,SE-01,strong,career_gap,12 month break,keyword,none,0,76.666667,ok,,
SE-R02-SE-01-GAP,SE-R02,SE-01,strong,career_gap,12 month break,embedding,none,0,58.329179,ok,sentence-transformers/all-MiniLM-L6-v2 (onnx),
SE-R02-SE-01-GAP,SE-R02,SE-01,strong,career_gap,12 month break,embedding,anonymised,0,57.169936,ok,sentence-transformers/all-MiniLM-L6-v2 (onnx),
SE-R02-SE-01-GAP,SE-R02,SE-01,strong,career_gap,12 month break,embedding,structured_evidence,0,67.209147,ok,sentence-transformers/all-MiniLM-L6-v2 (onnx),
SE-R02-SE-01-GAP,SE-R02,SE-01,strong,career_gap,12 month break,embedding_sectioned,none,0,46.084377,ok,sentence-transformers/all-MiniLM-L6-v2 (onnx),
SE-R02-SE-01-GAP,SE-R02,SE-01,strong,career_gap,12 month break,embedding_sectioned,anonymised,0,46.106767,ok,sentence-transformers/all-MiniLM-L6-v2 (onnx),
SE-R02-SE-01-INST-COMP,SE-R02,SE-01,strong,institution,comparison,keyword,none,0,76.666667,ok,,
SE-R02-SE-01-INST-COMP,SE-R02,SE-01,strong,institution,comparison,embedding,none,0,55.457306,ok,sentence-transformers/all-MiniLM-L6-v2 (onnx),
SE-R02-SE-01-INST-COMP,SE-R02,SE-01,strong,institution,comparison,embedding,anonymised,0,58.918696,ok,sentence-transformers/all-MiniLM-L6-v2 (onnx),
SE-R02-SE-01-INST-COMP,SE-R02,SE-01,strong,institution,comparison,embedding,structured_evidence,0,67.209147,ok,sentence-transformers/all-MiniLM-L6-v2 (onnx),
SE-R02-SE-01-INST-COMP,SE-R02,SE-01,strong,institution,comparison,embedding_sectioned,none,0,47.497807,ok,sentence-transformers/all-MiniLM-L6-v2 (onnx),
SE-R02-SE-01-INST-COMP,SE-R02,SE-01,strong,institution,comparison,embedding_sectioned,anonymised,0,47.520197,ok,sentence-transformers/all-MiniLM-L6-v2 (onnx),
SE-R02-SE-01-INST-HIGH,SE-R02,SE-01,strong,institution,higher_ranked,keyword,none,0,76.666667,ok,,
SE-R02-SE-01-INST-HIGH,SE-R02,SE-01,strong,institution,higher_ranked,embedding,none,0,56.453993,ok,sentence-transformers/all-MiniLM-L6-v2 (onnx),
SE-R02-SE-01-INST-HIGH,SE-R02,SE-01,strong,institution,higher_ranked,embedding,anonymised,0,58.786692,ok,sentence-transformers/all-MiniLM-L6-v2 (onnx),
SE-R02-SE-01-INST-HIGH,SE-R02,SE-01,strong,institution,higher_ranked,embedding,structured_evidence,0,67.209147,ok,sentence-transformers/all-MiniLM-L6-v2 (onnx),
SE-R02-SE-01-INST-HIGH,SE-R02,SE-01,strong,institution,higher_ranked,embedding_sectioned,none,0,47.036431,ok,sentence-transformers/all-MiniLM-L6-v2 (onnx),
SE-R02-SE-01-INST-HIGH,SE-R02,SE-01,strong,institution,higher_ranked,embedding_sectioned,anonymised,0,47.058821,ok,sentence-transformers/all-MiniLM-L6-v2 (onnx),
SE-R02-SE-01-NAME-chinese_female,SE-R02,SE-01,strong,name_cue,chinese_female,keyword,none,0,76.666667,ok,,
SE-R02-SE-01-NAME-chinese_female,SE-R02,SE-01,strong,name_cue,chinese_female,embedding,none,0,55.134548,ok,sentence-transformers/all-MiniLM-L6-v2 (onnx),
SE-R02-SE-01-NAME-chinese_female,SE-R02,SE-01,strong,name_cue,chinese_female,embedding,anonymised,0,58.905222,ok,sentence-transformers/all-MiniLM-L6-v2 (onnx),
SE-R02-SE-01-NAME-chinese_female,SE-R02,SE-01,strong,name_cue,chinese_female,embedding,structured_evidence,0,67.209147,ok,sentence-transformers/all-MiniLM-L6-v2 (onnx),
SE-R02-SE-01-NAME-chinese_female,SE-R02,SE-01,strong,name_cue,chinese_female,embedding_sectioned,none,0,47.256318,ok,sentence-transformers/all-MiniLM-L6-v2 (onnx),
SE-R02-SE-01-NAME-chinese_female,SE-R02,SE-01,strong,name_cue,chinese_female,embedding_sectioned,anonymised,0,47.373138,ok,sentence-transformers/all-MiniLM-L6-v2 (onnx),
SE-R02-SE-01-NAME-chinese_male,SE-R02,SE-01,strong,name_cue,chinese_male,keyword,none,0,76.666667,ok,,
SE-R02-SE-01-NAME-chinese_male,SE-R02,SE-01,strong,name_cue,chinese_male,embedding,none,0,56.696379,ok,sentence-transformers/all-MiniLM-L6-v2 (onnx),
SE-R02-SE-01-NAME-chinese_male,SE-R02,SE-01,strong,name_cue,chinese_male,embedding,anonymised,0,58.905222,ok,sentence-transformers/all-MiniLM-L6-v2 (onnx),
SE-R02-SE-01-NAME-chinese_male,SE-R02,SE-01,strong,name_cue,chinese_male,embedding,structured_evidence,0,67.209147,ok,sentence-transformers/all-MiniLM-L6-v2 (onnx),
SE-R02-SE-01-NAME-chinese_male,SE-R02,SE-01,strong,name_cue,chinese_male,embedding_sectioned,none,0,47.340584,ok,sentence-transformers/all-MiniLM-L6-v2 (onnx),
SE-R02-SE-01-NAME-chinese_male,SE-R02,SE-01,strong,name_cue,chinese_male,embedding_sectioned,anonymised,0,47.373138,ok,sentence-transformers/all-MiniLM-L6-v2 (onnx),
SE-R02-SE-01-NAME-indian_female,SE-R02,SE-01,strong,name_cue,indian_female,keyword,none,0,76.666667,ok,,
SE-R02-SE-01-NAME-indian_female,SE-R02,SE-01,strong,name_cue,indian_female,embedding,none,0,54.899043,ok,sentence-transformers/all-MiniLM-L6-v2 (onnx),
SE-R02-SE-01-NAME-indian_female,SE-R02,SE-01,strong,name_cue,indian_female,embedding,anonymised,0,58.905222,ok,sentence-transformers/all-MiniLM-L6-v2 (onnx),
SE-R02-SE-01-NAME-indian_female,SE-R02,SE-01,strong,name_cue,indian_female,embedding,structured_evidence,0,67.209147,ok,sentence-transformers/all-MiniLM-L6-v2 (onnx),
SE-R02-SE-01-NAME-indian_female,SE-R02,SE-01,strong,name_cue,indian_female,embedding_sectioned,none,0,47.184352,ok,sentence-transformers/all-MiniLM-L6-v2 (onnx),
SE-R02-SE-01-NAME-indian_female,SE-R02,SE-01,strong,name_cue,indian_female,embedding_sectioned,anonymised,0,47.373138,ok,sentence-transformers/all-MiniLM-L6-v2 (onnx),
SE-R02-SE-01-NAME-malay_female,SE-R02,SE-01,strong,name_cue,malay_female,keyword,none,0,76.666667,ok,,
SE-R02-SE-01-NAME-malay_female,SE-R02,SE-01,strong,name_cue,malay_female,embedding,none,0,56.334921,ok,sentence-transformers/all-MiniLM-L6-v2 (onnx),
SE-R02-SE-01-NAME-malay_female,SE-R02,SE-01,strong,name_cue,malay_female,embedding,anonymised,0,58.905222,ok,sentence-transformers/all-MiniLM-L6-v2 (onnx),
SE-R02-SE-01-NAME-malay_female,SE-R02,SE-01,strong,name_cue,malay_female,embedding,structured_evidence,0,67.209147,ok,sentence-transformers/all-MiniLM-L6-v2 (onnx),
SE-R02-SE-01-NAME-malay_female,SE-R02,SE-01,strong,name_cue,malay_female,embedding_sectioned,none,0,47.333782,ok,sentence-transformers/all-MiniLM-L6-v2 (onnx),
SE-R02-SE-01-NAME-malay_female,SE-R02,SE-01,strong,name_cue,malay_female,embedding_sectioned,anonymised,0,47.373138,ok,sentence-transformers/all-MiniLM-L6-v2 (onnx),
SE-R02-SE-01-NAME-malay_male,SE-R02,SE-01,strong,name_cue,malay_male,keyword,none,0,76.666667,ok,,
SE-R02-SE-01-NAME-malay_male,SE-R02,SE-01,strong,name_cue,malay_male,embedding,none,0,56.424639,ok,sentence-transformers/all-MiniLM-L6-v2 (onnx),
SE-R02-SE-01-NAME-malay_male,SE-R02,SE-01,strong,name_cue,malay_male,embedding,anonymised,0,58.905222,ok,sentence-transformers/all-MiniLM-L6-v2 (onnx),
SE-R02-SE-01-NAME-malay_male,SE-R02,SE-01,strong,name_cue,malay_male,embedding,structured_evidence,0,67.209147,ok,sentence-transformers/all-MiniLM-L6-v2 (onnx),
SE-R02-SE-01-NAME-malay_male,SE-R02,SE-01,strong,name_cue,malay_male,embedding_sectioned,none,0,47.634876,ok,sentence-transformers/all-MiniLM-L6-v2 (onnx),
SE-R02-SE-01-NAME-malay_male,SE-R02,SE-01,strong,name_cue,malay_male,embedding_sectioned,anonymised,0,47.373138,ok,sentence-transformers/all-MiniLM-L6-v2 (onnx),
SE-R02-SE-01-REF,SE-R02,SE-01,strong,none,indian_male,keyword,none,0,76.666667,ok,,
SE-R02-SE-01-REF,SE-R02,SE-01,strong,none,indian_male,embedding,none,0,55.909968,ok,sentence-transformers/all-MiniLM-L6-v2 (onnx),
SE-R02-SE-01-REF,SE-R02,SE-01,strong,none,indian_male,embedding,anonymised,0,58.905222,ok,sentence-transformers/all-MiniLM-L6-v2 (onnx),
SE-R02-SE-01-REF,SE-R02,SE-01,strong,none,indian_male,embedding,structured_evidence,0,67.209147,ok,sentence-transformers/all-MiniLM-L6-v2 (onnx),
SE-R02-SE-01-REF,SE-R02,SE-01,strong,none,indian_male,embedding_sectioned,none,0,47.350748,ok,sentence-transformers/all-MiniLM-L6-v2 (onnx),
SE-R02-SE-01-REF,SE-R02,SE-01,strong,none,indian_male,embedding_sectioned,anonymised,0,47.373138,ok,sentence-transformers/all-MiniLM-L6-v2 (onnx),
SE-R02-SE-02-FMT-ALT,SE-R02,SE-02,good,formatting,alternative,keyword,none,0,58.333333,ok,,
SE-R02-SE-02-FMT-ALT,SE-R02,SE-02,good,formatting,alternative,embedding,none,0,58.558604,ok,sentence-transformers/all-MiniLM-L6-v2 (onnx),
SE-R02-SE-02-FMT-ALT,SE-R02,SE-02,good,formatting,alternative,embedding,anonymised,0,57.568389,ok,sentence-transformers/all-MiniLM-L6-v2 (onnx),
SE-R02-SE-02-FMT-ALT,SE-R02,SE-02,good,formatting,alternative,embedding,structured_evidence,0,56.082462,ok,sentence-transformers/all-MiniLM-L6-v2 (onnx),
SE-R02-SE-02-FMT-ALT,SE-R02,SE-02,good,formatting,alternative,embedding_sectioned,none,0,48.157848,ok,sentence-transformers/all-MiniLM-L6-v2 (onnx),
SE-R02-SE-02-FMT-ALT,SE-R02,SE-02,good,formatting,alternative,embedding_sectioned,anonymised,0,48.286447,ok,sentence-transformers/all-MiniLM-L6-v2 (onnx),
SE-R02-SE-02-GAP,SE-R02,SE-02,good,career_gap,12 month break,keyword,none,0,58.333333,ok,,
SE-R02-SE-02-GAP,SE-R02,SE-02,good,career_gap,12 month break,embedding,none,0,58.196050,ok,sentence-transformers/all-MiniLM-L6-v2 (onnx),
SE-R02-SE-02-GAP,SE-R02,SE-02,good,career_gap,12 month break,embedding,anonymised,0,59.426394,ok,sentence-transformers/all-MiniLM-L6-v2 (onnx),
SE-R02-SE-02-GAP,SE-R02,SE-02,good,career_gap,12 month break,embedding,structured_evidence,0,56.082462,ok,sentence-transformers/all-MiniLM-L6-v2 (onnx),
SE-R02-SE-02-GAP,SE-R02,SE-02,good,career_gap,12 month break,embedding_sectioned,none,0,47.879393,ok,sentence-transformers/all-MiniLM-L6-v2 (onnx),
SE-R02-SE-02-GAP,SE-R02,SE-02,good,career_gap,12 month break,embedding_sectioned,anonymised,0,48.007992,ok,sentence-transformers/all-MiniLM-L6-v2 (onnx),
SE-R02-SE-02-INST-COMP,SE-R02,SE-02,good,institution,comparison,keyword,none,0,58.333333,ok,,
SE-R02-SE-02-INST-COMP,SE-R02,SE-02,good,institution,comparison,embedding,none,0,56.965480,ok,sentence-transformers/all-MiniLM-L6-v2 (onnx),
SE-R02-SE-02-INST-COMP,SE-R02,SE-02,good,institution,comparison,embedding,anonymised,0,60.099994,ok,sentence-transformers/all-MiniLM-L6-v2 (onnx),
SE-R02-SE-02-INST-COMP,SE-R02,SE-02,good,institution,comparison,embedding,structured_evidence,0,56.082462,ok,sentence-transformers/all-MiniLM-L6-v2 (onnx),
SE-R02-SE-02-INST-COMP,SE-R02,SE-02,good,institution,comparison,embedding_sectioned,none,0,48.182672,ok,sentence-transformers/all-MiniLM-L6-v2 (onnx),
SE-R02-SE-02-INST-COMP,SE-R02,SE-02,good,institution,comparison,embedding_sectioned,anonymised,0,48.311271,ok,sentence-transformers/all-MiniLM-L6-v2 (onnx),
SE-R02-SE-02-INST-HIGH,SE-R02,SE-02,good,institution,higher_ranked,keyword,none,0,58.333333,ok,,
SE-R02-SE-02-INST-HIGH,SE-R02,SE-02,good,institution,higher_ranked,embedding,none,0,57.362007,ok,sentence-transformers/all-MiniLM-L6-v2 (onnx),
SE-R02-SE-02-INST-HIGH,SE-R02,SE-02,good,institution,higher_ranked,embedding,anonymised,0,60.263284,ok,sentence-transformers/all-MiniLM-L6-v2 (onnx),
SE-R02-SE-02-INST-HIGH,SE-R02,SE-02,good,institution,higher_ranked,embedding,structured_evidence,0,56.082462,ok,sentence-transformers/all-MiniLM-L6-v2 (onnx),
SE-R02-SE-02-INST-HIGH,SE-R02,SE-02,good,institution,higher_ranked,embedding_sectioned,none,0,47.571706,ok,sentence-transformers/all-MiniLM-L6-v2 (onnx),
SE-R02-SE-02-INST-HIGH,SE-R02,SE-02,good,institution,higher_ranked,embedding_sectioned,anonymised,0,47.700305,ok,sentence-transformers/all-MiniLM-L6-v2 (onnx),
SE-R02-SE-02-NAME-chinese_female,SE-R02,SE-02,good,name_cue,chinese_female,keyword,none,0,58.333333,ok,,
SE-R02-SE-02-NAME-chinese_female,SE-R02,SE-02,good,name_cue,chinese_female,embedding,none,0,58.967543,ok,sentence-transformers/all-MiniLM-L6-v2 (onnx),
SE-R02-SE-02-NAME-chinese_female,SE-R02,SE-02,good,name_cue,chinese_female,embedding,anonymised,0,60.340896,ok,sentence-transformers/all-MiniLM-L6-v2 (onnx),
SE-R02-SE-02-NAME-chinese_female,SE-R02,SE-02,good,name_cue,chinese_female,embedding,structured_evidence,0,56.082462,ok,sentence-transformers/all-MiniLM-L6-v2 (onnx),
SE-R02-SE-02-NAME-chinese_female,SE-R02,SE-02,good,name_cue,chinese_female,embedding_sectioned,none,0,48.138676,ok,sentence-transformers/all-MiniLM-L6-v2 (onnx),
SE-R02-SE-02-NAME-chinese_female,SE-R02,SE-02,good,name_cue,chinese_female,embedding_sectioned,anonymised,0,48.196614,ok,sentence-transformers/all-MiniLM-L6-v2 (onnx),
SE-R02-SE-02-NAME-chinese_male,SE-R02,SE-02,good,name_cue,chinese_male,keyword,none,0,58.333333,ok,,
SE-R02-SE-02-NAME-chinese_male,SE-R02,SE-02,good,name_cue,chinese_male,embedding,none,0,59.387425,ok,sentence-transformers/all-MiniLM-L6-v2 (onnx),
SE-R02-SE-02-NAME-chinese_male,SE-R02,SE-02,good,name_cue,chinese_male,embedding,anonymised,0,60.340896,ok,sentence-transformers/all-MiniLM-L6-v2 (onnx),
SE-R02-SE-02-NAME-chinese_male,SE-R02,SE-02,good,name_cue,chinese_male,embedding,structured_evidence,0,56.082462,ok,sentence-transformers/all-MiniLM-L6-v2 (onnx),
SE-R02-SE-02-NAME-chinese_male,SE-R02,SE-02,good,name_cue,chinese_male,embedding_sectioned,none,0,48.258648,ok,sentence-transformers/all-MiniLM-L6-v2 (onnx),
SE-R02-SE-02-NAME-chinese_male,SE-R02,SE-02,good,name_cue,chinese_male,embedding_sectioned,anonymised,0,48.196614,ok,sentence-transformers/all-MiniLM-L6-v2 (onnx),
SE-R02-SE-02-NAME-indian_female,SE-R02,SE-02,good,name_cue,indian_female,keyword,none,0,58.333333,ok,,
SE-R02-SE-02-NAME-indian_female,SE-R02,SE-02,good,name_cue,indian_female,embedding,none,0,56.728504,ok,sentence-transformers/all-MiniLM-L6-v2 (onnx),
SE-R02-SE-02-NAME-indian_female,SE-R02,SE-02,good,name_cue,indian_female,embedding,anonymised,0,60.340896,ok,sentence-transformers/all-MiniLM-L6-v2 (onnx),
SE-R02-SE-02-NAME-indian_female,SE-R02,SE-02,good,name_cue,indian_female,embedding,structured_evidence,0,56.082462,ok,sentence-transformers/all-MiniLM-L6-v2 (onnx),
SE-R02-SE-02-NAME-indian_female,SE-R02,SE-02,good,name_cue,indian_female,embedding_sectioned,none,0,47.972715,ok,sentence-transformers/all-MiniLM-L6-v2 (onnx),
SE-R02-SE-02-NAME-indian_female,SE-R02,SE-02,good,name_cue,indian_female,embedding_sectioned,anonymised,0,48.196614,ok,sentence-transformers/all-MiniLM-L6-v2 (onnx),
SE-R02-SE-02-NAME-malay_female,SE-R02,SE-02,good,name_cue,malay_female,keyword,none,0,58.333333,ok,,
SE-R02-SE-02-NAME-malay_female,SE-R02,SE-02,good,name_cue,malay_female,embedding,none,0,57.389998,ok,sentence-transformers/all-MiniLM-L6-v2 (onnx),
SE-R02-SE-02-NAME-malay_female,SE-R02,SE-02,good,name_cue,malay_female,embedding,anonymised,0,60.340896,ok,sentence-transformers/all-MiniLM-L6-v2 (onnx),
SE-R02-SE-02-NAME-malay_female,SE-R02,SE-02,good,name_cue,malay_female,embedding,structured_evidence,0,56.082462,ok,sentence-transformers/all-MiniLM-L6-v2 (onnx),
SE-R02-SE-02-NAME-malay_female,SE-R02,SE-02,good,name_cue,malay_female,embedding_sectioned,none,0,48.010746,ok,sentence-transformers/all-MiniLM-L6-v2 (onnx),
SE-R02-SE-02-NAME-malay_female,SE-R02,SE-02,good,name_cue,malay_female,embedding_sectioned,anonymised,0,48.196614,ok,sentence-transformers/all-MiniLM-L6-v2 (onnx),
SE-R02-SE-02-NAME-malay_male,SE-R02,SE-02,good,name_cue,malay_male,keyword,none,0,58.333333,ok,,
SE-R02-SE-02-NAME-malay_male,SE-R02,SE-02,good,name_cue,malay_male,embedding,none,0,58.621513,ok,sentence-transformers/all-MiniLM-L6-v2 (onnx),
SE-R02-SE-02-NAME-malay_male,SE-R02,SE-02,good,name_cue,malay_male,embedding,anonymised,0,60.340896,ok,sentence-transformers/all-MiniLM-L6-v2 (onnx),
SE-R02-SE-02-NAME-malay_male,SE-R02,SE-02,good,name_cue,malay_male,embedding,structured_evidence,0,56.082462,ok,sentence-transformers/all-MiniLM-L6-v2 (onnx),
SE-R02-SE-02-NAME-malay_male,SE-R02,SE-02,good,name_cue,malay_male,embedding_sectioned,none,0,48.330964,ok,sentence-transformers/all-MiniLM-L6-v2 (onnx),
SE-R02-SE-02-NAME-malay_male,SE-R02,SE-02,good,name_cue,malay_male,embedding_sectioned,anonymised,0,48.196614,ok,sentence-transformers/all-MiniLM-L6-v2 (onnx),
SE-R02-SE-02-REF,SE-R02,SE-02,good,none,indian_male,keyword,none,0,58.333333,ok,,
SE-R02-SE-02-REF,SE-R02,SE-02,good,none,indian_male,embedding,none,0,57.259280,ok,sentence-transformers/all-MiniLM-L6-v2 (onnx),
SE-R02-SE-02-REF,SE-R02,SE-02,good,none,indian_male,embedding,anonymised,0,60.340896,ok,sentence-transformers/all-MiniLM-L6-v2 (onnx),
SE-R02-SE-02-REF,SE-R02,SE-02,good,none,indian_male,embedding,structured_evidence,0,56.082462,ok,sentence-transformers/all-MiniLM-L6-v2 (onnx),
SE-R02-SE-02-REF,SE-R02,SE-02,good,none,indian_male,embedding_sectioned,none,0,48.068016,ok,sentence-transformers/all-MiniLM-L6-v2 (onnx),
SE-R02-SE-02-REF,SE-R02,SE-02,good,none,indian_male,embedding_sectioned,anonymised,0,48.196614,ok,sentence-transformers/all-MiniLM-L6-v2 (onnx),
SE-R03-SE-01-FMT-ALT,SE-R03,SE-01,good,formatting,alternative,keyword,none,0,58.333333,ok,,
SE-R03-SE-01-FMT-ALT,SE-R03,SE-01,good,formatting,alternative,embedding,none,0,46.961761,ok,sentence-transformers/all-MiniLM-L6-v2 (onnx),
SE-R03-SE-01-FMT-ALT,SE-R03,SE-01,good,formatting,alternative,embedding,anonymised,0,43.064018,ok,sentence-transformers/all-MiniLM-L6-v2 (onnx),
SE-R03-SE-01-FMT-ALT,SE-R03,SE-01,good,formatting,alternative,embedding,structured_evidence,0,54.363081,ok,sentence-transformers/all-MiniLM-L6-v2 (onnx),
SE-R03-SE-01-FMT-ALT,SE-R03,SE-01,good,formatting,alternative,embedding_sectioned,none,0,37.948172,ok,sentence-transformers/all-MiniLM-L6-v2 (onnx),
SE-R03-SE-01-FMT-ALT,SE-R03,SE-01,good,formatting,alternative,embedding_sectioned,anonymised,0,37.681649,ok,sentence-transformers/all-MiniLM-L6-v2 (onnx),
SE-R03-SE-01-GAP,SE-R03,SE-01,good,career_gap,12 month break,keyword,none,0,58.333333,ok,,
SE-R03-SE-01-GAP,SE-R03,SE-01,good,career_gap,12 month break,embedding,none,0,47.808438,ok,sentence-transformers/all-MiniLM-L6-v2 (onnx),
SE-R03-SE-01-GAP,SE-R03,SE-01,good,career_gap,12 month break,embedding,anonymised,0,43.487437,ok,sentence-transformers/all-MiniLM-L6-v2 (onnx),
SE-R03-SE-01-GAP,SE-R03,SE-01,good,career_gap,12 month break,embedding,structured_evidence,0,54.363081,ok,sentence-transformers/all-MiniLM-L6-v2 (onnx),
SE-R03-SE-01-GAP,SE-R03,SE-01,good,career_gap,12 month break,embedding_sectioned,none,0,39.384460,ok,sentence-transformers/all-MiniLM-L6-v2 (onnx),
SE-R03-SE-01-GAP,SE-R03,SE-01,good,career_gap,12 month break,embedding_sectioned,anonymised,0,39.117937,ok,sentence-transformers/all-MiniLM-L6-v2 (onnx),
SE-R03-SE-01-INST-COMP,SE-R03,SE-01,good,institution,comparison,keyword,none,0,58.333333,ok,,
SE-R03-SE-01-INST-COMP,SE-R03,SE-01,good,institution,comparison,embedding,none,0,46.671903,ok,sentence-transformers/all-MiniLM-L6-v2 (onnx),
SE-R03-SE-01-INST-COMP,SE-R03,SE-01,good,institution,comparison,embedding,anonymised,0,41.203127,ok,sentence-transformers/all-MiniLM-L6-v2 (onnx),
SE-R03-SE-01-INST-COMP,SE-R03,SE-01,good,institution,comparison,embedding,structured_evidence,0,54.363081,ok,sentence-transformers/all-MiniLM-L6-v2 (onnx),
SE-R03-SE-01-INST-COMP,SE-R03,SE-01,good,institution,comparison,embedding_sectioned,none,0,38.518502,ok,sentence-transformers/all-MiniLM-L6-v2 (onnx),
SE-R03-SE-01-INST-COMP,SE-R03,SE-01,good,institution,comparison,embedding_sectioned,anonymised,0,38.251979,ok,sentence-transformers/all-MiniLM-L6-v2 (onnx),
SE-R03-SE-01-INST-HIGH,SE-R03,SE-01,good,institution,higher_ranked,keyword,none,0,58.333333,ok,,
SE-R03-SE-01-INST-HIGH,SE-R03,SE-01,good,institution,higher_ranked,embedding,none,0,46.514876,ok,sentence-transformers/all-MiniLM-L6-v2 (onnx),
SE-R03-SE-01-INST-HIGH,SE-R03,SE-01,good,institution,higher_ranked,embedding,anonymised,0,40.859750,ok,sentence-transformers/all-MiniLM-L6-v2 (onnx),
SE-R03-SE-01-INST-HIGH,SE-R03,SE-01,good,institution,higher_ranked,embedding,structured_evidence,0,54.363081,ok,sentence-transformers/all-MiniLM-L6-v2 (onnx),
SE-R03-SE-01-INST-HIGH,SE-R03,SE-01,good,institution,higher_ranked,embedding_sectioned,none,0,38.402326,ok,sentence-transformers/all-MiniLM-L6-v2 (onnx),
SE-R03-SE-01-INST-HIGH,SE-R03,SE-01,good,institution,higher_ranked,embedding_sectioned,anonymised,0,38.135803,ok,sentence-transformers/all-MiniLM-L6-v2 (onnx),
SE-R03-SE-01-NAME-chinese_male,SE-R03,SE-01,good,name_cue,chinese_male,keyword,none,0,58.333333,ok,,
SE-R03-SE-01-NAME-chinese_male,SE-R03,SE-01,good,name_cue,chinese_male,embedding,none,0,41.200815,ok,sentence-transformers/all-MiniLM-L6-v2 (onnx),
SE-R03-SE-01-NAME-chinese_male,SE-R03,SE-01,good,name_cue,chinese_male,embedding,anonymised,0,41.513903,ok,sentence-transformers/all-MiniLM-L6-v2 (onnx),
SE-R03-SE-01-NAME-chinese_male,SE-R03,SE-01,good,name_cue,chinese_male,embedding,structured_evidence,0,54.363081,ok,sentence-transformers/all-MiniLM-L6-v2 (onnx),
SE-R03-SE-01-NAME-chinese_male,SE-R03,SE-01,good,name_cue,chinese_male,embedding_sectioned,none,0,38.010671,ok,sentence-transformers/all-MiniLM-L6-v2 (onnx),
SE-R03-SE-01-NAME-chinese_male,SE-R03,SE-01,good,name_cue,chinese_male,embedding_sectioned,anonymised,0,37.978440,ok,sentence-transformers/all-MiniLM-L6-v2 (onnx),
SE-R03-SE-01-NAME-indian_female,SE-R03,SE-01,good,name_cue,indian_female,keyword,none,0,58.333333,ok,,
SE-R03-SE-01-NAME-indian_female,SE-R03,SE-01,good,name_cue,indian_female,embedding,none,0,43.934021,ok,sentence-transformers/all-MiniLM-L6-v2 (onnx),
SE-R03-SE-01-NAME-indian_female,SE-R03,SE-01,good,name_cue,indian_female,embedding,anonymised,0,41.513903,ok,sentence-transformers/all-MiniLM-L6-v2 (onnx),
SE-R03-SE-01-NAME-indian_female,SE-R03,SE-01,good,name_cue,indian_female,embedding,structured_evidence,0,54.363081,ok,sentence-transformers/all-MiniLM-L6-v2 (onnx),
SE-R03-SE-01-NAME-indian_female,SE-R03,SE-01,good,name_cue,indian_female,embedding_sectioned,none,0,37.972047,ok,sentence-transformers/all-MiniLM-L6-v2 (onnx),
SE-R03-SE-01-NAME-indian_female,SE-R03,SE-01,good,name_cue,indian_female,embedding_sectioned,anonymised,0,37.978440,ok,sentence-transformers/all-MiniLM-L6-v2 (onnx),
SE-R03-SE-01-NAME-indian_male,SE-R03,SE-01,good,name_cue,indian_male,keyword,none,0,58.333333,ok,,
SE-R03-SE-01-NAME-indian_male,SE-R03,SE-01,good,name_cue,indian_male,embedding,none,0,41.715473,ok,sentence-transformers/all-MiniLM-L6-v2 (onnx),
SE-R03-SE-01-NAME-indian_male,SE-R03,SE-01,good,name_cue,indian_male,embedding,anonymised,0,41.513903,ok,sentence-transformers/all-MiniLM-L6-v2 (onnx),
SE-R03-SE-01-NAME-indian_male,SE-R03,SE-01,good,name_cue,indian_male,embedding,structured_evidence,0,54.363081,ok,sentence-transformers/all-MiniLM-L6-v2 (onnx),
SE-R03-SE-01-NAME-indian_male,SE-R03,SE-01,good,name_cue,indian_male,embedding_sectioned,none,0,38.055167,ok,sentence-transformers/all-MiniLM-L6-v2 (onnx),
SE-R03-SE-01-NAME-indian_male,SE-R03,SE-01,good,name_cue,indian_male,embedding_sectioned,anonymised,0,37.978440,ok,sentence-transformers/all-MiniLM-L6-v2 (onnx),
SE-R03-SE-01-NAME-malay_female,SE-R03,SE-01,good,name_cue,malay_female,keyword,none,0,58.333333,ok,,
SE-R03-SE-01-NAME-malay_female,SE-R03,SE-01,good,name_cue,malay_female,embedding,none,0,43.249590,ok,sentence-transformers/all-MiniLM-L6-v2 (onnx),
SE-R03-SE-01-NAME-malay_female,SE-R03,SE-01,good,name_cue,malay_female,embedding,anonymised,0,41.513903,ok,sentence-transformers/all-MiniLM-L6-v2 (onnx),
SE-R03-SE-01-NAME-malay_female,SE-R03,SE-01,good,name_cue,malay_female,embedding,structured_evidence,0,54.363081,ok,sentence-transformers/all-MiniLM-L6-v2 (onnx),
SE-R03-SE-01-NAME-malay_female,SE-R03,SE-01,good,name_cue,malay_female,embedding_sectioned,none,0,37.926797,ok,sentence-transformers/all-MiniLM-L6-v2 (onnx),
SE-R03-SE-01-NAME-malay_female,SE-R03,SE-01,good,name_cue,malay_female,embedding_sectioned,anonymised,0,37.978440,ok,sentence-transformers/all-MiniLM-L6-v2 (onnx),
SE-R03-SE-01-NAME-malay_male,SE-R03,SE-01,good,name_cue,malay_male,keyword,none,0,58.333333,ok,,
SE-R03-SE-01-NAME-malay_male,SE-R03,SE-01,good,name_cue,malay_male,embedding,none,0,45.086535,ok,sentence-transformers/all-MiniLM-L6-v2 (onnx),
SE-R03-SE-01-NAME-malay_male,SE-R03,SE-01,good,name_cue,malay_male,embedding,anonymised,0,41.513903,ok,sentence-transformers/all-MiniLM-L6-v2 (onnx),
SE-R03-SE-01-NAME-malay_male,SE-R03,SE-01,good,name_cue,malay_male,embedding,structured_evidence,0,54.363081,ok,sentence-transformers/all-MiniLM-L6-v2 (onnx),
SE-R03-SE-01-NAME-malay_male,SE-R03,SE-01,good,name_cue,malay_male,embedding_sectioned,none,0,38.091675,ok,sentence-transformers/all-MiniLM-L6-v2 (onnx),
SE-R03-SE-01-NAME-malay_male,SE-R03,SE-01,good,name_cue,malay_male,embedding_sectioned,anonymised,0,37.978440,ok,sentence-transformers/all-MiniLM-L6-v2 (onnx),
SE-R03-SE-01-REF,SE-R03,SE-01,good,none,chinese_female,keyword,none,0,58.333333,ok,,
SE-R03-SE-01-REF,SE-R03,SE-01,good,none,chinese_female,embedding,none,0,47.010304,ok,sentence-transformers/all-MiniLM-L6-v2 (onnx),
SE-R03-SE-01-REF,SE-R03,SE-01,good,none,chinese_female,embedding,anonymised,0,41.513903,ok,sentence-transformers/all-MiniLM-L6-v2 (onnx),
SE-R03-SE-01-REF,SE-R03,SE-01,good,none,chinese_female,embedding,structured_evidence,0,54.363081,ok,sentence-transformers/all-MiniLM-L6-v2 (onnx),
SE-R03-SE-01-REF,SE-R03,SE-01,good,none,chinese_female,embedding_sectioned,none,0,38.244963,ok,sentence-transformers/all-MiniLM-L6-v2 (onnx),
SE-R03-SE-01-REF,SE-R03,SE-01,good,none,chinese_female,embedding_sectioned,anonymised,0,37.978440,ok,sentence-transformers/all-MiniLM-L6-v2 (onnx),
SE-R03-SE-02-FMT-ALT,SE-R03,SE-02,weak,formatting,alternative,keyword,none,0,10.000000,ok,,
SE-R03-SE-02-FMT-ALT,SE-R03,SE-02,weak,formatting,alternative,embedding,none,0,51.299284,ok,sentence-transformers/all-MiniLM-L6-v2 (onnx),
SE-R03-SE-02-FMT-ALT,SE-R03,SE-02,weak,formatting,alternative,embedding,anonymised,0,48.370928,ok,sentence-transformers/all-MiniLM-L6-v2 (onnx),
SE-R03-SE-02-FMT-ALT,SE-R03,SE-02,weak,formatting,alternative,embedding,structured_evidence,0,47.423507,ok,sentence-transformers/all-MiniLM-L6-v2 (onnx),
SE-R03-SE-02-FMT-ALT,SE-R03,SE-02,weak,formatting,alternative,embedding_sectioned,none,0,39.484162,ok,sentence-transformers/all-MiniLM-L6-v2 (onnx),
SE-R03-SE-02-FMT-ALT,SE-R03,SE-02,weak,formatting,alternative,embedding_sectioned,anonymised,0,39.337331,ok,sentence-transformers/all-MiniLM-L6-v2 (onnx),
SE-R03-SE-02-GAP,SE-R03,SE-02,weak,career_gap,12 month break,keyword,none,0,10.000000,ok,,
SE-R03-SE-02-GAP,SE-R03,SE-02,weak,career_gap,12 month break,embedding,none,0,52.418688,ok,sentence-transformers/all-MiniLM-L6-v2 (onnx),
SE-R03-SE-02-GAP,SE-R03,SE-02,weak,career_gap,12 month break,embedding,anonymised,0,48.423609,ok,sentence-transformers/all-MiniLM-L6-v2 (onnx),
SE-R03-SE-02-GAP,SE-R03,SE-02,weak,career_gap,12 month break,embedding,structured_evidence,0,47.423507,ok,sentence-transformers/all-MiniLM-L6-v2 (onnx),
SE-R03-SE-02-GAP,SE-R03,SE-02,weak,career_gap,12 month break,embedding_sectioned,none,0,40.882378,ok,sentence-transformers/all-MiniLM-L6-v2 (onnx),
SE-R03-SE-02-GAP,SE-R03,SE-02,weak,career_gap,12 month break,embedding_sectioned,anonymised,0,40.735546,ok,sentence-transformers/all-MiniLM-L6-v2 (onnx),
SE-R03-SE-02-INST-COMP,SE-R03,SE-02,weak,institution,comparison,keyword,none,0,10.000000,ok,,
SE-R03-SE-02-INST-COMP,SE-R03,SE-02,weak,institution,comparison,embedding,none,0,51.938856,ok,sentence-transformers/all-MiniLM-L6-v2 (onnx),
SE-R03-SE-02-INST-COMP,SE-R03,SE-02,weak,institution,comparison,embedding,anonymised,0,47.013623,ok,sentence-transformers/all-MiniLM-L6-v2 (onnx),
SE-R03-SE-02-INST-COMP,SE-R03,SE-02,weak,institution,comparison,embedding,structured_evidence,0,47.423507,ok,sentence-transformers/all-MiniLM-L6-v2 (onnx),
SE-R03-SE-02-INST-COMP,SE-R03,SE-02,weak,institution,comparison,embedding_sectioned,none,0,40.025941,ok,sentence-transformers/all-MiniLM-L6-v2 (onnx),
SE-R03-SE-02-INST-COMP,SE-R03,SE-02,weak,institution,comparison,embedding_sectioned,anonymised,0,39.879110,ok,sentence-transformers/all-MiniLM-L6-v2 (onnx),
SE-R03-SE-02-INST-HIGH,SE-R03,SE-02,weak,institution,higher_ranked,keyword,none,0,10.000000,ok,,
SE-R03-SE-02-INST-HIGH,SE-R03,SE-02,weak,institution,higher_ranked,embedding,none,0,51.741012,ok,sentence-transformers/all-MiniLM-L6-v2 (onnx),
SE-R03-SE-02-INST-HIGH,SE-R03,SE-02,weak,institution,higher_ranked,embedding,anonymised,0,46.947813,ok,sentence-transformers/all-MiniLM-L6-v2 (onnx),
SE-R03-SE-02-INST-HIGH,SE-R03,SE-02,weak,institution,higher_ranked,embedding,structured_evidence,0,47.423507,ok,sentence-transformers/all-MiniLM-L6-v2 (onnx),
SE-R03-SE-02-INST-HIGH,SE-R03,SE-02,weak,institution,higher_ranked,embedding_sectioned,none,0,39.901719,ok,sentence-transformers/all-MiniLM-L6-v2 (onnx),
SE-R03-SE-02-INST-HIGH,SE-R03,SE-02,weak,institution,higher_ranked,embedding_sectioned,anonymised,0,39.754888,ok,sentence-transformers/all-MiniLM-L6-v2 (onnx),
SE-R03-SE-02-NAME-chinese_male,SE-R03,SE-02,weak,name_cue,chinese_male,keyword,none,0,10.000000,ok,,
SE-R03-SE-02-NAME-chinese_male,SE-R03,SE-02,weak,name_cue,chinese_male,embedding,none,0,50.706258,ok,sentence-transformers/all-MiniLM-L6-v2 (onnx),
SE-R03-SE-02-NAME-chinese_male,SE-R03,SE-02,weak,name_cue,chinese_male,embedding,anonymised,0,47.431998,ok,sentence-transformers/all-MiniLM-L6-v2 (onnx),
SE-R03-SE-02-NAME-chinese_male,SE-R03,SE-02,weak,name_cue,chinese_male,embedding,structured_evidence,0,47.423507,ok,sentence-transformers/all-MiniLM-L6-v2 (onnx),
SE-R03-SE-02-NAME-chinese_male,SE-R03,SE-02,weak,name_cue,chinese_male,embedding_sectioned,none,0,39.925606,ok,sentence-transformers/all-MiniLM-L6-v2 (onnx),
SE-R03-SE-02-NAME-chinese_male,SE-R03,SE-02,weak,name_cue,chinese_male,embedding_sectioned,anonymised,0,39.586675,ok,sentence-transformers/all-MiniLM-L6-v2 (onnx),
SE-R03-SE-02-NAME-indian_female,SE-R03,SE-02,weak,name_cue,indian_female,keyword,none,0,10.000000,ok,,
SE-R03-SE-02-NAME-indian_female,SE-R03,SE-02,weak,name_cue,indian_female,embedding,none,0,47.482821,ok,sentence-transformers/all-MiniLM-L6-v2 (onnx),
SE-R03-SE-02-NAME-indian_female,SE-R03,SE-02,weak,name_cue,indian_female,embedding,anonymised,0,47.431998,ok,sentence-transformers/all-MiniLM-L6-v2 (onnx),
SE-R03-SE-02-NAME-indian_female,SE-R03,SE-02,weak,name_cue,indian_female,embedding,structured_evidence,0,47.423507,ok,sentence-transformers/all-MiniLM-L6-v2 (onnx),
SE-R03-SE-02-NAME-indian_female,SE-R03,SE-02,weak,name_cue,indian_female,embedding_sectioned,none,0,39.391893,ok,sentence-transformers/all-MiniLM-L6-v2 (onnx),
SE-R03-SE-02-NAME-indian_female,SE-R03,SE-02,weak,name_cue,indian_female,embedding_sectioned,anonymised,0,39.586675,ok,sentence-transformers/all-MiniLM-L6-v2 (onnx),
SE-R03-SE-02-NAME-indian_male,SE-R03,SE-02,weak,name_cue,indian_male,keyword,none,0,10.000000,ok,,
SE-R03-SE-02-NAME-indian_male,SE-R03,SE-02,weak,name_cue,indian_male,embedding,none,0,48.819300,ok,sentence-transformers/all-MiniLM-L6-v2 (onnx),
SE-R03-SE-02-NAME-indian_male,SE-R03,SE-02,weak,name_cue,indian_male,embedding,anonymised,0,47.431998,ok,sentence-transformers/all-MiniLM-L6-v2 (onnx),
SE-R03-SE-02-NAME-indian_male,SE-R03,SE-02,weak,name_cue,indian_male,embedding,structured_evidence,0,47.423507,ok,sentence-transformers/all-MiniLM-L6-v2 (onnx),
SE-R03-SE-02-NAME-indian_male,SE-R03,SE-02,weak,name_cue,indian_male,embedding_sectioned,none,0,39.804368,ok,sentence-transformers/all-MiniLM-L6-v2 (onnx),
SE-R03-SE-02-NAME-indian_male,SE-R03,SE-02,weak,name_cue,indian_male,embedding_sectioned,anonymised,0,39.586675,ok,sentence-transformers/all-MiniLM-L6-v2 (onnx),
SE-R03-SE-02-NAME-malay_female,SE-R03,SE-02,weak,name_cue,malay_female,keyword,none,0,10.000000,ok,,
SE-R03-SE-02-NAME-malay_female,SE-R03,SE-02,weak,name_cue,malay_female,embedding,none,0,48.310523,ok,sentence-transformers/all-MiniLM-L6-v2 (onnx),
SE-R03-SE-02-NAME-malay_female,SE-R03,SE-02,weak,name_cue,malay_female,embedding,anonymised,0,47.431998,ok,sentence-transformers/all-MiniLM-L6-v2 (onnx),
SE-R03-SE-02-NAME-malay_female,SE-R03,SE-02,weak,name_cue,malay_female,embedding,structured_evidence,0,47.423507,ok,sentence-transformers/all-MiniLM-L6-v2 (onnx),
SE-R03-SE-02-NAME-malay_female,SE-R03,SE-02,weak,name_cue,malay_female,embedding_sectioned,none,0,39.460376,ok,sentence-transformers/all-MiniLM-L6-v2 (onnx),
SE-R03-SE-02-NAME-malay_female,SE-R03,SE-02,weak,name_cue,malay_female,embedding_sectioned,anonymised,0,39.586675,ok,sentence-transformers/all-MiniLM-L6-v2 (onnx),
SE-R03-SE-02-NAME-malay_male,SE-R03,SE-02,weak,name_cue,malay_male,keyword,none,0,10.000000,ok,,
SE-R03-SE-02-NAME-malay_male,SE-R03,SE-02,weak,name_cue,malay_male,embedding,none,0,50.384953,ok,sentence-transformers/all-MiniLM-L6-v2 (onnx),
SE-R03-SE-02-NAME-malay_male,SE-R03,SE-02,weak,name_cue,malay_male,embedding,anonymised,0,47.431998,ok,sentence-transformers/all-MiniLM-L6-v2 (onnx),
SE-R03-SE-02-NAME-malay_male,SE-R03,SE-02,weak,name_cue,malay_male,embedding,structured_evidence,0,47.423507,ok,sentence-transformers/all-MiniLM-L6-v2 (onnx),
SE-R03-SE-02-NAME-malay_male,SE-R03,SE-02,weak,name_cue,malay_male,embedding_sectioned,none,0,39.702145,ok,sentence-transformers/all-MiniLM-L6-v2 (onnx),
SE-R03-SE-02-NAME-malay_male,SE-R03,SE-02,weak,name_cue,malay_male,embedding_sectioned,anonymised,0,39.586675,ok,sentence-transformers/all-MiniLM-L6-v2 (onnx),
SE-R03-SE-02-REF,SE-R03,SE-02,weak,none,chinese_female,keyword,none,0,10.000000,ok,,
SE-R03-SE-02-REF,SE-R03,SE-02,weak,none,chinese_female,embedding,none,0,52.385834,ok,sentence-transformers/all-MiniLM-L6-v2 (onnx),
SE-R03-SE-02-REF,SE-R03,SE-02,weak,none,chinese_female,embedding,anonymised,0,47.431998,ok,sentence-transformers/all-MiniLM-L6-v2 (onnx),
SE-R03-SE-02-REF,SE-R03,SE-02,weak,none,chinese_female,embedding,structured_evidence,0,47.423507,ok,sentence-transformers/all-MiniLM-L6-v2 (onnx),
SE-R03-SE-02-REF,SE-R03,SE-02,weak,none,chinese_female,embedding_sectioned,none,0,39.733507,ok,sentence-transformers/all-MiniLM-L6-v2 (onnx),
SE-R03-SE-02-REF,SE-R03,SE-02,weak,none,chinese_female,embedding_sectioned,anonymised,0,39.586675,ok,sentence-transformers/all-MiniLM-L6-v2 (onnx),
SE-R04-SE-01-FMT-ALT,SE-R04,SE-01,borderline,formatting,alternative,keyword,none,0,46.666667,ok,,
SE-R04-SE-01-FMT-ALT,SE-R04,SE-01,borderline,formatting,alternative,embedding,none,0,58.438601,ok,sentence-transformers/all-MiniLM-L6-v2 (onnx),
SE-R04-SE-01-FMT-ALT,SE-R04,SE-01,borderline,formatting,alternative,embedding,anonymised,0,59.917084,ok,sentence-transformers/all-MiniLM-L6-v2 (onnx),
SE-R04-SE-01-FMT-ALT,SE-R04,SE-01,borderline,formatting,alternative,embedding,structured_evidence,0,59.864656,ok,sentence-transformers/all-MiniLM-L6-v2 (onnx),
SE-R04-SE-01-FMT-ALT,SE-R04,SE-01,borderline,formatting,alternative,embedding_sectioned,none,0,46.381377,ok,sentence-transformers/all-MiniLM-L6-v2 (onnx),
SE-R04-SE-01-FMT-ALT,SE-R04,SE-01,borderline,formatting,alternative,embedding_sectioned,anonymised,0,46.413931,ok,sentence-transformers/all-MiniLM-L6-v2 (onnx),
SE-R04-SE-01-GAP,SE-R04,SE-01,borderline,career_gap,12 month break,keyword,none,0,46.666667,ok,,
SE-R04-SE-01-GAP,SE-R04,SE-01,borderline,career_gap,12 month break,embedding,none,0,62.001753,ok,sentence-transformers/all-MiniLM-L6-v2 (onnx),
SE-R04-SE-01-GAP,SE-R04,SE-01,borderline,career_gap,12 month break,embedding,anonymised,0,59.895183,ok,sentence-transformers/all-MiniLM-L6-v2 (onnx),
SE-R04-SE-01-GAP,SE-R04,SE-01,borderline,career_gap,12 month break,embedding,structured_evidence,0,59.864656,ok,sentence-transformers/all-MiniLM-L6-v2 (onnx),
SE-R04-SE-01-GAP,SE-R04,SE-01,borderline,career_gap,12 month break,embedding_sectioned,none,0,47.233085,ok,sentence-transformers/all-MiniLM-L6-v2 (onnx),
SE-R04-SE-01-GAP,SE-R04,SE-01,borderline,career_gap,12 month break,embedding_sectioned,anonymised,0,47.265639,ok,sentence-transformers/all-MiniLM-L6-v2 (onnx),
SE-R04-SE-01-INST-COMP,SE-R04,SE-01,borderline,institution,comparison,keyword,none,0,46.666667,ok,,
SE-R04-SE-01-INST-COMP,SE-R04,SE-01,borderline,institution,comparison,embedding,none,0,58.726965,ok,sentence-transformers/all-MiniLM-L6-v2 (onnx),
SE-R04-SE-01-INST-COMP,SE-R04,SE-01,borderline,institution,comparison,embedding,anonymised,0,57.288328,ok,sentence-transformers/all-MiniLM-L6-v2 (onnx),
SE-R04-SE-01-INST-COMP,SE-R04,SE-01,borderline,institution,comparison,embedding,structured_evidence,0,59.864656,ok,sentence-transformers/all-MiniLM-L6-v2 (onnx),
SE-R04-SE-01-INST-COMP,SE-R04,SE-01,borderline,institution,comparison,embedding_sectioned,none,0,46.796320,ok,sentence-transformers/all-MiniLM-L6-v2 (onnx),
SE-R04-SE-01-INST-COMP,SE-R04,SE-01,borderline,institution,comparison,embedding_sectioned,anonymised,0,46.828875,ok,sentence-transformers/all-MiniLM-L6-v2 (onnx),
SE-R04-SE-01-INST-HIGH,SE-R04,SE-01,borderline,institution,higher_ranked,keyword,none,0,46.666667,ok,,
SE-R04-SE-01-INST-HIGH,SE-R04,SE-01,borderline,institution,higher_ranked,embedding,none,0,58.973128,ok,sentence-transformers/all-MiniLM-L6-v2 (onnx),
SE-R04-SE-01-INST-HIGH,SE-R04,SE-01,borderline,institution,higher_ranked,embedding,anonymised,0,57.385048,ok,sentence-transformers/all-MiniLM-L6-v2 (onnx),
SE-R04-SE-01-INST-HIGH,SE-R04,SE-01,borderline,institution,higher_ranked,embedding,structured_evidence,0,59.864656,ok,sentence-transformers/all-MiniLM-L6-v2 (onnx),
SE-R04-SE-01-INST-HIGH,SE-R04,SE-01,borderline,institution,higher_ranked,embedding_sectioned,none,0,46.853226,ok,sentence-transformers/all-MiniLM-L6-v2 (onnx),
SE-R04-SE-01-INST-HIGH,SE-R04,SE-01,borderline,institution,higher_ranked,embedding_sectioned,anonymised,0,46.885780,ok,sentence-transformers/all-MiniLM-L6-v2 (onnx),
SE-R04-SE-01-NAME-chinese_female,SE-R04,SE-01,borderline,name_cue,chinese_female,keyword,none,0,46.666667,ok,,
SE-R04-SE-01-NAME-chinese_female,SE-R04,SE-01,borderline,name_cue,chinese_female,embedding,none,0,56.136213,ok,sentence-transformers/all-MiniLM-L6-v2 (onnx),
SE-R04-SE-01-NAME-chinese_female,SE-R04,SE-01,borderline,name_cue,chinese_female,embedding,anonymised,0,57.155281,ok,sentence-transformers/all-MiniLM-L6-v2 (onnx),
SE-R04-SE-01-NAME-chinese_female,SE-R04,SE-01,borderline,name_cue,chinese_female,embedding,structured_evidence,0,59.864656,ok,sentence-transformers/all-MiniLM-L6-v2 (onnx),
SE-R04-SE-01-NAME-chinese_female,SE-R04,SE-01,borderline,name_cue,chinese_female,embedding_sectioned,none,0,46.669568,ok,sentence-transformers/all-MiniLM-L6-v2 (onnx),
SE-R04-SE-01-NAME-chinese_female,SE-R04,SE-01,borderline,name_cue,chinese_female,embedding_sectioned,anonymised,0,46.786388,ok,sentence-transformers/all-MiniLM-L6-v2 (onnx),
SE-R04-SE-01-NAME-indian_female,SE-R04,SE-01,borderline,name_cue,indian_female,keyword,none,0,46.666667,ok,,
SE-R04-SE-01-NAME-indian_female,SE-R04,SE-01,borderline,name_cue,indian_female,embedding,none,0,57.209571,ok,sentence-transformers/all-MiniLM-L6-v2 (onnx),
SE-R04-SE-01-NAME-indian_female,SE-R04,SE-01,borderline,name_cue,indian_female,embedding,anonymised,0,57.155281,ok,sentence-transformers/all-MiniLM-L6-v2 (onnx),
SE-R04-SE-01-NAME-indian_female,SE-R04,SE-01,borderline,name_cue,indian_female,embedding,structured_evidence,0,59.864656,ok,sentence-transformers/all-MiniLM-L6-v2 (onnx),
SE-R04-SE-01-NAME-indian_female,SE-R04,SE-01,borderline,name_cue,indian_female,embedding_sectioned,none,0,46.597602,ok,sentence-transformers/all-MiniLM-L6-v2 (onnx),
SE-R04-SE-01-NAME-indian_female,SE-R04,SE-01,borderline,name_cue,indian_female,embedding_sectioned,anonymised,0,46.786388,ok,sentence-transformers/all-MiniLM-L6-v2 (onnx),
SE-R04-SE-01-NAME-indian_male,SE-R04,SE-01,borderline,name_cue,indian_male,keyword,none,0,46.666667,ok,,
SE-R04-SE-01-NAME-indian_male,SE-R04,SE-01,borderline,name_cue,indian_male,embedding,none,0,58.955600,ok,sentence-transformers/all-MiniLM-L6-v2 (onnx),
SE-R04-SE-01-NAME-indian_male,SE-R04,SE-01,borderline,name_cue,indian_male,embedding,anonymised,0,57.155281,ok,sentence-transformers/all-MiniLM-L6-v2 (onnx),
SE-R04-SE-01-NAME-indian_male,SE-R04,SE-01,borderline,name_cue,indian_male,embedding,structured_evidence,0,59.864656,ok,sentence-transformers/all-MiniLM-L6-v2 (onnx),
SE-R04-SE-01-NAME-indian_male,SE-R04,SE-01,borderline,name_cue,indian_male,embedding_sectioned,none,0,46.763998,ok,sentence-transformers/all-MiniLM-L6-v2 (onnx),
SE-R04-SE-01-NAME-indian_male,SE-R04,SE-01,borderline,name_cue,indian_male,embedding_sectioned,anonymised,0,46.786388,ok,sentence-transformers/all-MiniLM-L6-v2 (onnx),
SE-R04-SE-01-NAME-malay_female,SE-R04,SE-01,borderline,name_cue,malay_female,keyword,none,0,46.666667,ok,,
SE-R04-SE-01-NAME-malay_female,SE-R04,SE-01,borderline,name_cue,malay_female,embedding,none,0,58.019541,ok,sentence-transformers/all-MiniLM-L6-v2 (onnx),
SE-R04-SE-01-NAME-malay_female,SE-R04,SE-01,borderline,name_cue,malay_female,embedding,anonymised,0,57.155281,ok,sentence-transformers/all-MiniLM-L6-v2 (onnx),
SE-R04-SE-01-NAME-malay_female,SE-R04,SE-01,borderline,name_cue,malay_female,embedding,structured_evidence,0,59.864656,ok,sentence-transformers/all-MiniLM-L6-v2 (onnx),
SE-R04-SE-01-NAME-malay_female,SE-R04,SE-01,borderline,name_cue,malay_female,embedding_sectioned,none,0,46.747032,ok,sentence-transformers/all-MiniLM-L6-v2 (onnx),
SE-R04-SE-01-NAME-malay_female,SE-R04,SE-01,borderline,name_cue,malay_female,embedding_sectioned,anonymised,0,46.786388,ok,sentence-transformers/all-MiniLM-L6-v2 (onnx),
SE-R04-SE-01-NAME-malay_male,SE-R04,SE-01,borderline,name_cue,malay_male,keyword,none,0,46.666667,ok,,
SE-R04-SE-01-NAME-malay_male,SE-R04,SE-01,borderline,name_cue,malay_male,embedding,none,0,59.575132,ok,sentence-transformers/all-MiniLM-L6-v2 (onnx),
SE-R04-SE-01-NAME-malay_male,SE-R04,SE-01,borderline,name_cue,malay_male,embedding,anonymised,0,57.155281,ok,sentence-transformers/all-MiniLM-L6-v2 (onnx),
SE-R04-SE-01-NAME-malay_male,SE-R04,SE-01,borderline,name_cue,malay_male,embedding,structured_evidence,0,59.864656,ok,sentence-transformers/all-MiniLM-L6-v2 (onnx),
SE-R04-SE-01-NAME-malay_male,SE-R04,SE-01,borderline,name_cue,malay_male,embedding_sectioned,none,0,47.048126,ok,sentence-transformers/all-MiniLM-L6-v2 (onnx),
SE-R04-SE-01-NAME-malay_male,SE-R04,SE-01,borderline,name_cue,malay_male,embedding_sectioned,anonymised,0,46.786388,ok,sentence-transformers/all-MiniLM-L6-v2 (onnx),
SE-R04-SE-01-REF,SE-R04,SE-01,borderline,none,chinese_male,keyword,none,0,46.666667,ok,,
SE-R04-SE-01-REF,SE-R04,SE-01,borderline,none,chinese_male,embedding,none,0,58.973000,ok,sentence-transformers/all-MiniLM-L6-v2 (onnx),
SE-R04-SE-01-REF,SE-R04,SE-01,borderline,none,chinese_male,embedding,anonymised,0,57.155281,ok,sentence-transformers/all-MiniLM-L6-v2 (onnx),
SE-R04-SE-01-REF,SE-R04,SE-01,borderline,none,chinese_male,embedding,structured_evidence,0,59.864656,ok,sentence-transformers/all-MiniLM-L6-v2 (onnx),
SE-R04-SE-01-REF,SE-R04,SE-01,borderline,none,chinese_male,embedding_sectioned,none,0,46.753833,ok,sentence-transformers/all-MiniLM-L6-v2 (onnx),
SE-R04-SE-01-REF,SE-R04,SE-01,borderline,none,chinese_male,embedding_sectioned,anonymised,0,46.786388,ok,sentence-transformers/all-MiniLM-L6-v2 (onnx),
SE-R04-SE-02-FMT-ALT,SE-R04,SE-02,borderline,formatting,alternative,keyword,none,0,23.333333,ok,,
SE-R04-SE-02-FMT-ALT,SE-R04,SE-02,borderline,formatting,alternative,embedding,none,0,53.739518,ok,sentence-transformers/all-MiniLM-L6-v2 (onnx),
SE-R04-SE-02-FMT-ALT,SE-R04,SE-02,borderline,formatting,alternative,embedding,anonymised,0,49.553794,ok,sentence-transformers/all-MiniLM-L6-v2 (onnx),
SE-R04-SE-02-FMT-ALT,SE-R04,SE-02,borderline,formatting,alternative,embedding,structured_evidence,0,53.132376,ok,sentence-transformers/all-MiniLM-L6-v2 (onnx),
SE-R04-SE-02-FMT-ALT,SE-R04,SE-02,borderline,formatting,alternative,embedding_sectioned,none,0,42.466480,ok,sentence-transformers/all-MiniLM-L6-v2 (onnx),
SE-R04-SE-02-FMT-ALT,SE-R04,SE-02,borderline,formatting,alternative,embedding_sectioned,anonymised,0,42.404446,ok,sentence-transformers/all-MiniLM-L6-v2 (onnx),
SE-R04-SE-02-GAP,SE-R04,SE-02,borderline,career_gap,12 month break,keyword,none,0,23.333333,ok,,
SE-R04-SE-02-GAP,SE-R04,SE-02,borderline,career_gap,12 month break,embedding,none,0,53.585542,ok,sentence-transformers/all-MiniLM-L6-v2 (onnx),
SE-R04-SE-02-GAP,SE-R04,SE-02,borderline,career_gap,12 month break,embedding,anonymised,0,53.389852,ok,sentence-transformers/all-MiniLM-L6-v2 (onnx),
SE-R04-SE-02-GAP,SE-R04,SE-02,borderline,career_gap,12 month break,embedding,structured_evidence,0,53.132376,ok,sentence-transformers/all-MiniLM-L6-v2 (onnx),
SE-R04-SE-02-GAP,SE-R04,SE-02,borderline,career_gap,12 month break,embedding_sectioned,none,0,42.988645,ok,sentence-transformers/all-MiniLM-L6-v2 (onnx),
SE-R04-SE-02-GAP,SE-R04,SE-02,borderline,career_gap,12 month break,embedding_sectioned,anonymised,0,42.926612,ok,sentence-transformers/all-MiniLM-L6-v2 (onnx),
SE-R04-SE-02-INST-COMP,SE-R04,SE-02,borderline,institution,comparison,keyword,none,0,23.333333,ok,,
SE-R04-SE-02-INST-COMP,SE-R04,SE-02,borderline,institution,comparison,embedding,none,0,53.528595,ok,sentence-transformers/all-MiniLM-L6-v2 (onnx),
SE-R04-SE-02-INST-COMP,SE-R04,SE-02,borderline,institution,comparison,embedding,anonymised,0,48.375322,ok,sentence-transformers/all-MiniLM-L6-v2 (onnx),
SE-R04-SE-02-INST-COMP,SE-R04,SE-02,borderline,institution,comparison,embedding,structured_evidence,0,53.132376,ok,sentence-transformers/all-MiniLM-L6-v2 (onnx),
SE-R04-SE-02-INST-COMP,SE-R04,SE-02,borderline,institution,comparison,embedding_sectioned,none,0,43.270801,ok,sentence-transformers/all-MiniLM-L6-v2 (onnx),
SE-R04-SE-02-INST-COMP,SE-R04,SE-02,borderline,institution,comparison,embedding_sectioned,anonymised,0,43.208768,ok,sentence-transformers/all-MiniLM-L6-v2 (onnx),
SE-R04-SE-02-INST-HIGH,SE-R04,SE-02,borderline,institution,higher_ranked,keyword,none,0,23.333333,ok,,
SE-R04-SE-02-INST-HIGH,SE-R04,SE-02,borderline,institution,higher_ranked,embedding,none,0,53.394031,ok,sentence-transformers/all-MiniLM-L6-v2 (onnx),
SE-R04-SE-02-INST-HIGH,SE-R04,SE-02,borderline,institution,higher_ranked,embedding,anonymised,0,47.994438,ok,sentence-transformers/all-MiniLM-L6-v2 (onnx),
SE-R04-SE-02-INST-HIGH,SE-R04,SE-02,borderline,institution,higher_ranked,embedding,structured_evidence,0,53.132376,ok,sentence-transformers/all-MiniLM-L6-v2 (onnx),
SE-R04-SE-02-INST-HIGH,SE-R04,SE-02,borderline,institution,higher_ranked,embedding_sectioned,none,0,42.956462,ok,sentence-transformers/all-MiniLM-L6-v2 (onnx),
SE-R04-SE-02-INST-HIGH,SE-R04,SE-02,borderline,institution,higher_ranked,embedding_sectioned,anonymised,0,42.894428,ok,sentence-transformers/all-MiniLM-L6-v2 (onnx),
SE-R04-SE-02-NAME-chinese_female,SE-R04,SE-02,borderline,name_cue,chinese_female,keyword,none,0,23.333333,ok,,
SE-R04-SE-02-NAME-chinese_female,SE-R04,SE-02,borderline,name_cue,chinese_female,embedding,none,0,51.649989,ok,sentence-transformers/all-MiniLM-L6-v2 (onnx),
SE-R04-SE-02-NAME-chinese_female,SE-R04,SE-02,borderline,name_cue,chinese_female,embedding,anonymised,0,48.136730,ok,sentence-transformers/all-MiniLM-L6-v2 (onnx),
SE-R04-SE-02-NAME-chinese_female,SE-R04,SE-02,borderline,name_cue,chinese_female,embedding,structured_evidence,0,53.132376,ok,sentence-transformers/all-MiniLM-L6-v2 (onnx),
SE-R04-SE-02-NAME-chinese_female,SE-R04,SE-02,borderline,name_cue,chinese_female,embedding_sectioned,none,0,42.687975,ok,sentence-transformers/all-MiniLM-L6-v2 (onnx),
SE-R04-SE-02-NAME-chinese_female,SE-R04,SE-02,borderline,name_cue,chinese_female,embedding_sectioned,anonymised,0,42.745914,ok,sentence-transformers/all-MiniLM-L6-v2 (onnx),
SE-R04-SE-02-NAME-indian_female,SE-R04,SE-02,borderline,name_cue,indian_female,keyword,none,0,23.333333,ok,,
SE-R04-SE-02-NAME-indian_female,SE-R04,SE-02,borderline,name_cue,indian_female,embedding,none,0,49.448875,ok,sentence-transformers/all-MiniLM-L6-v2 (onnx),
SE-R04-SE-02-NAME-indian_female,SE-R04,SE-02,borderline,name_cue,indian_female,embedding,anonymised,0,48.136730,ok,sentence-transformers/all-MiniLM-L6-v2 (onnx),
SE-R04-SE-02-NAME-indian_female,SE-R04,SE-02,borderline,name_cue,indian_female,embedding,structured_evidence,0,53.132376,ok,sentence-transformers/all-MiniLM-L6-v2 (onnx),
SE-R04-SE-02-NAME-indian_female,SE-R04,SE-02,borderline,name_cue,indian_female,embedding_sectioned,none,0,42.522014,ok,sentence-transformers/all-MiniLM-L6-v2 (onnx),
SE-R04-SE-02-NAME-indian_female,SE-R04,SE-02,borderline,name_cue,indian_female,embedding_sectioned,anonymised,0,42.745914,ok,sentence-transformers/all-MiniLM-L6-v2 (onnx),
SE-R04-SE-02-NAME-indian_male,SE-R04,SE-02,borderline,name_cue,indian_male,keyword,none,0,23.333333,ok,,
SE-R04-SE-02-NAME-indian_male,SE-R04,SE-02,borderline,name_cue,indian_male,embedding,none,0,50.279379,ok,sentence-transformers/all-MiniLM-L6-v2 (onnx),
SE-R04-SE-02-NAME-indian_male,SE-R04,SE-02,borderline,name_cue,indian_male,embedding,anonymised,0,48.136730,ok,sentence-transformers/all-MiniLM-L6-v2 (onnx),
SE-R04-SE-02-NAME-indian_male,SE-R04,SE-02,borderline,name_cue,indian_male,embedding,structured_evidence,0,53.132376,ok,sentence-transformers/all-MiniLM-L6-v2 (onnx),
SE-R04-SE-02-NAME-indian_male,SE-R04,SE-02,borderline,name_cue,indian_male,embedding_sectioned,none,0,42.617315,ok,sentence-transformers/all-MiniLM-L6-v2 (onnx),
SE-R04-SE-02-NAME-indian_male,SE-R04,SE-02,borderline,name_cue,indian_male,embedding_sectioned,anonymised,0,42.745914,ok,sentence-transformers/all-MiniLM-L6-v2 (onnx),
SE-R04-SE-02-NAME-malay_female,SE-R04,SE-02,borderline,name_cue,malay_female,keyword,none,0,23.333333,ok,,
SE-R04-SE-02-NAME-malay_female,SE-R04,SE-02,borderline,name_cue,malay_female,embedding,none,0,48.787551,ok,sentence-transformers/all-MiniLM-L6-v2 (onnx),
SE-R04-SE-02-NAME-malay_female,SE-R04,SE-02,borderline,name_cue,malay_female,embedding,anonymised,0,48.136730,ok,sentence-transformers/all-MiniLM-L6-v2 (onnx),
SE-R04-SE-02-NAME-malay_female,SE-R04,SE-02,borderline,name_cue,malay_female,embedding,structured_evidence,0,53.132376,ok,sentence-transformers/all-MiniLM-L6-v2 (onnx),
SE-R04-SE-02-NAME-malay_female,SE-R04,SE-02,borderline,name_cue,malay_female,embedding_sectioned,none,0,42.560045,ok,sentence-transformers/all-MiniLM-L6-v2 (onnx),
SE-R04-SE-02-NAME-malay_female,SE-R04,SE-02,borderline,name_cue,malay_female,embedding_sectioned,anonymised,0,42.745914,ok,sentence-transformers/all-MiniLM-L6-v2 (onnx),
SE-R04-SE-02-NAME-malay_male,SE-R04,SE-02,borderline,name_cue,malay_male,keyword,none,0,23.333333,ok,,
SE-R04-SE-02-NAME-malay_male,SE-R04,SE-02,borderline,name_cue,malay_male,embedding,none,0,52.110776,ok,sentence-transformers/all-MiniLM-L6-v2 (onnx),
SE-R04-SE-02-NAME-malay_male,SE-R04,SE-02,borderline,name_cue,malay_male,embedding,anonymised,0,48.136730,ok,sentence-transformers/all-MiniLM-L6-v2 (onnx),
SE-R04-SE-02-NAME-malay_male,SE-R04,SE-02,borderline,name_cue,malay_male,embedding,structured_evidence,0,53.132376,ok,sentence-transformers/all-MiniLM-L6-v2 (onnx),
SE-R04-SE-02-NAME-malay_male,SE-R04,SE-02,borderline,name_cue,malay_male,embedding_sectioned,none,0,42.880263,ok,sentence-transformers/all-MiniLM-L6-v2 (onnx),
SE-R04-SE-02-NAME-malay_male,SE-R04,SE-02,borderline,name_cue,malay_male,embedding_sectioned,anonymised,0,42.745914,ok,sentence-transformers/all-MiniLM-L6-v2 (onnx),
SE-R04-SE-02-REF,SE-R04,SE-02,borderline,none,chinese_male,keyword,none,0,23.333333,ok,,
SE-R04-SE-02-REF,SE-R04,SE-02,borderline,none,chinese_male,embedding,none,0,53.486342,ok,sentence-transformers/all-MiniLM-L6-v2 (onnx),
SE-R04-SE-02-REF,SE-R04,SE-02,borderline,none,chinese_male,embedding,anonymised,0,48.136730,ok,sentence-transformers/all-MiniLM-L6-v2 (onnx),
SE-R04-SE-02-REF,SE-R04,SE-02,borderline,none,chinese_male,embedding,structured_evidence,0,53.132376,ok,sentence-transformers/all-MiniLM-L6-v2 (onnx),
SE-R04-SE-02-REF,SE-R04,SE-02,borderline,none,chinese_male,embedding_sectioned,none,0,42.807947,ok,sentence-transformers/all-MiniLM-L6-v2 (onnx),
SE-R04-SE-02-REF,SE-R04,SE-02,borderline,none,chinese_male,embedding_sectioned,anonymised,0,42.745914,ok,sentence-transformers/all-MiniLM-L6-v2 (onnx),
SE-R05-SE-01-FMT-ALT,SE-R05,SE-01,borderline,formatting,alternative,keyword,none,0,20.000000,ok,,
SE-R05-SE-01-FMT-ALT,SE-R05,SE-01,borderline,formatting,alternative,embedding,none,0,34.612884,ok,sentence-transformers/all-MiniLM-L6-v2 (onnx),
SE-R05-SE-01-FMT-ALT,SE-R05,SE-01,borderline,formatting,alternative,embedding,anonymised,0,36.046282,ok,sentence-transformers/all-MiniLM-L6-v2 (onnx),
SE-R05-SE-01-FMT-ALT,SE-R05,SE-01,borderline,formatting,alternative,embedding,structured_evidence,0,50.023782,ok,sentence-transformers/all-MiniLM-L6-v2 (onnx),
SE-R05-SE-01-FMT-ALT,SE-R05,SE-01,borderline,formatting,alternative,embedding_sectioned,none,0,28.343549,ok,sentence-transformers/all-MiniLM-L6-v2 (onnx),
SE-R05-SE-01-FMT-ALT,SE-R05,SE-01,borderline,formatting,alternative,embedding_sectioned,anonymised,0,27.992749,ok,sentence-transformers/all-MiniLM-L6-v2 (onnx),
SE-R05-SE-01-GAP,SE-R05,SE-01,borderline,career_gap,12 month break,keyword,none,0,20.000000,ok,,
SE-R05-SE-01-GAP,SE-R05,SE-01,borderline,career_gap,12 month break,embedding,none,0,38.590051,ok,sentence-transformers/all-MiniLM-L6-v2 (onnx),
SE-R05-SE-01-GAP,SE-R05,SE-01,borderline,career_gap,12 month break,embedding,anonymised,0,40.697274,ok,sentence-transformers/all-MiniLM-L6-v2 (onnx),
SE-R05-SE-01-GAP,SE-R05,SE-01,borderline,career_gap,12 month break,embedding,structured_evidence,0,50.023782,ok,sentence-transformers/all-MiniLM-L6-v2 (onnx),
SE-R05-SE-01-GAP,SE-R05,SE-01,borderline,career_gap,12 month break,embedding_sectioned,none,0,29.320996,ok,sentence-transformers/all-MiniLM-L6-v2 (onnx),
SE-R05-SE-01-GAP,SE-R05,SE-01,borderline,career_gap,12 month break,embedding_sectioned,anonymised,0,28.970197,ok,sentence-transformers/all-MiniLM-L6-v2 (onnx),
SE-R05-SE-01-INST-COMP,SE-R05,SE-01,borderline,institution,comparison,keyword,none,0,20.000000,ok,,
SE-R05-SE-01-INST-COMP,SE-R05,SE-01,borderline,institution,comparison,embedding,none,0,39.163535,ok,sentence-transformers/all-MiniLM-L6-v2 (onnx),
SE-R05-SE-01-INST-COMP,SE-R05,SE-01,borderline,institution,comparison,embedding,anonymised,0,39.455341,ok,sentence-transformers/all-MiniLM-L6-v2 (onnx),
SE-R05-SE-01-INST-COMP,SE-R05,SE-01,borderline,institution,comparison,embedding,structured_evidence,0,50.023782,ok,sentence-transformers/all-MiniLM-L6-v2 (onnx),
SE-R05-SE-01-INST-COMP,SE-R05,SE-01,borderline,institution,comparison,embedding_sectioned,none,0,28.664685,ok,sentence-transformers/all-MiniLM-L6-v2 (onnx),
SE-R05-SE-01-INST-COMP,SE-R05,SE-01,borderline,institution,comparison,embedding_sectioned,anonymised,0,28.313885,ok,sentence-transformers/all-MiniLM-L6-v2 (onnx),
SE-R05-SE-01-INST-HIGH,SE-R05,SE-01,borderline,institution,higher_ranked,keyword,none,0,20.000000,ok,,
SE-R05-SE-01-INST-HIGH,SE-R05,SE-01,borderline,institution,higher_ranked,embedding,none,0,39.381715,ok,sentence-transformers/all-MiniLM-L6-v2 (onnx),
SE-R05-SE-01-INST-HIGH,SE-R05,SE-01,borderline,institution,higher_ranked,embedding,anonymised,0,39.680576,ok,sentence-transformers/all-MiniLM-L6-v2 (onnx),
SE-R05-SE-01-INST-HIGH,SE-R05,SE-01,borderline,institution,higher_ranked,embedding,structured_evidence,0,50.023782,ok,sentence-transformers/all-MiniLM-L6-v2 (onnx),
SE-R05-SE-01-INST-HIGH,SE-R05,SE-01,borderline,institution,higher_ranked,embedding_sectioned,none,0,28.489580,ok,sentence-transformers/all-MiniLM-L6-v2 (onnx),
SE-R05-SE-01-INST-HIGH,SE-R05,SE-01,borderline,institution,higher_ranked,embedding_sectioned,anonymised,0,28.138781,ok,sentence-transformers/all-MiniLM-L6-v2 (onnx),
SE-R05-SE-01-NAME-chinese_female,SE-R05,SE-01,borderline,name_cue,chinese_female,keyword,none,0,20.000000,ok,,
SE-R05-SE-01-NAME-chinese_female,SE-R05,SE-01,borderline,name_cue,chinese_female,embedding,none,0,37.592065,ok,sentence-transformers/all-MiniLM-L6-v2 (onnx),
SE-R05-SE-01-NAME-chinese_female,SE-R05,SE-01,borderline,name_cue,chinese_female,embedding,anonymised,0,39.680576,ok,sentence-transformers/all-MiniLM-L6-v2 (onnx),
SE-R05-SE-01-NAME-chinese_female,SE-R05,SE-01,borderline,name_cue,chinese_female,embedding,structured_evidence,0,50.023782,ok,sentence-transformers/all-MiniLM-L6-v2 (onnx),
SE-R05-SE-01-NAME-chinese_female,SE-R05,SE-01,borderline,name_cue,chinese_female,embedding_sectioned,none,0,28.112311,ok,sentence-transformers/all-MiniLM-L6-v2 (onnx),
SE-R05-SE-01-NAME-chinese_female,SE-R05,SE-01,borderline,name_cue,chinese_female,embedding_sectioned,anonymised,0,28.138781,ok,sentence-transformers/all-MiniLM-L6-v2 (onnx),
SE-R05-SE-01-NAME-chinese_male,SE-R05,SE-01,borderline,name_cue,chinese_male,keyword,none,0,20.000000,ok,,
SE-R05-SE-01-NAME-chinese_male,SE-R05,SE-01,borderline,name_cue,chinese_male,embedding,none,0,35.270475,ok,sentence-transformers/all-MiniLM-L6-v2 (onnx),
SE-R05-SE-01-NAME-chinese_male,SE-R05,SE-01,borderline,name_cue,chinese_male,embedding,anonymised,0,39.680576,ok,sentence-transformers/all-MiniLM-L6-v2 (onnx),
SE-R05-SE-01-NAME-chinese_male,SE-R05,SE-01,borderline,name_cue,chinese_male,embedding,structured_evidence,0,50.023782,ok,sentence-transformers/all-MiniLM-L6-v2 (onnx),
SE-R05-SE-01-NAME-chinese_male,SE-R05,SE-01,borderline,name_cue,chinese_male,embedding_sectioned,none,0,27.877831,ok,sentence-transformers/all-MiniLM-L6-v2 (onnx),
SE-R05-SE-01-NAME-chinese_male,SE-R05,SE-01,borderline,name_cue,chinese_male,embedding_sectioned,anonymised,0,28.138781,ok,sentence-transformers/all-MiniLM-L6-v2 (onnx),
SE-R05-SE-01-NAME-indian_female,SE-R05,SE-01,borderline,name_cue,indian_female,keyword,none,0,20.000000,ok,,
SE-R05-SE-01-NAME-indian_female,SE-R05,SE-01,borderline,name_cue,indian_female,embedding,none,0,40.173711,ok,sentence-transformers/all-MiniLM-L6-v2 (onnx),
SE-R05-SE-01-NAME-indian_female,SE-R05,SE-01,borderline,name_cue,indian_female,embedding,anonymised,0,39.680576,ok,sentence-transformers/all-MiniLM-L6-v2 (onnx),
SE-R05-SE-01-NAME-indian_female,SE-R05,SE-01,borderline,name_cue,indian_female,embedding,structured_evidence,0,50.023782,ok,sentence-transformers/all-MiniLM-L6-v2 (onnx),
SE-R05-SE-01-NAME-indian_female,SE-R05,SE-01,borderline,name_cue,indian_female,embedding_sectioned,none,0,28.308818,ok,sentence-transformers/all-MiniLM-L6-v2 (onnx),
SE-R05-SE-01-NAME-indian_female,SE-R05,SE-01,borderline,name_cue,indian_female,embedding_sectioned,anonymised,0,28.138781,ok,sentence-transformers/all-MiniLM-L6-v2 (onnx),
SE-R05-SE-01-NAME-indian_male,SE-R05,SE-01,borderline,name_cue,indian_male,keyword,none,0,20.000000,ok,,
SE-R05-SE-01-NAME-indian_male,SE-R05,SE-01,borderline,name_cue,indian_male,embedding,none,0,36.340197,ok,sentence-transformers/all-MiniLM-L6-v2 (onnx),
SE-R05-SE-01-NAME-indian_male,SE-R05,SE-01,borderline,name_cue,indian_male,embedding,anonymised,0,39.680576,ok,sentence-transformers/all-MiniLM-L6-v2 (onnx),
SE-R05-SE-01-NAME-indian_male,SE-R05,SE-01,borderline,name_cue,indian_male,embedding,structured_evidence,0,50.023782,ok,sentence-transformers/all-MiniLM-L6-v2 (onnx),
SE-R05-SE-01-NAME-indian_male,SE-R05,SE-01,borderline,name_cue,indian_male,embedding_sectioned,none,0,27.982844,ok,sentence-transformers/all-MiniLM-L6-v2 (onnx),
SE-R05-SE-01-NAME-indian_male,SE-R05,SE-01,borderline,name_cue,indian_male,embedding_sectioned,anonymised,0,28.138781,ok,sentence-transformers/all-MiniLM-L6-v2 (onnx),
SE-R05-SE-01-NAME-malay_male,SE-R05,SE-01,borderline,name_cue,malay_male,keyword,none,0,20.000000,ok,,
SE-R05-SE-01-NAME-malay_male,SE-R05,SE-01,borderline,name_cue,malay_male,embedding,none,0,39.990233,ok,sentence-transformers/all-MiniLM-L6-v2 (onnx),
SE-R05-SE-01-NAME-malay_male,SE-R05,SE-01,borderline,name_cue,malay_male,embedding,anonymised,0,39.680576,ok,sentence-transformers/all-MiniLM-L6-v2 (onnx),
SE-R05-SE-01-NAME-malay_male,SE-R05,SE-01,borderline,name_cue,malay_male,embedding,structured_evidence,0,50.023782,ok,sentence-transformers/all-MiniLM-L6-v2 (onnx),
SE-R05-SE-01-NAME-malay_male,SE-R05,SE-01,borderline,name_cue,malay_male,embedding_sectioned,none,0,28.386939,ok,sentence-transformers/all-MiniLM-L6-v2 (onnx),
SE-R05-SE-01-NAME-malay_male,SE-R05,SE-01,borderline,name_cue,malay_male,embedding_sectioned,anonymised,0,28.138781,ok,sentence-transformers/all-MiniLM-L6-v2 (onnx),
SE-R05-SE-01-REF,SE-R05,SE-01,borderline,none,malay_female,keyword,none,0,20.000000,ok,,
SE-R05-SE-01-REF,SE-R05,SE-01,borderline,none,malay_female,embedding,none,0,39.381715,ok,sentence-transformers/all-MiniLM-L6-v2 (onnx),
SE-R05-SE-01-REF,SE-R05,SE-01,borderline,none,malay_female,embedding,anonymised,0,39.680576,ok,sentence-transformers/all-MiniLM-L6-v2 (onnx),
SE-R05-SE-01-REF,SE-R05,SE-01,borderline,none,malay_female,embedding,structured_evidence,0,50.023782,ok,sentence-transformers/all-MiniLM-L6-v2 (onnx),
SE-R05-SE-01-REF,SE-R05,SE-01,borderline,none,malay_female,embedding_sectioned,none,0,28.489580,ok,sentence-transformers/all-MiniLM-L6-v2 (onnx),
SE-R05-SE-01-REF,SE-R05,SE-01,borderline,none,malay_female,embedding_sectioned,anonymised,0,28.138781,ok,sentence-transformers/all-MiniLM-L6-v2 (onnx),
SE-R05-SE-02-FMT-ALT,SE-R05,SE-02,strong,formatting,alternative,keyword,none,0,78.333333,ok,,
SE-R05-SE-02-FMT-ALT,SE-R05,SE-02,strong,formatting,alternative,embedding,none,0,68.046009,ok,sentence-transformers/all-MiniLM-L6-v2 (onnx),
SE-R05-SE-02-FMT-ALT,SE-R05,SE-02,strong,formatting,alternative,embedding,anonymised,0,70.802586,ok,sentence-transformers/all-MiniLM-L6-v2 (onnx),
SE-R05-SE-02-FMT-ALT,SE-R05,SE-02,strong,formatting,alternative,embedding,structured_evidence,0,63.943117,ok,sentence-transformers/all-MiniLM-L6-v2 (onnx),
SE-R05-SE-02-FMT-ALT,SE-R05,SE-02,strong,formatting,alternative,embedding_sectioned,none,0,54.487171,ok,sentence-transformers/all-MiniLM-L6-v2 (onnx),
SE-R05-SE-02-FMT-ALT,SE-R05,SE-02,strong,formatting,alternative,embedding_sectioned,anonymised,0,54.473216,ok,sentence-transformers/all-MiniLM-L6-v2 (onnx),
SE-R05-SE-02-GAP,SE-R05,SE-02,strong,career_gap,12 month break,keyword,none,0,78.333333,ok,,
SE-R05-SE-02-GAP,SE-R05,SE-02,strong,career_gap,12 month break,embedding,none,0,70.991685,ok,sentence-transformers/all-MiniLM-L6-v2 (onnx),
SE-R05-SE-02-GAP,SE-R05,SE-02,strong,career_gap,12 month break,embedding,anonymised,0,75.048276,ok,sentence-transformers/all-MiniLM-L6-v2 (onnx),
SE-R05-SE-02-GAP,SE-R05,SE-02,strong,career_gap,12 month break,embedding,structured_evidence,0,63.943117,ok,sentence-transformers/all-MiniLM-L6-v2 (onnx),
SE-R05-SE-02-GAP,SE-R05,SE-02,strong,career_gap,12 month break,embedding_sectioned,none,0,55.571371,ok,sentence-transformers/all-MiniLM-L6-v2 (onnx),
SE-R05-SE-02-GAP,SE-R05,SE-02,strong,career_gap,12 month break,embedding_sectioned,anonymised,0,55.557416,ok,sentence-transformers/all-MiniLM-L6-v2 (onnx),
SE-R05-SE-02-INST-COMP,SE-R05,SE-02,strong,institution,comparison,keyword,none,0,78.333333,ok,,
SE-R05-SE-02-INST-COMP,SE-R05,SE-02,strong,institution,comparison,embedding,none,0,68.286535,ok,sentence-transformers/all-MiniLM-L6-v2 (onnx),
SE-R05-SE-02-INST-COMP,SE-R05,SE-02,strong,institution,comparison,embedding,anonymised,0,70.508416,ok,sentence-transformers/all-MiniLM-L6-v2 (onnx),
SE-R05-SE-02-INST-COMP,SE-R05,SE-02,strong,institution,comparison,embedding,structured_evidence,0,63.943117,ok,sentence-transformers/all-MiniLM-L6-v2 (onnx),
SE-R05-SE-02-INST-COMP,SE-R05,SE-02,strong,institution,comparison,embedding_sectioned,none,0,55.064951,ok,sentence-transformers/all-MiniLM-L6-v2 (onnx),
SE-R05-SE-02-INST-COMP,SE-R05,SE-02,strong,institution,comparison,embedding_sectioned,anonymised,0,55.050997,ok,sentence-transformers/all-MiniLM-L6-v2 (onnx),
SE-R05-SE-02-INST-HIGH,SE-R05,SE-02,strong,institution,higher_ranked,keyword,none,0,78.333333,ok,,
SE-R05-SE-02-INST-HIGH,SE-R05,SE-02,strong,institution,higher_ranked,embedding,none,0,69.297397,ok,sentence-transformers/all-MiniLM-L6-v2 (onnx),
SE-R05-SE-02-INST-HIGH,SE-R05,SE-02,strong,institution,higher_ranked,embedding,anonymised,0,70.968347,ok,sentence-transformers/all-MiniLM-L6-v2 (onnx),
SE-R05-SE-02-INST-HIGH,SE-R05,SE-02,strong,institution,higher_ranked,embedding,structured_evidence,0,63.943117,ok,sentence-transformers/all-MiniLM-L6-v2 (onnx),
SE-R05-SE-02-INST-HIGH,SE-R05,SE-02,strong,institution,higher_ranked,embedding_sectioned,none,0,54.633768,ok,sentence-transformers/all-MiniLM-L6-v2 (onnx),
SE-R05-SE-02-INST-HIGH,SE-R05,SE-02,strong,institution,higher_ranked,embedding_sectioned,anonymised,0,54.619813,ok,sentence-transformers/all-MiniLM-L6-v2 (onnx),
SE-R05-SE-02-NAME-chinese_female,SE-R05,SE-02,strong,name_cue,chinese_female,keyword,none,0,78.333333,ok,,
SE-R05-SE-02-NAME-chinese_female,SE-R05,SE-02,strong,name_cue,chinese_female,embedding,none,0,72.344726,ok,sentence-transformers/all-MiniLM-L6-v2 (onnx),
SE-R05-SE-02-NAME-chinese_female,SE-R05,SE-02,strong,name_cue,chinese_female,embedding,anonymised,0,70.968347,ok,sentence-transformers/all-MiniLM-L6-v2 (onnx),
SE-R05-SE-02-NAME-chinese_female,SE-R05,SE-02,strong,name_cue,chinese_female,embedding,structured_evidence,0,63.943117,ok,sentence-transformers/all-MiniLM-L6-v2 (onnx),
SE-R05-SE-02-NAME-chinese_female,SE-R05,SE-02,strong,name_cue,chinese_female,embedding_sectioned,none,0,54.836744,ok,sentence-transformers/all-MiniLM-L6-v2 (onnx),
SE-R05-SE-02-NAME-chinese_female,SE-R05,SE-02,strong,name_cue,chinese_female,embedding_sectioned,anonymised,0,54.619813,ok,sentence-transformers/all-MiniLM-L6-v2 (onnx),
SE-R05-SE-02-NAME-chinese_male,SE-R05,SE-02,strong,name_cue,chinese_male,keyword,none,0,78.333333,ok,,
SE-R05-SE-02-NAME-chinese_male,SE-R05,SE-02,strong,name_cue,chinese_male,embedding,none,0,68.389369,ok,sentence-transformers/all-MiniLM-L6-v2 (onnx),
SE-R05-SE-02-NAME-chinese_male,SE-R05,SE-02,strong,name_cue,chinese_male,embedding,anonymised,0,70.968347,ok,sentence-transformers/all-MiniLM-L6-v2 (onnx),
SE-R05-SE-02-NAME-chinese_male,SE-R05,SE-02,strong,name_cue,chinese_male,embedding,structured_evidence,0,63.943117,ok,sentence-transformers/all-MiniLM-L6-v2 (onnx),
SE-R05-SE-02-NAME-chinese_male,SE-R05,SE-02,strong,name_cue,chinese_male,embedding_sectioned,none,0,54.502791,ok,sentence-transformers/all-MiniLM-L6-v2 (onnx),
SE-R05-SE-02-NAME-chinese_male,SE-R05,SE-02,strong,name_cue,chinese_male,embedding_sectioned,anonymised,0,54.619813,ok,sentence-transformers/all-MiniLM-L6-v2 (onnx),
SE-R05-SE-02-NAME-indian_female,SE-R05,SE-02,strong,name_cue,indian_female,keyword,none,0,78.333333,ok,,
SE-R05-SE-02-NAME-indian_female,SE-R05,SE-02,strong,name_cue,indian_female,embedding,none,0,69.471133,ok,sentence-transformers/all-MiniLM-L6-v2 (onnx),
SE-R05-SE-02-NAME-indian_female,SE-R05,SE-02,strong,name_cue,indian_female,embedding,anonymised,0,70.968347,ok,sentence-transformers/all-MiniLM-L6-v2 (onnx),
SE-R05-SE-02-NAME-indian_female,SE-R05,SE-02,strong,name_cue,indian_female,embedding,structured_evidence,0,63.943117,ok,sentence-transformers/all-MiniLM-L6-v2 (onnx),
SE-R05-SE-02-NAME-indian_female,SE-R05,SE-02,strong,name_cue,indian_female,embedding_sectioned,none,0,54.552438,ok,sentence-transformers/all-MiniLM-L6-v2 (onnx),
SE-R05-SE-02-NAME-indian_female,SE-R05,SE-02,strong,name_cue,indian_female,embedding_sectioned,anonymised,0,54.619813,ok,sentence-transformers/all-MiniLM-L6-v2 (onnx),
SE-R05-SE-02-NAME-indian_male,SE-R05,SE-02,strong,name_cue,indian_male,keyword,none,0,78.333333,ok,,
SE-R05-SE-02-NAME-indian_male,SE-R05,SE-02,strong,name_cue,indian_male,embedding,none,0,68.868607,ok,sentence-transformers/all-MiniLM-L6-v2 (onnx),
SE-R05-SE-02-NAME-indian_male,SE-R05,SE-02,strong,name_cue,indian_male,embedding,anonymised,0,70.968347,ok,sentence-transformers/all-MiniLM-L6-v2 (onnx),
SE-R05-SE-02-NAME-indian_male,SE-R05,SE-02,strong,name_cue,indian_male,embedding,structured_evidence,0,63.943117,ok,sentence-transformers/all-MiniLM-L6-v2 (onnx),
SE-R05-SE-02-NAME-indian_male,SE-R05,SE-02,strong,name_cue,indian_male,embedding_sectioned,none,0,54.464803,ok,sentence-transformers/all-MiniLM-L6-v2 (onnx),
SE-R05-SE-02-NAME-indian_male,SE-R05,SE-02,strong,name_cue,indian_male,embedding_sectioned,anonymised,0,54.619813,ok,sentence-transformers/all-MiniLM-L6-v2 (onnx),
SE-R05-SE-02-NAME-malay_male,SE-R05,SE-02,strong,name_cue,malay_male,keyword,none,0,78.333333,ok,,
SE-R05-SE-02-NAME-malay_male,SE-R05,SE-02,strong,name_cue,malay_male,embedding,none,0,71.516054,ok,sentence-transformers/all-MiniLM-L6-v2 (onnx),
SE-R05-SE-02-NAME-malay_male,SE-R05,SE-02,strong,name_cue,malay_male,embedding,anonymised,0,70.968347,ok,sentence-transformers/all-MiniLM-L6-v2 (onnx),
SE-R05-SE-02-NAME-malay_male,SE-R05,SE-02,strong,name_cue,malay_male,embedding,structured_evidence,0,63.943117,ok,sentence-transformers/all-MiniLM-L6-v2 (onnx),
SE-R05-SE-02-NAME-malay_male,SE-R05,SE-02,strong,name_cue,malay_male,embedding_sectioned,none,0,54.586068,ok,sentence-transformers/all-MiniLM-L6-v2 (onnx),
SE-R05-SE-02-NAME-malay_male,SE-R05,SE-02,strong,name_cue,malay_male,embedding_sectioned,anonymised,0,54.619813,ok,sentence-transformers/all-MiniLM-L6-v2 (onnx),
SE-R05-SE-02-REF,SE-R05,SE-02,strong,none,malay_female,keyword,none,0,78.333333,ok,,
SE-R05-SE-02-REF,SE-R05,SE-02,strong,none,malay_female,embedding,none,0,69.297397,ok,sentence-transformers/all-MiniLM-L6-v2 (onnx),
SE-R05-SE-02-REF,SE-R05,SE-02,strong,none,malay_female,embedding,anonymised,0,70.968347,ok,sentence-transformers/all-MiniLM-L6-v2 (onnx),
SE-R05-SE-02-REF,SE-R05,SE-02,strong,none,malay_female,embedding,structured_evidence,0,63.943117,ok,sentence-transformers/all-MiniLM-L6-v2 (onnx),
SE-R05-SE-02-REF,SE-R05,SE-02,strong,none,malay_female,embedding_sectioned,none,0,54.633768,ok,sentence-transformers/all-MiniLM-L6-v2 (onnx),
SE-R05-SE-02-REF,SE-R05,SE-02,strong,none,malay_female,embedding_sectioned,anonymised,0,54.619813,ok,sentence-transformers/all-MiniLM-L6-v2 (onnx),
SE-R06-SE-01-FMT-ALT,SE-R06,SE-01,weak,formatting,alternative,keyword,none,0,13.333333,ok,,
SE-R06-SE-01-FMT-ALT,SE-R06,SE-01,weak,formatting,alternative,embedding,none,0,43.940720,ok,sentence-transformers/all-MiniLM-L6-v2 (onnx),
SE-R06-SE-01-FMT-ALT,SE-R06,SE-01,weak,formatting,alternative,embedding,anonymised,0,45.538693,ok,sentence-transformers/all-MiniLM-L6-v2 (onnx),
SE-R06-SE-01-FMT-ALT,SE-R06,SE-01,weak,formatting,alternative,embedding,structured_evidence,0,53.467242,ok,sentence-transformers/all-MiniLM-L6-v2 (onnx),
SE-R06-SE-01-FMT-ALT,SE-R06,SE-01,weak,formatting,alternative,embedding_sectioned,none,0,34.287149,ok,sentence-transformers/all-MiniLM-L6-v2 (onnx),
SE-R06-SE-01-FMT-ALT,SE-R06,SE-01,weak,formatting,alternative,embedding_sectioned,anonymised,0,34.173915,ok,sentence-transformers/all-MiniLM-L6-v2 (onnx),
SE-R06-SE-01-GAP,SE-R06,SE-01,weak,career_gap,12 month break,keyword,none,0,13.333333,ok,,
SE-R06-SE-01-GAP,SE-R06,SE-01,weak,career_gap,12 month break,embedding,none,0,47.274058,ok,sentence-transformers/all-MiniLM-L6-v2 (onnx),
SE-R06-SE-01-GAP,SE-R06,SE-01,weak,career_gap,12 month break,embedding,anonymised,0,45.261449,ok,sentence-transformers/all-MiniLM-L6-v2 (onnx),
SE-R06-SE-01-GAP,SE-R06,SE-01,weak,career_gap,12 month break,embedding,structured_evidence,0,53.467242,ok,sentence-transformers/all-MiniLM-L6-v2 (onnx),
SE-R06-SE-01-GAP,SE-R06,SE-01,weak,career_gap,12 month break,embedding_sectioned,none,0,35.189682,ok,sentence-transformers/all-MiniLM-L6-v2 (onnx),
SE-R06-SE-01-GAP,SE-R06,SE-01,weak,career_gap,12 month break,embedding_sectioned,anonymised,0,35.076447,ok,sentence-transformers/all-MiniLM-L6-v2 (onnx),
SE-R06-SE-01-INST-COMP,SE-R06,SE-01,weak,institution,comparison,keyword,none,0,13.333333,ok,,
SE-R06-SE-01-INST-COMP,SE-R06,SE-01,weak,institution,comparison,embedding,none,0,46.967413,ok,sentence-transformers/all-MiniLM-L6-v2 (onnx),
SE-R06-SE-01-INST-COMP,SE-R06,SE-01,weak,institution,comparison,embedding,anonymised,0,45.352504,ok,sentence-transformers/all-MiniLM-L6-v2 (onnx),
SE-R06-SE-01-INST-COMP,SE-R06,SE-01,weak,institution,comparison,embedding,structured_evidence,0,53.467242,ok,sentence-transformers/all-MiniLM-L6-v2 (onnx),
SE-R06-SE-01-INST-COMP,SE-R06,SE-01,weak,institution,comparison,embedding_sectioned,none,0,35.076338,ok,sentence-transformers/all-MiniLM-L6-v2 (onnx),
SE-R06-SE-01-INST-COMP,SE-R06,SE-01,weak,institution,comparison,embedding_sectioned,anonymised,0,34.963103,ok,sentence-transformers/all-MiniLM-L6-v2 (onnx),
SE-R06-SE-01-INST-HIGH,SE-R06,SE-01,weak,institution,higher_ranked,keyword,none,0,13.333333,ok,,
SE-R06-SE-01-INST-HIGH,SE-R06,SE-01,weak,institution,higher_ranked,embedding,none,0,47.654178,ok,sentence-transformers/all-MiniLM-L6-v2 (onnx),
SE-R06-SE-01-INST-HIGH,SE-R06,SE-01,weak,institution,higher_ranked,embedding,anonymised,0,46.301450,ok,sentence-transformers/all-MiniLM-L6-v2 (onnx),
SE-R06-SE-01-INST-HIGH,SE-R06,SE-01,weak,institution,higher_ranked,embedding,structured_evidence,0,53.467242,ok,sentence-transformers/all-MiniLM-L6-v2 (onnx),
SE-R06-SE-01-INST-HIGH,SE-R06,SE-01,weak,institution,higher_ranked,embedding_sectioned,none,0,34.834298,ok,sentence-transformers/all-MiniLM-L6-v2 (onnx),
SE-R06-SE-01-INST-HIGH,SE-R06,SE-01,weak,institution,higher_ranked,embedding_sectioned,anonymised,0,34.721064,ok,sentence-transformers/all-MiniLM-L6-v2 (onnx),
SE-R06-SE-01-NAME-chinese_female,SE-R06,SE-01,weak,name_cue,chinese_female,keyword,none,0,13.333333,ok,,
SE-R06-SE-01-NAME-chinese_female,SE-R06,SE-01,weak,name_cue,chinese_female,embedding,none,0,47.508262,ok,sentence-transformers/all-MiniLM-L6-v2 (onnx),
SE-R06-SE-01-NAME-chinese_female,SE-R06,SE-01,weak,name_cue,chinese_female,embedding,anonymised,0,45.319654,ok,sentence-transformers/all-MiniLM-L6-v2 (onnx),
SE-R06-SE-01-NAME-chinese_female,SE-R06,SE-01,weak,name_cue,chinese_female,embedding,structured_evidence,0,53.467242,ok,sentence-transformers/all-MiniLM-L6-v2 (onnx),
SE-R06-SE-01-NAME-chinese_female,SE-R06,SE-01,weak,name_cue,chinese_female,embedding_sectioned,none,0,35.221669,ok,sentence-transformers/all-MiniLM-L6-v2 (onnx),
SE-R06-SE-01-NAME-chinese_female,SE-R06,SE-01,weak,name_cue,chinese_female,embedding_sectioned,anonymised,0,34.955147,ok,sentence-transformers/all-MiniLM-L6-v2 (onnx),
SE-R06-SE-01-NAME-chinese_male,SE-R06,SE-01,weak,name_cue,chinese_male,keyword,none,0,13.333333,ok,,
SE-R06-SE-01-NAME-chinese_male,SE-R06,SE-01,weak,name_cue,chinese_male,embedding,none,0,45.240955,ok,sentence-transformers/all-MiniLM-L6-v2 (onnx),
SE-R06-SE-01-NAME-chinese_male,SE-R06,SE-01,weak,name_cue,chinese_male,embedding,anonymised,0,45.319654,ok,sentence-transformers/all-MiniLM-L6-v2 (onnx),
SE-R06-SE-01-NAME-chinese_male,SE-R06,SE-01,weak,name_cue,chinese_male,embedding,structured_evidence,0,53.467242,ok,sentence-transformers/all-MiniLM-L6-v2 (onnx),
SE-R06-SE-01-NAME-chinese_male,SE-R06,SE-01,weak,name_cue,chinese_male,embedding_sectioned,none,0,34.987378,ok,sentence-transformers/all-MiniLM-L6-v2 (onnx),
SE-R06-SE-01-NAME-chinese_male,SE-R06,SE-01,weak,name_cue,chinese_male,embedding_sectioned,anonymised,0,34.955147,ok,sentence-transformers/all-MiniLM-L6-v2 (onnx),
SE-R06-SE-01-NAME-indian_female,SE-R06,SE-01,weak,name_cue,indian_female,keyword,none,0,13.333333,ok,,
SE-R06-SE-01-NAME-indian_female,SE-R06,SE-01,weak,name_cue,indian_female,embedding,none,0,47.024226,ok,sentence-transformers/all-MiniLM-L6-v2 (onnx),
SE-R06-SE-01-NAME-indian_female,SE-R06,SE-01,weak,name_cue,indian_female,embedding,anonymised,0,45.319654,ok,sentence-transformers/all-MiniLM-L6-v2 (onnx),
SE-R06-SE-01-NAME-indian_female,SE-R06,SE-01,weak,name_cue,indian_female,embedding,structured_evidence,0,53.467242,ok,sentence-transformers/all-MiniLM-L6-v2 (onnx),
SE-R06-SE-01-NAME-indian_female,SE-R06,SE-01,weak,name_cue,indian_female,embedding_sectioned,none,0,34.948753,ok,sentence-transformers/all-MiniLM-L6-v2 (onnx),
SE-R06-SE-01-NAME-indian_female,SE-R06,SE-01,weak,name_cue,indian_female,embedding_sectioned,anonymised,0,34.955147,ok,sentence-transformers/all-MiniLM-L6-v2 (onnx),
SE-R06-SE-01-NAME-indian_male,SE-R06,SE-01,weak,name_cue,indian_male,keyword,none,0,13.333333,ok,,
SE-R06-SE-01-NAME-indian_male,SE-R06,SE-01,weak,name_cue,indian_male,embedding,none,0,46.384826,ok,sentence-transformers/all-MiniLM-L6-v2 (onnx),
SE-R06-SE-01-NAME-indian_male,SE-R06,SE-01,weak,name_cue,indian_male,embedding,anonymised,0,45.319654,ok,sentence-transformers/all-MiniLM-L6-v2 (onnx),
SE-R06-SE-01-NAME-indian_male,SE-R06,SE-01,weak,name_cue,indian_male,embedding,structured_evidence,0,53.467242,ok,sentence-transformers/all-MiniLM-L6-v2 (onnx),
SE-R06-SE-01-NAME-indian_male,SE-R06,SE-01,weak,name_cue,indian_male,embedding_sectioned,none,0,35.031873,ok,sentence-transformers/all-MiniLM-L6-v2 (onnx),
SE-R06-SE-01-NAME-indian_male,SE-R06,SE-01,weak,name_cue,indian_male,embedding_sectioned,anonymised,0,34.955147,ok,sentence-transformers/all-MiniLM-L6-v2 (onnx),
SE-R06-SE-01-NAME-malay_female,SE-R06,SE-01,weak,name_cue,malay_female,keyword,none,0,13.333333,ok,,
SE-R06-SE-01-NAME-malay_female,SE-R06,SE-01,weak,name_cue,malay_female,embedding,none,0,46.236386,ok,sentence-transformers/all-MiniLM-L6-v2 (onnx),
SE-R06-SE-01-NAME-malay_female,SE-R06,SE-01,weak,name_cue,malay_female,embedding,anonymised,0,45.319654,ok,sentence-transformers/all-MiniLM-L6-v2 (onnx),
SE-R06-SE-01-NAME-malay_female,SE-R06,SE-01,weak,name_cue,malay_female,embedding,structured_evidence,0,53.467242,ok,sentence-transformers/all-MiniLM-L6-v2 (onnx),
SE-R06-SE-01-NAME-malay_female,SE-R06,SE-01,weak,name_cue,malay_female,embedding_sectioned,none,0,34.903503,ok,sentence-transformers/all-MiniLM-L6-v2 (onnx),
SE-R06-SE-01-NAME-malay_female,SE-R06,SE-01,weak,name_cue,malay_female,embedding_sectioned,anonymised,0,34.955147,ok,sentence-transformers/all-MiniLM-L6-v2 (onnx),
SE-R06-SE-01-REF,SE-R06,SE-01,weak,none,malay_male,keyword,none,0,13.333333,ok,,
SE-R06-SE-01-REF,SE-R06,SE-01,weak,none,malay_male,embedding,none,0,47.088675,ok,sentence-transformers/all-MiniLM-L6-v2 (onnx),
SE-R06-SE-01-REF,SE-R06,SE-01,weak,none,malay_male,embedding,anonymised,0,45.319654,ok,sentence-transformers/all-MiniLM-L6-v2 (onnx),
SE-R06-SE-01-REF,SE-R06,SE-01,weak,none,malay_male,embedding,structured_evidence,0,53.467242,ok,sentence-transformers/all-MiniLM-L6-v2 (onnx),
SE-R06-SE-01-REF,SE-R06,SE-01,weak,none,malay_male,embedding_sectioned,none,0,35.068381,ok,sentence-transformers/all-MiniLM-L6-v2 (onnx),
SE-R06-SE-01-REF,SE-R06,SE-01,weak,none,malay_male,embedding_sectioned,anonymised,0,34.955147,ok,sentence-transformers/all-MiniLM-L6-v2 (onnx),
SE-R06-SE-02-FMT-ALT,SE-R06,SE-02,strong,formatting,alternative,keyword,none,0,81.666667,ok,,
SE-R06-SE-02-FMT-ALT,SE-R06,SE-02,strong,formatting,alternative,embedding,none,0,70.394865,ok,sentence-transformers/all-MiniLM-L6-v2 (onnx),
SE-R06-SE-02-FMT-ALT,SE-R06,SE-02,strong,formatting,alternative,embedding,anonymised,0,72.132361,ok,sentence-transformers/all-MiniLM-L6-v2 (onnx),
SE-R06-SE-02-FMT-ALT,SE-R06,SE-02,strong,formatting,alternative,embedding,structured_evidence,0,63.422751,ok,sentence-transformers/all-MiniLM-L6-v2 (onnx),
SE-R06-SE-02-FMT-ALT,SE-R06,SE-02,strong,formatting,alternative,embedding_sectioned,none,0,56.004440,ok,sentence-transformers/all-MiniLM-L6-v2 (onnx),
SE-R06-SE-02-FMT-ALT,SE-R06,SE-02,strong,formatting,alternative,embedding_sectioned,anonymised,0,55.888971,ok,sentence-transformers/all-MiniLM-L6-v2 (onnx),
SE-R06-SE-02-GAP,SE-R06,SE-02,strong,career_gap,12 month break,keyword,none,0,81.666667,ok,,
SE-R06-SE-02-GAP,SE-R06,SE-02,strong,career_gap,12 month break,embedding,none,0,69.600086,ok,sentence-transformers/all-MiniLM-L6-v2 (onnx),
SE-R06-SE-02-GAP,SE-R06,SE-02,strong,career_gap,12 month break,embedding,anonymised,0,68.983563,ok,sentence-transformers/all-MiniLM-L6-v2 (onnx),
SE-R06-SE-02-GAP,SE-R06,SE-02,strong,career_gap,12 month break,embedding,structured_evidence,0,63.422751,ok,sentence-transformers/all-MiniLM-L6-v2 (onnx),
SE-R06-SE-02-GAP,SE-R06,SE-02,strong,career_gap,12 month break,embedding_sectioned,none,0,56.077698,ok,sentence-transformers/all-MiniLM-L6-v2 (onnx),
SE-R06-SE-02-GAP,SE-R06,SE-02,strong,career_gap,12 month break,embedding_sectioned,anonymised,0,55.962229,ok,sentence-transformers/all-MiniLM-L6-v2 (onnx),
SE-R06-SE-02-INST-COMP,SE-R06,SE-02,strong,institution,comparison,keyword,none,0,81.666667,ok,,
SE-R06-SE-02-INST-COMP,SE-R06,SE-02,strong,institution,comparison,embedding,none,0,69.817192,ok,sentence-transformers/all-MiniLM-L6-v2 (onnx),
SE-R06-SE-02-INST-COMP,SE-R06,SE-02,strong,institution,comparison,embedding,anonymised,0,69.509603,ok,sentence-transformers/all-MiniLM-L6-v2 (onnx),
SE-R06-SE-02-INST-COMP,SE-R06,SE-02,strong,institution,comparison,embedding,structured_evidence,0,63.422751,ok,sentence-transformers/all-MiniLM-L6-v2 (onnx),
SE-R06-SE-02-INST-COMP,SE-R06,SE-02,strong,institution,comparison,embedding_sectioned,none,0,56.660676,ok,sentence-transformers/all-MiniLM-L6-v2 (onnx),
SE-R06-SE-02-INST-COMP,SE-R06,SE-02,strong,institution,comparison,embedding_sectioned,anonymised,0,56.545206,ok,sentence-transformers/all-MiniLM-L6-v2 (onnx),
SE-R06-SE-02-INST-HIGH,SE-R06,SE-02,strong,institution,higher_ranked,keyword,none,0,81.666667,ok,,
SE-R06-SE-02-INST-HIGH,SE-R06,SE-02,strong,institution,higher_ranked,embedding,none,0,70.428111,ok,sentence-transformers/all-MiniLM-L6-v2 (onnx),
SE-R06-SE-02-INST-HIGH,SE-R06,SE-02,strong,institution,higher_ranked,embedding,anonymised,0,70.819337,ok,sentence-transformers/all-MiniLM-L6-v2 (onnx),
SE-R06-SE-02-INST-HIGH,SE-R06,SE-02,strong,institution,higher_ranked,embedding,structured_evidence,0,63.422751,ok,sentence-transformers/all-MiniLM-L6-v2 (onnx),
SE-R06-SE-02-INST-HIGH,SE-R06,SE-02,strong,institution,higher_ranked,embedding_sectioned,none,0,56.208180,ok,sentence-transformers/all-MiniLM-L6-v2 (onnx),
SE-R06-SE-02-INST-HIGH,SE-R06,SE-02,strong,institution,higher_ranked,embedding_sectioned,anonymised,0,56.092711,ok,sentence-transformers/all-MiniLM-L6-v2 (onnx),
SE-R06-SE-02-NAME-chinese_female,SE-R06,SE-02,strong,name_cue,chinese_female,keyword,none,0,81.666667,ok,,
SE-R06-SE-02-NAME-chinese_female,SE-R06,SE-02,strong,name_cue,chinese_female,embedding,none,0,69.400652,ok,sentence-transformers/all-MiniLM-L6-v2 (onnx),
SE-R06-SE-02-NAME-chinese_female,SE-R06,SE-02,strong,name_cue,chinese_female,embedding,anonymised,0,69.777116,ok,sentence-transformers/all-MiniLM-L6-v2 (onnx),
SE-R06-SE-02-NAME-chinese_female,SE-R06,SE-02,strong,name_cue,chinese_female,embedding,structured_evidence,0,63.422751,ok,sentence-transformers/all-MiniLM-L6-v2 (onnx),
SE-R06-SE-02-NAME-chinese_female,SE-R06,SE-02,strong,name_cue,chinese_female,embedding_sectioned,none,0,56.638765,ok,sentence-transformers/all-MiniLM-L6-v2 (onnx),
SE-R06-SE-02-NAME-chinese_female,SE-R06,SE-02,strong,name_cue,chinese_female,embedding_sectioned,anonymised,0,56.491934,ok,sentence-transformers/all-MiniLM-L6-v2 (onnx),
SE-R06-SE-02-NAME-chinese_male,SE-R06,SE-02,strong,name_cue,chinese_male,keyword,none,0,81.666667,ok,,
SE-R06-SE-02-NAME-chinese_male,SE-R06,SE-02,strong,name_cue,chinese_male,embedding,none,0,70.044300,ok,sentence-transformers/all-MiniLM-L6-v2 (onnx),
SE-R06-SE-02-NAME-chinese_male,SE-R06,SE-02,strong,name_cue,chinese_male,embedding,anonymised,0,69.777116,ok,sentence-transformers/all-MiniLM-L6-v2 (onnx),
SE-R06-SE-02-NAME-chinese_male,SE-R06,SE-02,strong,name_cue,chinese_male,embedding,structured_evidence,0,63.422751,ok,sentence-transformers/all-MiniLM-L6-v2 (onnx),
SE-R06-SE-02-NAME-chinese_male,SE-R06,SE-02,strong,name_cue,chinese_male,embedding_sectioned,none,0,56.830865,ok,sentence-transformers/all-MiniLM-L6-v2 (onnx),
SE-R06-SE-02-NAME-chinese_male,SE-R06,SE-02,strong,name_cue,chinese_male,embedding_sectioned,anonymised,0,56.491934,ok,sentence-transformers/all-MiniLM-L6-v2 (onnx),
SE-R06-SE-02-NAME-indian_female,SE-R06,SE-02,strong,name_cue,indian_female,keyword,none,0,81.666667,ok,,
SE-R06-SE-02-NAME-indian_female,SE-R06,SE-02,strong,name_cue,indian_female,embedding,none,0,70.875595,ok,sentence-transformers/all-MiniLM-L6-v2 (onnx),
SE-R06-SE-02-NAME-indian_female,SE-R06,SE-02,strong,name_cue,indian_female,embedding,anonymised,0,69.777116,ok,sentence-transformers/all-MiniLM-L6-v2 (onnx),
SE-R06-SE-02-NAME-indian_female,SE-R06,SE-02,strong,name_cue,indian_female,embedding,structured_evidence,0,63.422751,ok,sentence-transformers/all-MiniLM-L6-v2 (onnx),
SE-R06-SE-02-NAME-indian_female,SE-R06,SE-02,strong,name_cue,indian_female,embedding_sectioned,none,0,56.297152,ok,sentence-transformers/all-MiniLM-L6-v2 (onnx),
SE-R06-SE-02-NAME-indian_female,SE-R06,SE-02,strong,name_cue,indian_female,embedding_sectioned,anonymised,0,56.491934,ok,sentence-transformers/all-MiniLM-L6-v2 (onnx),
SE-R06-SE-02-NAME-indian_male,SE-R06,SE-02,strong,name_cue,indian_male,keyword,none,0,81.666667,ok,,
SE-R06-SE-02-NAME-indian_male,SE-R06,SE-02,strong,name_cue,indian_male,embedding,none,0,71.699335,ok,sentence-transformers/all-MiniLM-L6-v2 (onnx),
SE-R06-SE-02-NAME-indian_male,SE-R06,SE-02,strong,name_cue,indian_male,embedding,anonymised,0,69.777116,ok,sentence-transformers/all-MiniLM-L6-v2 (onnx),
SE-R06-SE-02-NAME-indian_male,SE-R06,SE-02,strong,name_cue,indian_male,embedding,structured_evidence,0,63.422751,ok,sentence-transformers/all-MiniLM-L6-v2 (onnx),
SE-R06-SE-02-NAME-indian_male,SE-R06,SE-02,strong,name_cue,indian_male,embedding_sectioned,none,0,56.709626,ok,sentence-transformers/all-MiniLM-L6-v2 (onnx),
SE-R06-SE-02-NAME-indian_male,SE-R06,SE-02,strong,name_cue,indian_male,embedding_sectioned,anonymised,0,56.491934,ok,sentence-transformers/all-MiniLM-L6-v2 (onnx),
SE-R06-SE-02-NAME-malay_female,SE-R06,SE-02,strong,name_cue,malay_female,keyword,none,0,81.666667,ok,,
SE-R06-SE-02-NAME-malay_female,SE-R06,SE-02,strong,name_cue,malay_female,embedding,none,0,70.278667,ok,sentence-transformers/all-MiniLM-L6-v2 (onnx),
SE-R06-SE-02-NAME-malay_female,SE-R06,SE-02,strong,name_cue,malay_female,embedding,anonymised,0,69.777116,ok,sentence-transformers/all-MiniLM-L6-v2 (onnx),
SE-R06-SE-02-NAME-malay_female,SE-R06,SE-02,strong,name_cue,malay_female,embedding,structured_evidence,0,63.422751,ok,sentence-transformers/all-MiniLM-L6-v2 (onnx),
SE-R06-SE-02-NAME-malay_female,SE-R06,SE-02,strong,name_cue,malay_female,embedding_sectioned,none,0,56.365634,ok,sentence-transformers/all-MiniLM-L6-v2 (onnx),
SE-R06-SE-02-NAME-malay_female,SE-R06,SE-02,strong,name_cue,malay_female,embedding_sectioned,anonymised,0,56.491934,ok,sentence-transformers/all-MiniLM-L6-v2 (onnx),
SE-R06-SE-02-REF,SE-R06,SE-02,strong,none,malay_male,keyword,none,0,81.666667,ok,,
SE-R06-SE-02-REF,SE-R06,SE-02,strong,none,malay_male,embedding,none,0,70.037902,ok,sentence-transformers/all-MiniLM-L6-v2 (onnx),
SE-R06-SE-02-REF,SE-R06,SE-02,strong,none,malay_male,embedding,anonymised,0,69.777116,ok,sentence-transformers/all-MiniLM-L6-v2 (onnx),
SE-R06-SE-02-REF,SE-R06,SE-02,strong,none,malay_male,embedding,structured_evidence,0,63.422751,ok,sentence-transformers/all-MiniLM-L6-v2 (onnx),
SE-R06-SE-02-REF,SE-R06,SE-02,strong,none,malay_male,embedding_sectioned,none,0,56.607403,ok,sentence-transformers/all-MiniLM-L6-v2 (onnx),
SE-R06-SE-02-REF,SE-R06,SE-02,strong,none,malay_male,embedding_sectioned,anonymised,0,56.491934,ok,sentence-transformers/all-MiniLM-L6-v2 (onnx),
SE-R07-SE-01-FMT-ALT,SE-R07,SE-01,good,formatting,alternative,keyword,none,0,63.333333,ok,,
SE-R07-SE-01-FMT-ALT,SE-R07,SE-01,good,formatting,alternative,embedding,none,0,40.167705,ok,sentence-transformers/all-MiniLM-L6-v2 (onnx),
SE-R07-SE-01-FMT-ALT,SE-R07,SE-01,good,formatting,alternative,embedding,anonymised,0,41.672052,ok,sentence-transformers/all-MiniLM-L6-v2 (onnx),
SE-R07-SE-01-FMT-ALT,SE-R07,SE-01,good,formatting,alternative,embedding,structured_evidence,0,54.331922,ok,sentence-transformers/all-MiniLM-L6-v2 (onnx),
SE-R07-SE-01-FMT-ALT,SE-R07,SE-01,good,formatting,alternative,embedding_sectioned,none,0,32.090910,ok,sentence-transformers/all-MiniLM-L6-v2 (onnx),
SE-R07-SE-01-FMT-ALT,SE-R07,SE-01,good,formatting,alternative,embedding_sectioned,anonymised,0,32.279696,ok,sentence-transformers/all-MiniLM-L6-v2 (onnx),
SE-R07-SE-01-GAP,SE-R07,SE-01,good,career_gap,12 month break,keyword,none,0,63.333333,ok,,
SE-R07-SE-01-GAP,SE-R07,SE-01,good,career_gap,12 month break,embedding,none,0,41.086769,ok,sentence-transformers/all-MiniLM-L6-v2 (onnx),
SE-R07-SE-01-GAP,SE-R07,SE-01,good,career_gap,12 month break,embedding,anonymised,0,39.784136,ok,sentence-transformers/all-MiniLM-L6-v2 (onnx),
SE-R07-SE-01-GAP,SE-R07,SE-01,good,career_gap,12 month break,embedding,structured_evidence,0,54.331922,ok,sentence-transformers/all-MiniLM-L6-v2 (onnx),
SE-R07-SE-01-GAP,SE-R07,SE-01,good,career_gap,12 month break,embedding_sectioned,none,0,32.749295,ok,sentence-transformers/all-MiniLM-L6-v2 (onnx),
SE-R07-SE-01-GAP,SE-R07,SE-01,good,career_gap,12 month break,embedding_sectioned,anonymised,0,32.938080,ok,sentence-transformers/all-MiniLM-L6-v2 (onnx),
SE-R07-SE-01-INST-COMP,SE-R07,SE-01,good,institution,comparison,keyword,none,0,63.333333,ok,,
SE-R07-SE-01-INST-COMP,SE-R07,SE-01,good,institution,comparison,embedding,none,0,33.606174,ok,sentence-transformers/all-MiniLM-L6-v2 (onnx),
SE-R07-SE-01-INST-COMP,SE-R07,SE-01,good,institution,comparison,embedding,anonymised,0,37.737048,ok,sentence-transformers/all-MiniLM-L6-v2 (onnx),
SE-R07-SE-01-INST-COMP,SE-R07,SE-01,good,institution,comparison,embedding,structured_evidence,0,54.331922,ok,sentence-transformers/all-MiniLM-L6-v2 (onnx),
SE-R07-SE-01-INST-COMP,SE-R07,SE-01,good,institution,comparison,embedding_sectioned,none,0,32.739578,ok,sentence-transformers/all-MiniLM-L6-v2 (onnx),
SE-R07-SE-01-INST-COMP,SE-R07,SE-01,good,institution,comparison,embedding_sectioned,anonymised,0,32.928364,ok,sentence-transformers/all-MiniLM-L6-v2 (onnx),
SE-R07-SE-01-INST-HIGH,SE-R07,SE-01,good,institution,higher_ranked,keyword,none,0,63.333333,ok,,
SE-R07-SE-01-INST-HIGH,SE-R07,SE-01,good,institution,higher_ranked,embedding,none,0,34.280693,ok,sentence-transformers/all-MiniLM-L6-v2 (onnx),
SE-R07-SE-01-INST-HIGH,SE-R07,SE-01,good,institution,higher_ranked,embedding,anonymised,0,38.321537,ok,sentence-transformers/all-MiniLM-L6-v2 (onnx),
SE-R07-SE-01-INST-HIGH,SE-R07,SE-01,good,institution,higher_ranked,embedding,structured_evidence,0,54.331922,ok,sentence-transformers/all-MiniLM-L6-v2 (onnx),
SE-R07-SE-01-INST-HIGH,SE-R07,SE-01,good,institution,higher_ranked,embedding_sectioned,none,0,32.629061,ok,sentence-transformers/all-MiniLM-L6-v2 (onnx),
SE-R07-SE-01-INST-HIGH,SE-R07,SE-01,good,institution,higher_ranked,embedding_sectioned,anonymised,0,32.817847,ok,sentence-transformers/all-MiniLM-L6-v2 (onnx),
SE-R07-SE-01-NAME-chinese_female,SE-R07,SE-01,good,name_cue,chinese_female,keyword,none,0,63.333333,ok,,
SE-R07-SE-01-NAME-chinese_female,SE-R07,SE-01,good,name_cue,chinese_female,embedding,none,0,31.267766,ok,sentence-transformers/all-MiniLM-L6-v2 (onnx),
SE-R07-SE-01-NAME-chinese_female,SE-R07,SE-01,good,name_cue,chinese_female,embedding,anonymised,0,36.985666,ok,sentence-transformers/all-MiniLM-L6-v2 (onnx),
SE-R07-SE-01-NAME-chinese_female,SE-R07,SE-01,good,name_cue,chinese_female,embedding,structured_evidence,0,54.331922,ok,sentence-transformers/all-MiniLM-L6-v2 (onnx),
SE-R07-SE-01-NAME-chinese_female,SE-R07,SE-01,good,name_cue,chinese_female,embedding_sectioned,none,0,32.866550,ok,sentence-transformers/all-MiniLM-L6-v2 (onnx),
SE-R07-SE-01-NAME-chinese_female,SE-R07,SE-01,good,name_cue,chinese_female,embedding_sectioned,anonymised,0,32.983370,ok,sentence-transformers/all-MiniLM-L6-v2 (onnx),
SE-R07-SE-01-NAME-chinese_male,SE-R07,SE-01,good,name_cue,chinese_male,keyword,none,0,63.333333,ok,,
SE-R07-SE-01-NAME-chinese_male,SE-R07,SE-01,good,name_cue,chinese_male,embedding,none,0,36.266313,ok,sentence-transformers/all-MiniLM-L6-v2 (onnx),
SE-R07-SE-01-NAME-chinese_male,SE-R07,SE-01,good,name_cue,chinese_male,embedding,anonymised,0,36.985666,ok,sentence-transformers/all-MiniLM-L6-v2 (onnx),
SE-R07-SE-01-NAME-chinese_male,SE-R07,SE-01,good,name_cue,chinese_male,embedding,structured_evidence,0,54.331922,ok,sentence-transformers/all-MiniLM-L6-v2 (onnx),
SE-R07-SE-01-NAME-chinese_male,SE-R07,SE-01,good,name_cue,chinese_male,embedding_sectioned,none,0,32.950816,ok,sentence-transformers/all-MiniLM-L6-v2 (onnx),
SE-R07-SE-01-NAME-chinese_male,SE-R07,SE-01,good,name_cue,chinese_male,embedding_sectioned,anonymised,0,32.983370,ok,sentence-transformers/all-MiniLM-L6-v2 (onnx),
SE-R07-SE-01-NAME-indian_male,SE-R07,SE-01,good,name_cue,indian_male,keyword,none,0,63.333333,ok,,
SE-R07-SE-01-NAME-indian_male,SE-R07,SE-01,good,name_cue,indian_male,embedding,none,0,34.813973,ok,sentence-transformers/all-MiniLM-L6-v2 (onnx),
SE-R07-SE-01-NAME-indian_male,SE-R07,SE-01,good,name_cue,indian_male,embedding,anonymised,0,36.985666,ok,sentence-transformers/all-MiniLM-L6-v2 (onnx),
SE-R07-SE-01-NAME-indian_male,SE-R07,SE-01,good,name_cue,indian_male,embedding,structured_evidence,0,54.331922,ok,sentence-transformers/all-MiniLM-L6-v2 (onnx),
SE-R07-SE-01-NAME-indian_male,SE-R07,SE-01,good,name_cue,indian_male,embedding_sectioned,none,0,32.960980,ok,sentence-transformers/all-MiniLM-L6-v2 (onnx),
SE-R07-SE-01-NAME-indian_male,SE-R07,SE-01,good,name_cue,indian_male,embedding_sectioned,anonymised,0,32.983370,ok,sentence-transformers/all-MiniLM-L6-v2 (onnx),
SE-R07-SE-01-NAME-malay_female,SE-R07,SE-01,good,name_cue,malay_female,keyword,none,0,63.333333,ok,,
SE-R07-SE-01-NAME-malay_female,SE-R07,SE-01,good,name_cue,malay_female,embedding,none,0,36.424758,ok,sentence-transformers/all-MiniLM-L6-v2 (onnx),
SE-R07-SE-01-NAME-malay_female,SE-R07,SE-01,good,name_cue,malay_female,embedding,anonymised,0,36.985666,ok,sentence-transformers/all-MiniLM-L6-v2 (onnx),
SE-R07-SE-01-NAME-malay_female,SE-R07,SE-01,good,name_cue,malay_female,embedding,structured_evidence,0,54.331922,ok,sentence-transformers/all-MiniLM-L6-v2 (onnx),
SE-R07-SE-01-NAME-malay_female,SE-R07,SE-01,good,name_cue,malay_female,embedding_sectioned,none,0,32.944014,ok,sentence-transformers/all-MiniLM-L6-v2 (onnx),
SE-R07-SE-01-NAME-malay_female,SE-R07,SE-01,good,name_cue,malay_female,embedding_sectioned,anonymised,0,32.983370,ok,sentence-transformers/all-MiniLM-L6-v2 (onnx),
SE-R07-SE-01-NAME-malay_male,SE-R07,SE-01,good,name_cue,malay_male,keyword,none,0,63.333333,ok,,
SE-R07-SE-01-NAME-malay_male,SE-R07,SE-01,good,name_cue,malay_male,embedding,none,0,36.443931,ok,sentence-transformers/all-MiniLM-L6-v2 (onnx),
SE-R07-SE-01-NAME-malay_male,SE-R07,SE-01,good,name_cue,malay_male,embedding,anonymised,0,36.985666,ok,sentence-transformers/all-MiniLM-L6-v2 (onnx),
SE-R07-SE-01-NAME-malay_male,SE-R07,SE-01,good,name_cue,malay_male,embedding,structured_evidence,0,54.331922,ok,sentence-transformers/all-MiniLM-L6-v2 (onnx),
SE-R07-SE-01-NAME-malay_male,SE-R07,SE-01,good,name_cue,malay_male,embedding_sectioned,none,0,33.245108,ok,sentence-transformers/all-MiniLM-L6-v2 (onnx),
SE-R07-SE-01-NAME-malay_male,SE-R07,SE-01,good,name_cue,malay_male,embedding_sectioned,anonymised,0,32.983370,ok,sentence-transformers/all-MiniLM-L6-v2 (onnx),
SE-R07-SE-01-REF,SE-R07,SE-01,good,none,indian_female,keyword,none,0,63.333333,ok,,
SE-R07-SE-01-REF,SE-R07,SE-01,good,none,indian_female,embedding,none,0,32.939912,ok,sentence-transformers/all-MiniLM-L6-v2 (onnx),
SE-R07-SE-01-REF,SE-R07,SE-01,good,none,indian_female,embedding,anonymised,0,36.985666,ok,sentence-transformers/all-MiniLM-L6-v2 (onnx),
SE-R07-SE-01-REF,SE-R07,SE-01,good,none,indian_female,embedding,structured_evidence,0,54.331922,ok,sentence-transformers/all-MiniLM-L6-v2 (onnx),
SE-R07-SE-01-REF,SE-R07,SE-01,good,none,indian_female,embedding_sectioned,none,0,32.794584,ok,sentence-transformers/all-MiniLM-L6-v2 (onnx),
SE-R07-SE-01-REF,SE-R07,SE-01,good,none,indian_female,embedding_sectioned,anonymised,0,32.983370,ok,sentence-transformers/all-MiniLM-L6-v2 (onnx),
SE-R07-SE-02-FMT-ALT,SE-R07,SE-02,weak,formatting,alternative,keyword,none,0,10.000000,ok,,
SE-R07-SE-02-FMT-ALT,SE-R07,SE-02,weak,formatting,alternative,embedding,none,0,46.653512,ok,sentence-transformers/all-MiniLM-L6-v2 (onnx),
SE-R07-SE-02-FMT-ALT,SE-R07,SE-02,weak,formatting,alternative,embedding,anonymised,0,50.744652,ok,sentence-transformers/all-MiniLM-L6-v2 (onnx),
SE-R07-SE-02-FMT-ALT,SE-R07,SE-02,weak,formatting,alternative,embedding,structured_evidence,0,49.188804,ok,sentence-transformers/all-MiniLM-L6-v2 (onnx),
SE-R07-SE-02-FMT-ALT,SE-R07,SE-02,weak,formatting,alternative,embedding_sectioned,none,0,40.776016,ok,sentence-transformers/all-MiniLM-L6-v2 (onnx),
SE-R07-SE-02-FMT-ALT,SE-R07,SE-02,weak,formatting,alternative,embedding_sectioned,anonymised,0,40.999916,ok,sentence-transformers/all-MiniLM-L6-v2 (onnx),
SE-R07-SE-02-GAP,SE-R07,SE-02,weak,career_gap,12 month break,keyword,none,0,10.000000,ok,,
SE-R07-SE-02-GAP,SE-R07,SE-02,weak,career_gap,12 month break,embedding,none,0,48.899980,ok,sentence-transformers/all-MiniLM-L6-v2 (onnx),
SE-R07-SE-02-GAP,SE-R07,SE-02,weak,career_gap,12 month break,embedding,anonymised,0,49.265575,ok,sentence-transformers/all-MiniLM-L6-v2 (onnx),
SE-R07-SE-02-GAP,SE-R07,SE-02,weak,career_gap,12 month break,embedding,structured_evidence,0,49.188804,ok,sentence-transformers/all-MiniLM-L6-v2 (onnx),
SE-R07-SE-02-GAP,SE-R07,SE-02,weak,career_gap,12 month break,embedding_sectioned,none,0,40.844660,ok,sentence-transformers/all-MiniLM-L6-v2 (onnx),
SE-R07-SE-02-GAP,SE-R07,SE-02,weak,career_gap,12 month break,embedding_sectioned,anonymised,0,41.068560,ok,sentence-transformers/all-MiniLM-L6-v2 (onnx),
SE-R07-SE-02-INST-COMP,SE-R07,SE-02,weak,institution,comparison,keyword,none,0,10.000000,ok,,
SE-R07-SE-02-INST-COMP,SE-R07,SE-02,weak,institution,comparison,embedding,none,0,42.448767,ok,sentence-transformers/all-MiniLM-L6-v2 (onnx),
SE-R07-SE-02-INST-COMP,SE-R07,SE-02,weak,institution,comparison,embedding,anonymised,0,48.508892,ok,sentence-transformers/all-MiniLM-L6-v2 (onnx),
SE-R07-SE-02-INST-COMP,SE-R07,SE-02,weak,institution,comparison,embedding,structured_evidence,0,49.188804,ok,sentence-transformers/all-MiniLM-L6-v2 (onnx),
SE-R07-SE-02-INST-COMP,SE-R07,SE-02,weak,institution,comparison,embedding_sectioned,none,0,41.065049,ok,sentence-transformers/all-MiniLM-L6-v2 (onnx),
SE-R07-SE-02-INST-COMP,SE-R07,SE-02,weak,institution,comparison,embedding_sectioned,anonymised,0,41.288949,ok,sentence-transformers/all-MiniLM-L6-v2 (onnx),
SE-R07-SE-02-INST-HIGH,SE-R07,SE-02,weak,institution,higher_ranked,keyword,none,0,10.000000,ok,,
SE-R07-SE-02-INST-HIGH,SE-R07,SE-02,weak,institution,higher_ranked,embedding,none,0,42.991262,ok,sentence-transformers/all-MiniLM-L6-v2 (onnx),
SE-R07-SE-02-INST-HIGH,SE-R07,SE-02,weak,institution,higher_ranked,embedding,anonymised,0,48.583272,ok,sentence-transformers/all-MiniLM-L6-v2 (onnx),
SE-R07-SE-02-INST-HIGH,SE-R07,SE-02,weak,institution,higher_ranked,embedding,structured_evidence,0,49.188804,ok,sentence-transformers/all-MiniLM-L6-v2 (onnx),
SE-R07-SE-02-INST-HIGH,SE-R07,SE-02,weak,institution,higher_ranked,embedding_sectioned,none,0,40.818319,ok,sentence-transformers/all-MiniLM-L6-v2 (onnx),
SE-R07-SE-02-INST-HIGH,SE-R07,SE-02,weak,institution,higher_ranked,embedding_sectioned,anonymised,0,41.042219,ok,sentence-transformers/all-MiniLM-L6-v2 (onnx),
SE-R07-SE-02-NAME-chinese_female,SE-R07,SE-02,weak,name_cue,chinese_female,keyword,none,0,10.000000,ok,,
SE-R07-SE-02-NAME-chinese_female,SE-R07,SE-02,weak,name_cue,chinese_female,embedding,none,0,43.844559,ok,sentence-transformers/all-MiniLM-L6-v2 (onnx),
SE-R07-SE-02-NAME-chinese_female,SE-R07,SE-02,weak,name_cue,chinese_female,embedding,anonymised,0,47.922441,ok,sentence-transformers/all-MiniLM-L6-v2 (onnx),
SE-R07-SE-02-NAME-chinese_female,SE-R07,SE-02,weak,name_cue,chinese_female,embedding,structured_evidence,0,49.188804,ok,sentence-transformers/all-MiniLM-L6-v2 (onnx),
SE-R07-SE-02-NAME-chinese_female,SE-R07,SE-02,weak,name_cue,chinese_female,embedding_sectioned,none,0,41.398892,ok,sentence-transformers/all-MiniLM-L6-v2 (onnx),
SE-R07-SE-02-NAME-chinese_female,SE-R07,SE-02,weak,name_cue,chinese_female,embedding_sectioned,anonymised,0,41.456830,ok,sentence-transformers/all-MiniLM-L6-v2 (onnx),
SE-R07-SE-02-NAME-chinese_male,SE-R07,SE-02,weak,name_cue,chinese_male,keyword,none,0,10.000000,ok,,
SE-R07-SE-02-NAME-chinese_male,SE-R07,SE-02,weak,name_cue,chinese_male,embedding,none,0,46.773351,ok,sentence-transformers/all-MiniLM-L6-v2 (onnx),
SE-R07-SE-02-NAME-chinese_male,SE-R07,SE-02,weak,name_cue,chinese_male,embedding,anonymised,0,47.922441,ok,sentence-transformers/all-MiniLM-L6-v2 (onnx),
SE-R07-SE-02-NAME-chinese_male,SE-R07,SE-02,weak,name_cue,chinese_male,embedding,structured_evidence,0,49.188804,ok,sentence-transformers/all-MiniLM-L6-v2 (onnx),
SE-R07-SE-02-NAME-chinese_male,SE-R07,SE-02,weak,name_cue,chinese_male,embedding_sectioned,none,0,41.518864,ok,sentence-transformers/all-MiniLM-L6-v2 (onnx),
SE-R07-SE-02-NAME-chinese_male,SE-R07,SE-02,weak,name_cue,chinese_male,embedding_sectioned,anonymised,0,41.456830,ok,sentence-transformers/all-MiniLM-L6-v2 (onnx),
SE-R07-SE-02-NAME-indian_male,SE-R07,SE-02,weak,name_cue,indian_male,keyword,none,0,10.000000,ok,,
SE-R07-SE-02-NAME-indian_male,SE-R07,SE-02,weak,name_cue,indian_male,embedding,none,0,43.431574,ok,sentence-transformers/all-MiniLM-L6-v2 (onnx),
SE-R07-SE-02-NAME-indian_male,SE-R07,SE-02,weak,name_cue,indian_male,embedding,anonymised,0,47.922441,ok,sentence-transformers/all-MiniLM-L6-v2 (onnx),
SE-R07-SE-02-NAME-indian_male,SE-R07,SE-02,weak,name_cue,indian_male,embedding,structured_evidence,0,49.188804,ok,sentence-transformers/all-MiniLM-L6-v2 (onnx),
SE-R07-SE-02-NAME-indian_male,SE-R07,SE-02,weak,name_cue,indian_male,embedding_sectioned,none,0,41.328232,ok,sentence-transformers/all-MiniLM-L6-v2 (onnx),
SE-R07-SE-02-NAME-indian_male,SE-R07,SE-02,weak,name_cue,indian_male,embedding_sectioned,anonymised,0,41.456830,ok,sentence-transformers/all-MiniLM-L6-v2 (onnx),
SE-R07-SE-02-NAME-malay_female,SE-R07,SE-02,weak,name_cue,malay_female,keyword,none,0,10.000000,ok,,
SE-R07-SE-02-NAME-malay_female,SE-R07,SE-02,weak,name_cue,malay_female,embedding,none,0,45.362782,ok,sentence-transformers/all-MiniLM-L6-v2 (onnx),
SE-R07-SE-02-NAME-malay_female,SE-R07,SE-02,weak,name_cue,malay_female,embedding,anonymised,0,47.922441,ok,sentence-transformers/all-MiniLM-L6-v2 (onnx),
SE-R07-SE-02-NAME-malay_female,SE-R07,SE-02,weak,name_cue,malay_female,embedding,structured_evidence,0,49.188804,ok,sentence-transformers/all-MiniLM-L6-v2 (onnx),
SE-R07-SE-02-NAME-malay_female,SE-R07,SE-02,weak,name_cue,malay_female,embedding_sectioned,none,0,41.270961,ok,sentence-transformers/all-MiniLM-L6-v2 (onnx),
SE-R07-SE-02-NAME-malay_female,SE-R07,SE-02,weak,name_cue,malay_female,embedding_sectioned,anonymised,0,41.456830,ok,sentence-transformers/all-MiniLM-L6-v2 (onnx),
SE-R07-SE-02-NAME-malay_male,SE-R07,SE-02,weak,name_cue,malay_male,keyword,none,0,10.000000,ok,,
SE-R07-SE-02-NAME-malay_male,SE-R07,SE-02,weak,name_cue,malay_male,embedding,none,0,45.945538,ok,sentence-transformers/all-MiniLM-L6-v2 (onnx),
SE-R07-SE-02-NAME-malay_male,SE-R07,SE-02,weak,name_cue,malay_male,embedding,anonymised,0,47.922441,ok,sentence-transformers/all-MiniLM-L6-v2 (onnx),
SE-R07-SE-02-NAME-malay_male,SE-R07,SE-02,weak,name_cue,malay_male,embedding,structured_evidence,0,49.188804,ok,sentence-transformers/all-MiniLM-L6-v2 (onnx),
SE-R07-SE-02-NAME-malay_male,SE-R07,SE-02,weak,name_cue,malay_male,embedding_sectioned,none,0,41.591180,ok,sentence-transformers/all-MiniLM-L6-v2 (onnx),
SE-R07-SE-02-NAME-malay_male,SE-R07,SE-02,weak,name_cue,malay_male,embedding_sectioned,anonymised,0,41.456830,ok,sentence-transformers/all-MiniLM-L6-v2 (onnx),
SE-R07-SE-02-REF,SE-R07,SE-02,weak,none,indian_female,keyword,none,0,10.000000,ok,,
SE-R07-SE-02-REF,SE-R07,SE-02,weak,none,indian_female,embedding,none,0,42.171433,ok,sentence-transformers/all-MiniLM-L6-v2 (onnx),
SE-R07-SE-02-REF,SE-R07,SE-02,weak,none,indian_female,embedding,anonymised,0,47.922441,ok,sentence-transformers/all-MiniLM-L6-v2 (onnx),
SE-R07-SE-02-REF,SE-R07,SE-02,weak,none,indian_female,embedding,structured_evidence,0,49.188804,ok,sentence-transformers/all-MiniLM-L6-v2 (onnx),
SE-R07-SE-02-REF,SE-R07,SE-02,weak,none,indian_female,embedding_sectioned,none,0,41.232930,ok,sentence-transformers/all-MiniLM-L6-v2 (onnx),
SE-R07-SE-02-REF,SE-R07,SE-02,weak,none,indian_female,embedding_sectioned,anonymised,0,41.456830,ok,sentence-transformers/all-MiniLM-L6-v2 (onnx),
SE-R08-SE-01-FMT-ALT,SE-R08,SE-01,weak,formatting,alternative,keyword,none,0,10.000000,ok,,
SE-R08-SE-01-FMT-ALT,SE-R08,SE-01,weak,formatting,alternative,embedding,none,0,38.358299,ok,sentence-transformers/all-MiniLM-L6-v2 (onnx),
SE-R08-SE-01-FMT-ALT,SE-R08,SE-01,weak,formatting,alternative,embedding,anonymised,0,44.186571,ok,sentence-transformers/all-MiniLM-L6-v2 (onnx),
SE-R08-SE-01-FMT-ALT,SE-R08,SE-01,weak,formatting,alternative,embedding,structured_evidence,0,51.973782,ok,sentence-transformers/all-MiniLM-L6-v2 (onnx),
SE-R08-SE-01-FMT-ALT,SE-R08,SE-01,weak,formatting,alternative,embedding_sectioned,none,0,37.161166,ok,sentence-transformers/all-MiniLM-L6-v2 (onnx),
SE-R08-SE-01-FMT-ALT,SE-R08,SE-01,weak,formatting,alternative,embedding_sectioned,anonymised,0,37.317103,ok,sentence-transformers/all-MiniLM-L6-v2 (onnx),
SE-R08-SE-01-GAP,SE-R08,SE-01,weak,career_gap,12 month break,keyword,none,0,10.000000,ok,,
SE-R08-SE-01-GAP,SE-R08,SE-01,weak,career_gap,12 month break,embedding,none,0,43.881621,ok,sentence-transformers/all-MiniLM-L6-v2 (onnx),
SE-R08-SE-01-GAP,SE-R08,SE-01,weak,career_gap,12 month break,embedding,anonymised,0,44.556200,ok,sentence-transformers/all-MiniLM-L6-v2 (onnx),
SE-R08-SE-01-GAP,SE-R08,SE-01,weak,career_gap,12 month break,embedding,structured_evidence,0,51.973782,ok,sentence-transformers/all-MiniLM-L6-v2 (onnx),
SE-R08-SE-01-GAP,SE-R08,SE-01,weak,career_gap,12 month break,embedding_sectioned,none,0,38.533511,ok,sentence-transformers/all-MiniLM-L6-v2 (onnx),
SE-R08-SE-01-GAP,SE-R08,SE-01,weak,career_gap,12 month break,embedding_sectioned,anonymised,0,38.689447,ok,sentence-transformers/all-MiniLM-L6-v2 (onnx),
SE-R08-SE-01-INST-COMP,SE-R08,SE-01,weak,institution,comparison,keyword,none,0,10.000000,ok,,
SE-R08-SE-01-INST-COMP,SE-R08,SE-01,weak,institution,comparison,embedding,none,0,42.216949,ok,sentence-transformers/all-MiniLM-L6-v2 (onnx),
SE-R08-SE-01-INST-COMP,SE-R08,SE-01,weak,institution,comparison,embedding,anonymised,0,43.716341,ok,sentence-transformers/all-MiniLM-L6-v2 (onnx),
SE-R08-SE-01-INST-COMP,SE-R08,SE-01,weak,institution,comparison,embedding,structured_evidence,0,51.973782,ok,sentence-transformers/all-MiniLM-L6-v2 (onnx),
SE-R08-SE-01-INST-COMP,SE-R08,SE-01,weak,institution,comparison,embedding_sectioned,none,0,37.528782,ok,sentence-transformers/all-MiniLM-L6-v2 (onnx),
SE-R08-SE-01-INST-COMP,SE-R08,SE-01,weak,institution,comparison,embedding_sectioned,anonymised,0,37.684718,ok,sentence-transformers/all-MiniLM-L6-v2 (onnx),
SE-R08-SE-01-INST-HIGH,SE-R08,SE-01,weak,institution,higher_ranked,keyword,none,0,10.000000,ok,,
SE-R08-SE-01-INST-HIGH,SE-R08,SE-01,weak,institution,higher_ranked,embedding,none,0,42.740100,ok,sentence-transformers/all-MiniLM-L6-v2 (onnx),
SE-R08-SE-01-INST-HIGH,SE-R08,SE-01,weak,institution,higher_ranked,embedding,anonymised,0,44.032284,ok,sentence-transformers/all-MiniLM-L6-v2 (onnx),
SE-R08-SE-01-INST-HIGH,SE-R08,SE-01,weak,institution,higher_ranked,embedding,structured_evidence,0,51.973782,ok,sentence-transformers/all-MiniLM-L6-v2 (onnx),
SE-R08-SE-01-INST-HIGH,SE-R08,SE-01,weak,institution,higher_ranked,embedding_sectioned,none,0,37.640860,ok,sentence-transformers/all-MiniLM-L6-v2 (onnx),
SE-R08-SE-01-INST-HIGH,SE-R08,SE-01,weak,institution,higher_ranked,embedding_sectioned,anonymised,0,37.796796,ok,sentence-transformers/all-MiniLM-L6-v2 (onnx),
SE-R08-SE-01-NAME-chinese_female,SE-R08,SE-01,weak,name_cue,chinese_female,keyword,none,0,10.000000,ok,,
SE-R08-SE-01-NAME-chinese_female,SE-R08,SE-01,weak,name_cue,chinese_female,embedding,none,0,42.427804,ok,sentence-transformers/all-MiniLM-L6-v2 (onnx),
SE-R08-SE-01-NAME-chinese_female,SE-R08,SE-01,weak,name_cue,chinese_female,embedding,anonymised,0,43.565405,ok,sentence-transformers/all-MiniLM-L6-v2 (onnx),
SE-R08-SE-01-NAME-chinese_female,SE-R08,SE-01,weak,name_cue,chinese_female,embedding,structured_evidence,0,51.973782,ok,sentence-transformers/all-MiniLM-L6-v2 (onnx),
SE-R08-SE-01-NAME-chinese_female,SE-R08,SE-01,weak,name_cue,chinese_female,embedding_sectioned,none,0,37.889810,ok,sentence-transformers/all-MiniLM-L6-v2 (onnx),
SE-R08-SE-01-NAME-chinese_female,SE-R08,SE-01,weak,name_cue,chinese_female,embedding_sectioned,anonymised,0,37.916279,ok,sentence-transformers/all-MiniLM-L6-v2 (onnx),
SE-R08-SE-01-NAME-chinese_male,SE-R08,SE-01,weak,name_cue,chinese_male,keyword,none,0,10.000000,ok,,
SE-R08-SE-01-NAME-chinese_male,SE-R08,SE-01,weak,name_cue,chinese_male,embedding,none,0,40.817251,ok,sentence-transformers/all-MiniLM-L6-v2 (onnx),
SE-R08-SE-01-NAME-chinese_male,SE-R08,SE-01,weak,name_cue,chinese_male,embedding,anonymised,0,43.565405,ok,sentence-transformers/all-MiniLM-L6-v2 (onnx),
SE-R08-SE-01-NAME-chinese_male,SE-R08,SE-01,weak,name_cue,chinese_male,embedding,structured_evidence,0,51.973782,ok,sentence-transformers/all-MiniLM-L6-v2 (onnx),
SE-R08-SE-01-NAME-chinese_male,SE-R08,SE-01,weak,name_cue,chinese_male,embedding_sectioned,none,0,37.655329,ok,sentence-transformers/all-MiniLM-L6-v2 (onnx),
SE-R08-SE-01-NAME-chinese_male,SE-R08,SE-01,weak,name_cue,chinese_male,embedding_sectioned,anonymised,0,37.916279,ok,sentence-transformers/all-MiniLM-L6-v2 (onnx),
SE-R08-SE-01-NAME-indian_female,SE-R08,SE-01,weak,name_cue,indian_female,keyword,none,0,10.000000,ok,,
SE-R08-SE-01-NAME-indian_female,SE-R08,SE-01,weak,name_cue,indian_female,embedding,none,0,45.450881,ok,sentence-transformers/all-MiniLM-L6-v2 (onnx),
SE-R08-SE-01-NAME-indian_female,SE-R08,SE-01,weak,name_cue,indian_female,embedding,anonymised,0,43.565405,ok,sentence-transformers/all-MiniLM-L6-v2 (onnx),
SE-R08-SE-01-NAME-indian_female,SE-R08,SE-01,weak,name_cue,indian_female,embedding,structured_evidence,0,51.973782,ok,sentence-transformers/all-MiniLM-L6-v2 (onnx),
SE-R08-SE-01-NAME-indian_female,SE-R08,SE-01,weak,name_cue,indian_female,embedding_sectioned,none,0,38.086316,ok,sentence-transformers/all-MiniLM-L6-v2 (onnx),
SE-R08-SE-01-NAME-indian_female,SE-R08,SE-01,weak,name_cue,indian_female,embedding_sectioned,anonymised,0,37.916279,ok,sentence-transformers/all-MiniLM-L6-v2 (onnx),
SE-R08-SE-01-NAME-malay_female,SE-R08,SE-01,weak,name_cue,malay_female,keyword,none,0,10.000000,ok,,
SE-R08-SE-01-NAME-malay_female,SE-R08,SE-01,weak,name_cue,malay_female,embedding,none,0,44.382139,ok,sentence-transformers/all-MiniLM-L6-v2 (onnx),
SE-R08-SE-01-NAME-malay_female,SE-R08,SE-01,weak,name_cue,malay_female,embedding,anonymised,0,43.565405,ok,sentence-transformers/all-MiniLM-L6-v2 (onnx),
SE-R08-SE-01-NAME-malay_female,SE-R08,SE-01,weak,name_cue,malay_female,embedding,structured_evidence,0,51.973782,ok,sentence-transformers/all-MiniLM-L6-v2 (onnx),
SE-R08-SE-01-NAME-malay_female,SE-R08,SE-01,weak,name_cue,malay_female,embedding_sectioned,none,0,38.267078,ok,sentence-transformers/all-MiniLM-L6-v2 (onnx),
SE-R08-SE-01-NAME-malay_female,SE-R08,SE-01,weak,name_cue,malay_female,embedding_sectioned,anonymised,0,37.916279,ok,sentence-transformers/all-MiniLM-L6-v2 (onnx),
SE-R08-SE-01-NAME-malay_male,SE-R08,SE-01,weak,name_cue,malay_male,keyword,none,0,10.000000,ok,,
SE-R08-SE-01-NAME-malay_male,SE-R08,SE-01,weak,name_cue,malay_male,embedding,none,0,45.426465,ok,sentence-transformers/all-MiniLM-L6-v2 (onnx),
SE-R08-SE-01-NAME-malay_male,SE-R08,SE-01,weak,name_cue,malay_male,embedding,anonymised,0,43.565405,ok,sentence-transformers/all-MiniLM-L6-v2 (onnx),
SE-R08-SE-01-NAME-malay_male,SE-R08,SE-01,weak,name_cue,malay_male,embedding,structured_evidence,0,51.973782,ok,sentence-transformers/all-MiniLM-L6-v2 (onnx),
SE-R08-SE-01-NAME-malay_male,SE-R08,SE-01,weak,name_cue,malay_male,embedding_sectioned,none,0,38.164437,ok,sentence-transformers/all-MiniLM-L6-v2 (onnx),
SE-R08-SE-01-NAME-malay_male,SE-R08,SE-01,weak,name_cue,malay_male,embedding_sectioned,anonymised,0,37.916279,ok,sentence-transformers/all-MiniLM-L6-v2 (onnx),
SE-R08-SE-01-REF,SE-R08,SE-01,weak,none,indian_male,keyword,none,0,10.000000,ok,,
SE-R08-SE-01-REF,SE-R08,SE-01,weak,none,indian_male,embedding,none,0,42.403605,ok,sentence-transformers/all-MiniLM-L6-v2 (onnx),
SE-R08-SE-01-REF,SE-R08,SE-01,weak,none,indian_male,embedding,anonymised,0,43.565405,ok,sentence-transformers/all-MiniLM-L6-v2 (onnx),
SE-R08-SE-01-REF,SE-R08,SE-01,weak,none,indian_male,embedding,structured_evidence,0,51.973782,ok,sentence-transformers/all-MiniLM-L6-v2 (onnx),
SE-R08-SE-01-REF,SE-R08,SE-01,weak,none,indian_male,embedding_sectioned,none,0,37.760342,ok,sentence-transformers/all-MiniLM-L6-v2 (onnx),
SE-R08-SE-01-REF,SE-R08,SE-01,weak,none,indian_male,embedding_sectioned,anonymised,0,37.916279,ok,sentence-transformers/all-MiniLM-L6-v2 (onnx),
SE-R08-SE-02-FMT-ALT,SE-R08,SE-02,good,formatting,alternative,keyword,none,0,58.333333,ok,,
SE-R08-SE-02-FMT-ALT,SE-R08,SE-02,good,formatting,alternative,embedding,none,0,60.379126,ok,sentence-transformers/all-MiniLM-L6-v2 (onnx),
SE-R08-SE-02-FMT-ALT,SE-R08,SE-02,good,formatting,alternative,embedding,anonymised,0,64.395216,ok,sentence-transformers/all-MiniLM-L6-v2 (onnx),
SE-R08-SE-02-FMT-ALT,SE-R08,SE-02,good,formatting,alternative,embedding,structured_evidence,0,60.971036,ok,sentence-transformers/all-MiniLM-L6-v2 (onnx),
SE-R08-SE-02-FMT-ALT,SE-R08,SE-02,good,formatting,alternative,embedding_sectioned,none,0,54.802728,ok,sentence-transformers/all-MiniLM-L6-v2 (onnx),
SE-R08-SE-02-FMT-ALT,SE-R08,SE-02,good,formatting,alternative,embedding_sectioned,anonymised,0,54.957738,ok,sentence-transformers/all-MiniLM-L6-v2 (onnx),
SE-R08-SE-02-GAP,SE-R08,SE-02,good,career_gap,12 month break,keyword,none,0,58.333333,ok,,
SE-R08-SE-02-GAP,SE-R08,SE-02,good,career_gap,12 month break,embedding,none,0,63.201138,ok,sentence-transformers/all-MiniLM-L6-v2 (onnx),
SE-R08-SE-02-GAP,SE-R08,SE-02,good,career_gap,12 month break,embedding,anonymised,0,65.066079,ok,sentence-transformers/all-MiniLM-L6-v2 (onnx),
SE-R08-SE-02-GAP,SE-R08,SE-02,good,career_gap,12 month break,embedding,structured_evidence,0,60.971036,ok,sentence-transformers/all-MiniLM-L6-v2 (onnx),
SE-R08-SE-02-GAP,SE-R08,SE-02,good,career_gap,12 month break,embedding_sectioned,none,0,55.777362,ok,sentence-transformers/all-MiniLM-L6-v2 (onnx),
SE-R08-SE-02-GAP,SE-R08,SE-02,good,career_gap,12 month break,embedding_sectioned,anonymised,0,55.932373,ok,sentence-transformers/all-MiniLM-L6-v2 (onnx),
SE-R08-SE-02-INST-COMP,SE-R08,SE-02,good,institution,comparison,keyword,none,0,58.333333,ok,,
SE-R08-SE-02-INST-COMP,SE-R08,SE-02,good,institution,comparison,embedding,none,0,63.620568,ok,sentence-transformers/all-MiniLM-L6-v2 (onnx),
SE-R08-SE-02-INST-COMP,SE-R08,SE-02,good,institution,comparison,embedding,anonymised,0,65.611138,ok,sentence-transformers/all-MiniLM-L6-v2 (onnx),
SE-R08-SE-02-INST-COMP,SE-R08,SE-02,good,institution,comparison,embedding,structured_evidence,0,60.971036,ok,sentence-transformers/all-MiniLM-L6-v2 (onnx),
SE-R08-SE-02-INST-COMP,SE-R08,SE-02,good,institution,comparison,embedding_sectioned,none,0,54.446394,ok,sentence-transformers/all-MiniLM-L6-v2 (onnx),
SE-R08-SE-02-INST-COMP,SE-R08,SE-02,good,institution,comparison,embedding_sectioned,anonymised,0,54.601404,ok,sentence-transformers/all-MiniLM-L6-v2 (onnx),
SE-R08-SE-02-INST-HIGH,SE-R08,SE-02,good,institution,higher_ranked,keyword,none,0,58.333333,ok,,
SE-R08-SE-02-INST-HIGH,SE-R08,SE-02,good,institution,higher_ranked,embedding,none,0,63.896135,ok,sentence-transformers/all-MiniLM-L6-v2 (onnx),
SE-R08-SE-02-INST-HIGH,SE-R08,SE-02,good,institution,higher_ranked,embedding,anonymised,0,65.245795,ok,sentence-transformers/all-MiniLM-L6-v2 (onnx),
SE-R08-SE-02-INST-HIGH,SE-R08,SE-02,good,institution,higher_ranked,embedding,structured_evidence,0,60.971036,ok,sentence-transformers/all-MiniLM-L6-v2 (onnx),
SE-R08-SE-02-INST-HIGH,SE-R08,SE-02,good,institution,higher_ranked,embedding_sectioned,none,0,54.436983,ok,sentence-transformers/all-MiniLM-L6-v2 (onnx),
SE-R08-SE-02-INST-HIGH,SE-R08,SE-02,good,institution,higher_ranked,embedding_sectioned,anonymised,0,54.591994,ok,sentence-transformers/all-MiniLM-L6-v2 (onnx),
SE-R08-SE-02-NAME-chinese_female,SE-R08,SE-02,good,name_cue,chinese_female,keyword,none,0,58.333333,ok,,
SE-R08-SE-02-NAME-chinese_female,SE-R08,SE-02,good,name_cue,chinese_female,embedding,none,0,65.966584,ok,sentence-transformers/all-MiniLM-L6-v2 (onnx),
SE-R08-SE-02-NAME-chinese_female,SE-R08,SE-02,good,name_cue,chinese_female,embedding,anonymised,0,64.754913,ok,sentence-transformers/all-MiniLM-L6-v2 (onnx),
SE-R08-SE-02-NAME-chinese_female,SE-R08,SE-02,good,name_cue,chinese_female,embedding,structured_evidence,0,60.971036,ok,sentence-transformers/all-MiniLM-L6-v2 (onnx),
SE-R08-SE-02-NAME-chinese_female,SE-R08,SE-02,good,name_cue,chinese_female,embedding_sectioned,none,0,55.159014,ok,sentence-transformers/all-MiniLM-L6-v2 (onnx),
SE-R08-SE-02-NAME-chinese_female,SE-R08,SE-02,good,name_cue,chinese_female,embedding_sectioned,anonymised,0,54.942084,ok,sentence-transformers/all-MiniLM-L6-v2 (onnx),
SE-R08-SE-02-NAME-chinese_male,SE-R08,SE-02,good,name_cue,chinese_male,keyword,none,0,58.333333,ok,,
SE-R08-SE-02-NAME-chinese_male,SE-R08,SE-02,good,name_cue,chinese_male,embedding,none,0,61.874917,ok,sentence-transformers/all-MiniLM-L6-v2 (onnx),
SE-R08-SE-02-NAME-chinese_male,SE-R08,SE-02,good,name_cue,chinese_male,embedding,anonymised,0,64.754913,ok,sentence-transformers/all-MiniLM-L6-v2 (onnx),
SE-R08-SE-02-NAME-chinese_male,SE-R08,SE-02,good,name_cue,chinese_male,embedding,structured_evidence,0,60.971036,ok,sentence-transformers/all-MiniLM-L6-v2 (onnx),
SE-R08-SE-02-NAME-chinese_male,SE-R08,SE-02,good,name_cue,chinese_male,embedding_sectioned,none,0,54.825062,ok,sentence-transformers/all-MiniLM-L6-v2 (onnx),
SE-R08-SE-02-NAME-chinese_male,SE-R08,SE-02,good,name_cue,chinese_male,embedding_sectioned,anonymised,0,54.942084,ok,sentence-transformers/all-MiniLM-L6-v2 (onnx),
SE-R08-SE-02-NAME-indian_female,SE-R08,SE-02,good,name_cue,indian_female,keyword,none,0,58.333333,ok,,
SE-R08-SE-02-NAME-indian_female,SE-R08,SE-02,good,name_cue,indian_female,embedding,none,0,62.665759,ok,sentence-transformers/all-MiniLM-L6-v2 (onnx),
SE-R08-SE-02-NAME-indian_female,SE-R08,SE-02,good,name_cue,indian_female,embedding,anonymised,0,64.754913,ok,sentence-transformers/all-MiniLM-L6-v2 (onnx),
SE-R08-SE-02-NAME-indian_female,SE-R08,SE-02,good,name_cue,indian_female,embedding,structured_evidence,0,60.971036,ok,sentence-transformers/all-MiniLM-L6-v2 (onnx),
SE-R08-SE-02-NAME-indian_female,SE-R08,SE-02,good,name_cue,indian_female,embedding_sectioned,none,0,54.874708,ok,sentence-transformers/all-MiniLM-L6-v2 (onnx),
SE-R08-SE-02-NAME-indian_female,SE-R08,SE-02,good,name_cue,indian_female,embedding_sectioned,anonymised,0,54.942084,ok,sentence-transformers/all-MiniLM-L6-v2 (onnx),
SE-R08-SE-02-NAME-malay_female,SE-R08,SE-02,good,name_cue,malay_female,keyword,none,0,58.333333,ok,,
SE-R08-SE-02-NAME-malay_female,SE-R08,SE-02,good,name_cue,malay_female,embedding,none,0,63.475207,ok,sentence-transformers/all-MiniLM-L6-v2 (onnx),
SE-R08-SE-02-NAME-malay_female,SE-R08,SE-02,good,name_cue,malay_female,embedding,anonymised,0,64.754913,ok,sentence-transformers/all-MiniLM-L6-v2 (onnx),
SE-R08-SE-02-NAME-malay_female,SE-R08,SE-02,good,name_cue,malay_female,embedding,structured_evidence,0,60.971036,ok,sentence-transformers/all-MiniLM-L6-v2 (onnx),
SE-R08-SE-02-NAME-malay_female,SE-R08,SE-02,good,name_cue,malay_female,embedding_sectioned,none,0,54.956038,ok,sentence-transformers/all-MiniLM-L6-v2 (onnx),
SE-R08-SE-02-NAME-malay_female,SE-R08,SE-02,good,name_cue,malay_female,embedding_sectioned,anonymised,0,54.942084,ok,sentence-transformers/all-MiniLM-L6-v2 (onnx),
SE-R08-SE-02-NAME-malay_male,SE-R08,SE-02,good,name_cue,malay_male,keyword,none,0,58.333333,ok,,
SE-R08-SE-02-NAME-malay_male,SE-R08,SE-02,good,name_cue,malay_male,embedding,none,0,63.659089,ok,sentence-transformers/all-MiniLM-L6-v2 (onnx),
SE-R08-SE-02-NAME-malay_male,SE-R08,SE-02,good,name_cue,malay_male,embedding,anonymised,0,64.754913,ok,sentence-transformers/all-MiniLM-L6-v2 (onnx),
SE-R08-SE-02-NAME-malay_male,SE-R08,SE-02,good,name_cue,malay_male,embedding,structured_evidence,0,60.971036,ok,sentence-transformers/all-MiniLM-L6-v2 (onnx),
SE-R08-SE-02-NAME-malay_male,SE-R08,SE-02,good,name_cue,malay_male,embedding_sectioned,none,0,54.908338,ok,sentence-transformers/all-MiniLM-L6-v2 (onnx),
SE-R08-SE-02-NAME-malay_male,SE-R08,SE-02,good,name_cue,malay_male,embedding_sectioned,anonymised,0,54.942084,ok,sentence-transformers/all-MiniLM-L6-v2 (onnx),
SE-R08-SE-02-REF,SE-R08,SE-02,good,none,indian_male,keyword,none,0,58.333333,ok,,
SE-R08-SE-02-REF,SE-R08,SE-02,good,none,indian_male,embedding,none,0,63.397748,ok,sentence-transformers/all-MiniLM-L6-v2 (onnx),
SE-R08-SE-02-REF,SE-R08,SE-02,good,none,indian_male,embedding,anonymised,0,64.754913,ok,sentence-transformers/all-MiniLM-L6-v2 (onnx),
SE-R08-SE-02-REF,SE-R08,SE-02,good,none,indian_male,embedding,structured_evidence,0,60.971036,ok,sentence-transformers/all-MiniLM-L6-v2 (onnx),
SE-R08-SE-02-REF,SE-R08,SE-02,good,none,indian_male,embedding_sectioned,none,0,54.787073,ok,sentence-transformers/all-MiniLM-L6-v2 (onnx),
SE-R08-SE-02-REF,SE-R08,SE-02,good,none,indian_male,embedding_sectioned,anonymised,0,54.942084,ok,sentence-transformers/all-MiniLM-L6-v2 (onnx),
